review_id,viewer_id,movie_id,rating,review_text,review_date,helpful_votes,sentiment
1,438,28,8.2,Emotional and thought-provoking.,2024-11-20,91,positive
2,20,33,3.8,"Too predictable, fell asleep halfway.",2023-03-25,12,negative
3,431,33,5.7,Decent but forgettable.,2023-05-20,98,neutral
4,782,17,9.6,Emotional and thought-provoking.,2024-12-27,66,positive
5,66,12,5.0,"Some good moments, some slow parts.",2023-07-20,145,neutral
6,447,34,9.5,Best film this year.,2024-08-20,197,positive
7,398,4,9.6,Couldn't stop watching.,2024-11-06,175,positive
8,160,1,6.0,Worth a watch on a lazy evening.,2024-10-09,55,neutral
9,544,36,7.6,Emotional and thought-provoking.,2024-08-18,161,positive
10,657,10,8.7,Couldn't stop watching.,2024-08-29,147,positive
11,827,15,9.6,Couldn't stop watching.,2024-07-01,122,positive
12,897,39,8.2,Absolutely loved it!,2023-04-10,134,positive
13,979,5,5.7,Worth a watch on a lazy evening.,2025-02-01,2,neutral
14,106,33,8.6,Emotional and thought-provoking.,2024-03-26,175,positive
15,863,21,5.3,Decent but forgettable.,2023-11-10,152,neutral
16,802,6,9.1,Couldn't stop watching.,2023-08-19,43,positive
17,523,7,4.9,"Too predictable, fell asleep halfway.",2024-03-22,86,negative
18,813,48,9.8,Incredible performances all around.,2023-03-21,52,positive
19,86,40,5.9,"Some good moments, some slow parts.",2024-08-06,62,neutral
20,119,16,9.1,A masterpiece of modern cinema.,2025-01-31,125,positive
21,693,28,6.6,"Some good moments, some slow parts.",2023-12-17,157,neutral
22,253,32,8.1,Absolutely loved it!,2024-06-15,32,positive
23,329,28,5.8,"Some good moments, some slow parts.",2023-04-23,98,neutral
24,220,39,7.5,Absolutely loved it!,2025-02-24,84,positive
25,258,35,2.7,Comedy that wasn't funny at all.,2023-04-06,188,negative
26,968,13,7.7,Best film this year.,2023-01-25,48,positive
27,207,19,9.1,Best film this year.,2024-08-29,106,positive
28,866,41,2.8,"Too predictable, fell asleep halfway.",2023-11-05,165,negative
29,763,19,7.9,Emotional and thought-provoking.,2023-09-17,137,positive
30,146,8,6.8,Worth a watch on a lazy evening.,2023-08-11,157,neutral
31,572,43,9.3,Best film this year.,2023-11-30,130,positive
32,557,32,2.1,Disappointing compared to the trailer.,2025-03-08,89,negative
33,60,14,5.7,Decent but forgettable.,2023-11-14,195,neutral
34,682,25,8.6,Emotional and thought-provoking.,2024-03-01,82,positive
35,710,27,6.8,Decent but forgettable.,2024-07-12,125,neutral
36,809,18,9.7,Absolutely loved it!,2023-08-22,78,positive
37,89,11,7.7,A masterpiece of modern cinema.,2024-06-15,178,positive
38,945,41,9.6,Absolutely loved it!,2023-01-27,108,positive
39,378,30,5.3,Worth a watch on a lazy evening.,2024-03-07,97,neutral
40,376,27,4.8,Disappointing compared to the trailer.,2024-03-07,127,negative
41,647,4,4.6,Weak plot and flat characters.,2023-08-08,96,negative
42,452,44,7.8,A masterpiece of modern cinema.,2023-04-08,8,positive
43,884,48,3.7,Not worth the subscription fee.,2023-07-27,149,negative
44,481,8,4.0,Comedy that wasn't funny at all.,2023-07-10,180,negative
45,57,1,9.8,Best film this year.,2023-02-06,159,positive
46,754,16,9.3,Incredible performances all around.,2024-05-03,188,positive
47,701,8,2.9,Overhyped and underdelivered.,2025-01-17,34,negative
48,836,4,9.0,Stunning visuals and gripping story.,2024-02-11,101,positive
49,289,28,5.2,"Some good moments, some slow parts.",2024-05-01,130,neutral
50,810,33,9.7,Couldn't stop watching.,2024-04-23,134,positive
51,563,33,2.4,Comedy that wasn't funny at all.,2024-10-02,180,negative
52,743,32,6.8,Worth a watch on a lazy evening.,2024-12-18,148,neutral
53,489,6,9.6,Absolutely loved it!,2024-04-14,154,positive
54,863,19,8.9,Couldn't stop watching.,2023-02-25,96,positive
55,604,46,1.7,Weak plot and flat characters.,2024-10-15,183,negative
56,585,23,8.6,Emotional and thought-provoking.,2025-01-10,199,positive
57,754,14,4.0,Overhyped and underdelivered.,2024-06-13,101,negative
58,402,34,3.2,Overhyped and underdelivered.,2024-09-12,146,negative
59,538,20,7.1,Incredible performances all around.,2024-01-30,84,positive
60,62,42,7.1,Best film this year.,2023-05-24,66,positive
61,97,7,7.5,Emotional and thought-provoking.,2024-03-29,104,positive
62,383,7,1.9,Not worth the subscription fee.,2023-07-02,144,negative
63,290,39,5.9,Decent but forgettable.,2024-12-30,161,neutral
64,772,37,9.1,Absolutely loved it!,2024-07-06,69,positive
65,806,41,5.3,Worth a watch on a lazy evening.,2023-02-25,77,neutral
66,792,21,9.9,Couldn't stop watching.,2024-03-30,101,positive
67,72,10,6.1,Worth a watch on a lazy evening.,2024-05-17,96,neutral
68,156,8,4.8,Weak plot and flat characters.,2023-12-10,76,negative
69,647,21,7.2,Best film this year.,2025-01-08,58,positive
70,872,8,7.6,Emotional and thought-provoking.,2024-06-08,160,positive
71,196,44,3.2,Overhyped and underdelivered.,2024-08-13,150,negative
72,731,24,9.8,Incredible performances all around.,2023-02-21,8,positive
73,533,22,7.1,Absolutely loved it!,2025-03-08,7,positive
74,889,12,9.9,Stunning visuals and gripping story.,2023-02-02,55,positive
75,415,46,9.7,A masterpiece of modern cinema.,2024-05-17,185,positive
76,255,14,7.9,Emotional and thought-provoking.,2023-06-02,79,positive
77,65,19,2.8,Comedy that wasn't funny at all.,2024-08-09,123,negative
78,893,26,7.2,Stunning visuals and gripping story.,2025-03-13,120,positive
79,621,43,6.5,"Some good moments, some slow parts.",2025-01-15,36,neutral
80,985,42,5.2,"It was okay, nothing special.",2024-05-21,34,neutral
81,508,18,7.4,Emotional and thought-provoking.,2023-12-15,22,positive
82,925,31,7.0,Worth a watch on a lazy evening.,2024-12-01,145,neutral
83,432,16,7.4,Emotional and thought-provoking.,2023-03-03,169,positive
84,888,47,3.3,Disappointing compared to the trailer.,2024-09-29,107,negative
85,716,42,2.3,Comedy that wasn't funny at all.,2024-02-10,100,negative
86,176,31,8.1,Absolutely loved it!,2024-03-10,81,positive
87,949,45,9.1,A masterpiece of modern cinema.,2024-06-03,111,positive
88,167,14,8.1,A masterpiece of modern cinema.,2024-04-04,118,positive
89,99,44,2.9,Weak plot and flat characters.,2023-03-09,147,negative
90,605,37,4.4,Overhyped and underdelivered.,2024-09-11,22,negative
91,505,25,6.0,Worth a watch on a lazy evening.,2024-10-14,2,neutral
92,2,9,8.3,A masterpiece of modern cinema.,2024-03-10,198,positive
93,165,48,8.0,Stunning visuals and gripping story.,2024-06-01,74,positive
94,972,13,9.9,Incredible performances all around.,2024-09-12,139,positive
95,509,33,5.1,"Some good moments, some slow parts.",2024-03-09,87,neutral
96,854,37,8.8,Emotional and thought-provoking.,2025-02-20,138,positive
97,425,35,6.6,"Some good moments, some slow parts.",2024-09-07,166,neutral
98,524,32,6.2,Decent but forgettable.,2024-12-16,45,neutral
99,8,14,5.3,Worth a watch on a lazy evening.,2024-07-20,103,neutral
100,514,31,9.1,Stunning visuals and gripping story.,2024-01-11,95,positive
101,994,48,6.1,"Some good moments, some slow parts.",2023-12-02,123,neutral
102,723,45,4.5,Weak plot and flat characters.,2023-01-05,148,negative
103,147,17,5.8,Decent but forgettable.,2023-01-19,129,neutral
104,115,15,7.5,Stunning visuals and gripping story.,2024-01-15,4,positive
105,265,5,8.3,Best film this year.,2025-02-09,61,positive
106,709,24,5.0,"Some good moments, some slow parts.",2023-11-19,94,neutral
107,991,48,5.9,"It was okay, nothing special.",2023-10-21,197,neutral
108,584,10,5.8,Decent but forgettable.,2023-05-29,168,neutral
109,260,32,7.0,Couldn't stop watching.,2023-06-05,174,positive
110,990,33,9.9,Absolutely loved it!,2023-02-20,36,positive
111,262,21,9.5,Couldn't stop watching.,2024-11-24,194,positive
112,439,18,8.4,Couldn't stop watching.,2023-09-03,153,positive
113,618,25,6.2,Decent but forgettable.,2025-02-12,156,neutral
114,785,13,7.6,Incredible performances all around.,2024-06-23,114,positive
115,839,28,7.6,Emotional and thought-provoking.,2025-03-26,102,positive
116,535,38,5.3,"It was okay, nothing special.",2024-04-03,53,neutral
117,571,47,8.6,Stunning visuals and gripping story.,2023-12-23,46,positive
118,761,10,7.1,A masterpiece of modern cinema.,2025-04-27,162,positive
119,618,46,5.5,Worth a watch on a lazy evening.,2023-08-27,187,neutral
120,647,24,8.7,Couldn't stop watching.,2023-01-26,96,positive
121,965,34,9.7,Stunning visuals and gripping story.,2023-02-01,170,positive
122,202,14,1.7,Comedy that wasn't funny at all.,2025-01-12,89,negative
123,59,35,5.3,Decent but forgettable.,2024-02-23,169,neutral
124,647,28,7.3,Absolutely loved it!,2024-04-05,103,positive
125,451,30,5.9,Worth a watch on a lazy evening.,2024-03-29,171,neutral
126,730,15,6.0,"It was okay, nothing special.",2024-09-15,11,neutral
127,368,42,7.8,Stunning visuals and gripping story.,2024-05-28,146,positive
128,917,37,7.1,Incredible performances all around.,2024-12-09,124,positive
129,288,3,5.3,"Some good moments, some slow parts.",2023-05-24,99,neutral
130,121,4,5.5,"Some good moments, some slow parts.",2024-07-23,177,neutral
131,484,32,8.1,Couldn't stop watching.,2024-07-03,70,positive
132,799,39,8.6,Stunning visuals and gripping story.,2025-02-11,100,positive
133,84,14,7.9,Stunning visuals and gripping story.,2023-09-01,93,positive
134,996,31,8.4,A masterpiece of modern cinema.,2023-07-28,153,positive
135,564,23,7.4,Stunning visuals and gripping story.,2024-11-07,179,positive
136,536,21,8.4,Couldn't stop watching.,2024-11-24,180,positive
137,307,15,9.1,Best film this year.,2024-06-21,198,positive
138,895,1,8.9,Couldn't stop watching.,2024-06-07,109,positive
139,445,44,3.3,Overhyped and underdelivered.,2023-10-02,165,negative
140,817,21,6.9,"It was okay, nothing special.",2023-10-01,157,neutral
141,30,20,5.9,Decent but forgettable.,2023-12-20,184,neutral
142,622,32,7.7,Best film this year.,2025-03-24,82,positive
143,241,25,6.2,Worth a watch on a lazy evening.,2023-04-13,183,neutral
144,63,32,9.8,Couldn't stop watching.,2024-10-13,113,positive
145,468,10,7.4,Stunning visuals and gripping story.,2023-11-11,96,positive
146,748,44,10.0,Incredible performances all around.,2023-08-31,8,positive
147,11,10,7.4,A masterpiece of modern cinema.,2024-01-08,189,positive
148,62,31,6.6,Worth a watch on a lazy evening.,2025-02-21,177,neutral
149,448,45,9.6,Emotional and thought-provoking.,2023-02-09,81,positive
150,111,17,9.6,Stunning visuals and gripping story.,2024-10-26,152,positive
151,694,1,8.3,A masterpiece of modern cinema.,2023-03-14,39,positive
152,780,3,9.6,Absolutely loved it!,2023-01-26,103,positive
153,627,40,6.9,"Some good moments, some slow parts.",2024-06-26,88,neutral
154,951,37,8.8,Emotional and thought-provoking.,2023-06-10,36,positive
155,888,17,8.1,Stunning visuals and gripping story.,2023-12-13,46,positive
156,218,12,7.9,Couldn't stop watching.,2024-09-21,79,positive
157,287,6,9.4,Couldn't stop watching.,2024-08-11,95,positive
158,672,6,2.6,Comedy that wasn't funny at all.,2023-07-23,53,negative
159,961,4,7.2,Stunning visuals and gripping story.,2024-08-20,83,positive
160,602,3,8.0,Emotional and thought-provoking.,2024-11-20,195,positive
161,446,39,5.1,Worth a watch on a lazy evening.,2025-04-21,53,neutral
162,422,8,1.3,Weak plot and flat characters.,2024-06-15,124,negative
163,299,3,6.0,"It was okay, nothing special.",2023-03-07,116,neutral
164,848,13,3.7,Comedy that wasn't funny at all.,2025-03-24,153,negative
165,235,34,7.8,Incredible performances all around.,2024-07-12,112,positive
166,911,34,9.3,Couldn't stop watching.,2024-02-11,34,positive
167,518,37,1.9,Overhyped and underdelivered.,2023-07-11,141,negative
168,294,4,7.2,Best film this year.,2023-02-18,82,positive
169,393,4,7.6,Absolutely loved it!,2024-08-07,24,positive
170,154,42,7.8,Emotional and thought-provoking.,2024-07-13,90,positive
171,763,34,8.0,Couldn't stop watching.,2024-07-18,17,positive
172,562,18,7.0,A masterpiece of modern cinema.,2023-09-05,139,positive
173,967,28,7.9,Absolutely loved it!,2024-09-29,197,positive
174,192,32,6.9,"Some good moments, some slow parts.",2023-09-17,130,neutral
175,469,20,5.1,Worth a watch on a lazy evening.,2024-01-25,39,neutral
176,231,2,4.7,Disappointing compared to the trailer.,2024-01-16,100,negative
177,7,38,5.6,Worth a watch on a lazy evening.,2023-04-21,92,neutral
178,11,7,9.7,A masterpiece of modern cinema.,2024-11-19,199,positive
179,744,15,1.2,"Too predictable, fell asleep halfway.",2024-10-05,95,negative
180,881,25,7.2,A masterpiece of modern cinema.,2024-01-04,7,positive
181,358,40,8.5,Best film this year.,2024-10-21,95,positive
182,713,30,8.5,Couldn't stop watching.,2023-08-06,121,positive
183,587,45,3.3,Comedy that wasn't funny at all.,2023-11-12,124,negative
184,273,15,9.6,A masterpiece of modern cinema.,2024-08-30,10,positive
185,722,13,7.5,Emotional and thought-provoking.,2025-03-20,196,positive
186,795,37,6.9,"It was okay, nothing special.",2024-08-29,31,neutral
187,28,9,9.7,Best film this year.,2024-05-24,18,positive
188,932,49,5.6,"Some good moments, some slow parts.",2024-11-22,166,neutral
189,234,11,7.2,Emotional and thought-provoking.,2024-08-17,12,positive
190,134,28,6.5,Decent but forgettable.,2023-08-29,124,neutral
191,461,13,4.7,Disappointing compared to the trailer.,2025-03-12,56,negative
192,972,16,9.7,Couldn't stop watching.,2023-09-07,25,positive
193,270,24,2.0,Comedy that wasn't funny at all.,2025-02-25,3,negative
194,213,20,6.6,Decent but forgettable.,2024-06-11,113,neutral
195,271,41,8.1,Best film this year.,2024-02-18,141,positive
196,403,27,1.1,Overhyped and underdelivered.,2023-12-08,141,negative
197,42,3,8.1,Couldn't stop watching.,2024-08-12,168,positive
198,359,45,6.1,"Some good moments, some slow parts.",2024-04-25,95,neutral
199,886,4,4.4,Not worth the subscription fee.,2023-08-15,175,negative
200,557,45,6.9,Worth a watch on a lazy evening.,2024-07-07,27,neutral
201,574,41,8.4,Couldn't stop watching.,2024-12-30,70,positive
202,635,47,4.2,Comedy that wasn't funny at all.,2024-06-16,29,negative
203,356,43,6.3,"It was okay, nothing special.",2023-10-30,69,neutral
204,438,27,8.8,Couldn't stop watching.,2023-12-16,64,positive
205,114,30,7.0,A masterpiece of modern cinema.,2024-02-21,93,positive
206,425,10,2.6,Comedy that wasn't funny at all.,2024-07-20,92,negative
207,298,21,5.5,Worth a watch on a lazy evening.,2023-08-14,127,neutral
208,954,32,8.1,Couldn't stop watching.,2023-12-27,158,positive
209,614,3,7.7,Best film this year.,2025-03-03,33,positive
210,239,36,8.3,Incredible performances all around.,2024-01-26,109,positive
211,996,18,7.9,Emotional and thought-provoking.,2023-04-21,134,positive
212,664,26,8.2,Incredible performances all around.,2024-07-15,132,positive
213,240,26,8.0,Absolutely loved it!,2024-11-06,95,positive
214,770,14,9.0,Absolutely loved it!,2024-10-07,51,positive
215,80,44,2.4,Disappointing compared to the trailer.,2025-04-14,27,negative
216,969,29,1.7,Comedy that wasn't funny at all.,2023-10-24,121,negative
217,193,20,9.9,Couldn't stop watching.,2025-03-18,49,positive
218,457,11,5.5,"It was okay, nothing special.",2024-05-09,195,neutral
219,390,5,6.9,Worth a watch on a lazy evening.,2024-07-24,41,neutral
220,903,11,8.6,Emotional and thought-provoking.,2024-06-19,69,positive
221,678,13,8.9,A masterpiece of modern cinema.,2023-11-18,178,positive
222,698,44,7.0,Stunning visuals and gripping story.,2023-11-11,114,positive
223,281,2,1.8,"Too predictable, fell asleep halfway.",2023-06-05,147,negative
224,644,27,8.5,Stunning visuals and gripping story.,2023-12-16,112,positive
225,497,38,9.5,Stunning visuals and gripping story.,2023-05-08,129,positive
226,920,16,5.5,"Some good moments, some slow parts.",2023-05-08,22,neutral
227,519,3,7.8,Best film this year.,2023-03-21,149,positive
228,920,43,7.3,Incredible performances all around.,2024-06-10,110,positive
229,243,20,5.0,Worth a watch on a lazy evening.,2025-03-02,22,neutral
230,687,29,9.5,Emotional and thought-provoking.,2024-01-25,64,positive
231,622,8,8.0,Incredible performances all around.,2024-05-19,176,positive
232,984,23,5.0,"Some good moments, some slow parts.",2024-01-26,156,neutral
233,98,18,9.0,Stunning visuals and gripping story.,2024-12-02,76,positive
234,79,23,1.9,"Too predictable, fell asleep halfway.",2024-03-11,132,negative
235,277,1,7.3,Best film this year.,2023-03-15,161,positive
236,504,33,8.9,Stunning visuals and gripping story.,2023-04-24,146,positive
237,384,31,6.3,"Some good moments, some slow parts.",2023-12-20,26,neutral
238,320,38,7.8,A masterpiece of modern cinema.,2024-12-08,166,positive
239,368,21,7.6,Stunning visuals and gripping story.,2023-08-06,98,positive
240,563,3,2.9,Comedy that wasn't funny at all.,2024-02-08,109,negative
241,744,5,3.1,Comedy that wasn't funny at all.,2023-09-21,61,negative
242,917,34,7.2,A masterpiece of modern cinema.,2024-07-07,79,positive
243,543,9,3.9,Weak plot and flat characters.,2024-10-29,5,negative
244,843,39,5.9,"It was okay, nothing special.",2025-03-17,79,neutral
245,741,25,8.0,Incredible performances all around.,2023-01-23,169,positive
246,8,25,5.5,"It was okay, nothing special.",2024-11-21,156,neutral
247,630,4,9.5,Stunning visuals and gripping story.,2023-08-25,54,positive
248,55,2,8.9,Stunning visuals and gripping story.,2023-09-02,182,positive
249,143,30,7.6,Stunning visuals and gripping story.,2023-08-16,109,positive
250,628,21,9.5,Incredible performances all around.,2024-10-26,98,positive
251,912,3,7.1,Stunning visuals and gripping story.,2023-08-28,91,positive
252,216,21,5.3,"Some good moments, some slow parts.",2023-09-24,150,neutral
253,211,4,4.3,Not worth the subscription fee.,2023-08-03,144,negative
254,480,13,4.4,Disappointing compared to the trailer.,2023-07-19,173,negative
255,675,23,6.2,"Some good moments, some slow parts.",2023-05-29,107,neutral
256,61,41,7.2,Absolutely loved it!,2024-09-16,143,positive
257,638,46,5.9,"It was okay, nothing special.",2024-12-18,80,neutral
258,92,17,5.5,Worth a watch on a lazy evening.,2023-10-25,23,neutral
259,811,5,6.7,Decent but forgettable.,2024-03-20,93,neutral
260,430,20,4.9,Weak plot and flat characters.,2024-12-15,92,negative
261,947,19,1.7,Disappointing compared to the trailer.,2023-02-13,105,negative
262,131,35,3.3,Weak plot and flat characters.,2023-06-21,48,negative
263,534,17,9.6,Couldn't stop watching.,2024-09-22,48,positive
264,551,42,9.8,Best film this year.,2024-01-12,143,positive
265,579,11,7.2,Stunning visuals and gripping story.,2023-10-13,124,positive
266,330,12,8.9,Stunning visuals and gripping story.,2023-12-30,101,positive
267,376,21,8.5,A masterpiece of modern cinema.,2025-04-09,131,positive
268,690,40,7.0,Decent but forgettable.,2024-07-02,48,neutral
269,439,32,8.0,Stunning visuals and gripping story.,2023-03-01,53,positive
270,83,48,7.5,Emotional and thought-provoking.,2023-03-15,62,positive
271,230,42,6.4,Worth a watch on a lazy evening.,2023-12-31,53,neutral
272,657,44,5.4,"Some good moments, some slow parts.",2023-10-22,188,neutral
273,524,14,5.7,"Some good moments, some slow parts.",2025-02-11,200,neutral
274,465,19,8.6,Emotional and thought-provoking.,2023-08-25,158,positive
275,436,34,3.2,Weak plot and flat characters.,2024-01-06,38,negative
276,381,19,8.9,Incredible performances all around.,2023-12-16,176,positive
277,255,49,9.9,Best film this year.,2023-03-06,125,positive
278,201,44,4.2,"Too predictable, fell asleep halfway.",2023-01-22,110,negative
279,976,35,3.6,Overhyped and underdelivered.,2025-01-22,38,negative
280,996,48,7.3,Best film this year.,2024-05-02,199,positive
281,329,27,1.1,Disappointing compared to the trailer.,2024-11-11,19,negative
282,40,14,5.3,"It was okay, nothing special.",2025-01-02,35,neutral
283,215,38,8.1,Incredible performances all around.,2023-04-09,106,positive
284,611,33,7.6,Couldn't stop watching.,2023-12-30,66,positive
285,102,17,4.7,"Too predictable, fell asleep halfway.",2025-04-18,59,negative
286,643,9,10.0,Incredible performances all around.,2023-04-27,75,positive
287,271,21,8.4,Best film this year.,2024-10-23,9,positive
288,274,21,8.9,Stunning visuals and gripping story.,2024-07-10,112,positive
289,506,36,7.1,A masterpiece of modern cinema.,2023-03-22,173,positive
290,128,41,8.8,Incredible performances all around.,2023-07-02,108,positive
291,550,20,9.7,Emotional and thought-provoking.,2024-12-03,100,positive
292,195,22,7.8,Couldn't stop watching.,2024-11-27,10,positive
293,213,13,4.3,Comedy that wasn't funny at all.,2024-12-23,48,negative
294,89,3,4.4,"Too predictable, fell asleep halfway.",2023-03-26,145,negative
295,466,16,9.1,Absolutely loved it!,2023-12-29,75,positive
296,349,22,9.9,Couldn't stop watching.,2025-01-17,120,positive
297,448,41,6.3,"It was okay, nothing special.",2023-07-06,55,neutral
298,338,28,10.0,Couldn't stop watching.,2023-08-27,3,positive
299,638,40,6.1,"It was okay, nothing special.",2024-09-06,185,neutral
300,383,1,8.7,Stunning visuals and gripping story.,2024-08-05,100,positive
301,584,37,5.4,"It was okay, nothing special.",2024-08-06,165,neutral
302,127,41,8.7,A masterpiece of modern cinema.,2024-11-29,117,positive
303,280,25,7.7,Emotional and thought-provoking.,2023-03-27,153,positive
304,713,43,7.4,Absolutely loved it!,2024-01-06,86,positive
305,116,32,5.7,Worth a watch on a lazy evening.,2023-08-11,115,neutral
306,216,22,7.5,Stunning visuals and gripping story.,2023-02-05,33,positive
307,517,38,5.8,Worth a watch on a lazy evening.,2024-05-28,110,neutral
308,829,35,6.1,"Some good moments, some slow parts.",2023-08-06,17,neutral
309,92,25,7.2,Emotional and thought-provoking.,2024-11-18,177,positive
310,415,23,4.0,Not worth the subscription fee.,2024-12-18,157,negative
311,260,30,8.8,Stunning visuals and gripping story.,2025-01-21,93,positive
312,701,19,5.2,"Some good moments, some slow parts.",2023-12-29,112,neutral
313,508,5,4.7,Overhyped and underdelivered.,2023-02-26,169,negative
314,792,10,8.7,Absolutely loved it!,2024-07-24,161,positive
315,559,38,6.1,Worth a watch on a lazy evening.,2024-09-14,48,neutral
316,340,34,7.8,Incredible performances all around.,2023-07-12,25,positive
317,269,37,8.0,Emotional and thought-provoking.,2023-04-14,43,positive
318,354,46,4.7,"Too predictable, fell asleep halfway.",2023-02-16,108,negative
319,143,42,1.0,Comedy that wasn't funny at all.,2024-06-08,27,negative
320,565,3,5.1,"It was okay, nothing special.",2023-11-21,31,neutral
321,818,20,2.2,Not worth the subscription fee.,2025-03-17,15,negative
322,572,23,7.2,Incredible performances all around.,2024-11-21,68,positive
323,491,41,7.5,Couldn't stop watching.,2024-12-05,102,positive
324,931,15,5.5,Decent but forgettable.,2023-06-25,105,neutral
325,311,29,9.1,Emotional and thought-provoking.,2023-08-13,179,positive
326,589,48,2.1,Weak plot and flat characters.,2024-09-06,185,negative
327,408,1,5.3,"It was okay, nothing special.",2024-07-03,21,neutral
328,465,19,5.6,"Some good moments, some slow parts.",2024-11-19,60,neutral
329,952,37,6.6,Worth a watch on a lazy evening.,2024-06-24,166,neutral
330,346,49,5.9,Worth a watch on a lazy evening.,2024-05-30,45,neutral
331,20,37,8.9,Absolutely loved it!,2023-06-19,39,positive
332,315,25,9.8,Incredible performances all around.,2025-03-09,196,positive
333,550,3,6.0,Decent but forgettable.,2023-01-09,155,neutral
334,781,30,7.0,Stunning visuals and gripping story.,2024-11-21,63,positive
335,367,7,6.4,"It was okay, nothing special.",2023-03-18,120,neutral
336,350,42,7.4,Absolutely loved it!,2023-05-19,171,positive
337,866,23,2.0,Comedy that wasn't funny at all.,2024-04-30,0,negative
338,545,25,9.7,Incredible performances all around.,2024-04-23,195,positive
339,491,23,7.5,Best film this year.,2023-07-23,119,positive
340,89,32,9.1,Best film this year.,2023-08-24,61,positive
341,233,2,9.8,Incredible performances all around.,2023-12-11,97,positive
342,590,27,9.3,Absolutely loved it!,2023-07-15,60,positive
343,72,7,8.8,Couldn't stop watching.,2023-08-21,156,positive
344,298,35,3.8,Weak plot and flat characters.,2023-05-25,105,negative
345,672,28,8.1,Incredible performances all around.,2023-01-19,151,positive
346,902,40,7.6,Emotional and thought-provoking.,2023-11-15,177,positive
347,583,8,8.1,Stunning visuals and gripping story.,2024-10-17,87,positive
348,201,46,6.0,Decent but forgettable.,2024-02-15,78,neutral
349,429,46,7.3,Best film this year.,2023-11-29,43,positive
350,189,33,5.3,Decent but forgettable.,2023-11-29,175,neutral
351,222,20,5.6,Decent but forgettable.,2025-04-23,183,neutral
352,610,29,6.1,"Some good moments, some slow parts.",2024-09-02,104,neutral
353,364,29,8.6,Emotional and thought-provoking.,2023-08-15,88,positive
354,181,8,3.0,Overhyped and underdelivered.,2024-02-01,75,negative
355,7,28,7.4,Emotional and thought-provoking.,2025-03-16,188,positive
356,657,5,7.1,Best film this year.,2023-09-25,117,positive
357,516,14,9.8,Best film this year.,2023-01-15,27,positive
358,410,13,8.9,Incredible performances all around.,2024-10-28,68,positive
359,585,8,9.6,Emotional and thought-provoking.,2023-12-21,32,positive
360,390,39,5.4,Worth a watch on a lazy evening.,2023-11-01,42,neutral
361,476,10,5.4,Worth a watch on a lazy evening.,2023-09-25,175,neutral
362,321,19,8.5,Couldn't stop watching.,2024-10-25,196,positive
363,493,40,2.9,Not worth the subscription fee.,2024-02-04,122,negative
364,645,12,8.5,Emotional and thought-provoking.,2023-07-19,1,positive
365,914,6,5.4,Decent but forgettable.,2024-05-14,157,neutral
366,794,36,6.9,Decent but forgettable.,2025-04-11,24,neutral
367,850,29,8.9,Stunning visuals and gripping story.,2024-11-13,123,positive
368,124,39,5.1,"Some good moments, some slow parts.",2024-09-30,24,neutral
369,878,35,5.6,Worth a watch on a lazy evening.,2023-12-30,108,neutral
370,974,8,4.0,Weak plot and flat characters.,2024-07-11,72,negative
371,598,21,1.6,Disappointing compared to the trailer.,2025-04-18,107,negative
372,528,12,6.9,Worth a watch on a lazy evening.,2024-08-02,80,neutral
373,728,26,9.3,A masterpiece of modern cinema.,2023-01-12,144,positive
374,936,25,9.0,Best film this year.,2024-09-21,43,positive
375,636,13,8.0,Stunning visuals and gripping story.,2024-06-24,153,positive
376,48,36,9.4,Absolutely loved it!,2024-03-09,145,positive
377,16,13,9.1,A masterpiece of modern cinema.,2023-08-16,73,positive
378,754,48,3.9,Overhyped and underdelivered.,2025-02-18,188,negative
379,73,6,7.4,Incredible performances all around.,2023-01-26,166,positive
380,143,15,3.5,Not worth the subscription fee.,2024-10-15,146,negative
381,853,22,6.6,Decent but forgettable.,2024-08-29,160,neutral
382,158,3,7.4,Absolutely loved it!,2025-03-19,52,positive
383,249,24,5.3,Decent but forgettable.,2024-08-13,138,neutral
384,633,44,7.3,Absolutely loved it!,2023-09-04,160,positive
385,783,40,9.3,Stunning visuals and gripping story.,2025-03-25,62,positive
386,555,43,7.5,Couldn't stop watching.,2024-04-24,99,positive
387,449,35,2.0,Disappointing compared to the trailer.,2024-10-12,141,negative
388,732,19,8.8,Stunning visuals and gripping story.,2025-04-09,194,positive
389,869,27,7.9,Emotional and thought-provoking.,2023-09-24,130,positive
390,386,22,7.6,Stunning visuals and gripping story.,2023-06-08,5,positive
391,392,34,9.0,A masterpiece of modern cinema.,2024-07-24,162,positive
392,306,37,5.2,Worth a watch on a lazy evening.,2023-05-25,12,neutral
393,178,38,7.2,Absolutely loved it!,2025-02-16,1,positive
394,531,18,8.9,Couldn't stop watching.,2023-05-03,74,positive
395,920,6,8.6,A masterpiece of modern cinema.,2023-03-19,179,positive
396,984,41,8.2,Incredible performances all around.,2023-01-22,160,positive
397,346,1,4.0,Not worth the subscription fee.,2024-08-08,86,negative
398,55,19,9.5,Incredible performances all around.,2024-03-27,24,positive
399,846,38,8.7,Emotional and thought-provoking.,2023-01-07,36,positive
400,724,34,9.9,Best film this year.,2025-02-19,28,positive
401,816,27,8.1,Incredible performances all around.,2024-12-01,104,positive
402,829,12,7.2,Emotional and thought-provoking.,2024-06-22,196,positive
403,339,8,3.6,"Too predictable, fell asleep halfway.",2023-08-27,33,negative
404,247,33,8.5,Emotional and thought-provoking.,2023-11-24,123,positive
405,730,43,7.1,Stunning visuals and gripping story.,2024-02-25,40,positive
406,180,27,2.3,Not worth the subscription fee.,2023-05-06,183,negative
407,335,9,9.6,Couldn't stop watching.,2023-08-04,134,positive
408,359,6,5.5,Worth a watch on a lazy evening.,2024-06-13,18,neutral
409,819,8,6.6,"Some good moments, some slow parts.",2025-01-01,111,neutral
410,421,33,8.4,A masterpiece of modern cinema.,2023-07-14,43,positive
411,702,40,9.7,A masterpiece of modern cinema.,2023-03-02,45,positive
412,853,39,6.9,"Some good moments, some slow parts.",2024-12-02,30,neutral
413,860,7,8.6,Absolutely loved it!,2025-04-26,13,positive
414,97,19,7.4,A masterpiece of modern cinema.,2025-02-02,94,positive
415,256,22,6.2,Worth a watch on a lazy evening.,2024-06-05,41,neutral
416,523,38,9.4,Absolutely loved it!,2024-07-04,29,positive
417,870,9,5.7,Decent but forgettable.,2025-04-11,20,neutral
418,409,32,5.8,Decent but forgettable.,2024-04-08,24,neutral
419,407,36,8.4,Emotional and thought-provoking.,2024-07-22,142,positive
420,282,30,9.1,Stunning visuals and gripping story.,2023-04-02,139,positive
421,79,40,9.9,Incredible performances all around.,2023-11-11,127,positive
422,686,29,5.7,"It was okay, nothing special.",2023-01-13,165,neutral
423,838,49,5.5,Decent but forgettable.,2023-01-02,160,neutral
424,569,2,8.6,Absolutely loved it!,2023-08-09,29,positive
425,722,6,6.7,Decent but forgettable.,2023-11-15,161,neutral
426,908,6,5.6,Decent but forgettable.,2023-01-22,70,neutral
427,779,19,8.7,Couldn't stop watching.,2024-10-03,150,positive
428,304,10,6.1,Decent but forgettable.,2023-11-04,148,neutral
429,955,49,7.1,Absolutely loved it!,2024-08-27,115,positive
430,430,34,6.2,Decent but forgettable.,2023-10-11,92,neutral
431,8,4,8.9,Absolutely loved it!,2024-11-13,22,positive
432,203,41,7.1,A masterpiece of modern cinema.,2024-02-03,99,positive
433,73,31,9.1,Absolutely loved it!,2024-02-02,175,positive
434,741,26,7.8,Stunning visuals and gripping story.,2023-11-15,176,positive
435,552,44,4.2,Disappointing compared to the trailer.,2024-09-05,133,negative
436,501,9,9.3,A masterpiece of modern cinema.,2023-03-14,131,positive
437,109,35,5.8,Decent but forgettable.,2023-08-20,199,neutral
438,288,17,1.2,Not worth the subscription fee.,2024-03-26,36,negative
439,872,20,5.9,"It was okay, nothing special.",2025-03-20,56,neutral
440,800,37,7.6,Stunning visuals and gripping story.,2023-06-06,6,positive
441,725,38,7.0,Emotional and thought-provoking.,2023-10-07,149,positive
442,694,19,2.9,Overhyped and underdelivered.,2023-06-11,49,negative
443,70,40,8.3,Emotional and thought-provoking.,2025-04-01,99,positive
444,434,34,2.0,"Too predictable, fell asleep halfway.",2023-05-18,25,negative
445,715,35,4.1,Comedy that wasn't funny at all.,2023-08-09,88,negative
446,526,17,6.8,"It was okay, nothing special.",2025-04-06,78,neutral
447,493,3,6.9,Worth a watch on a lazy evening.,2023-04-01,40,neutral
448,852,27,9.9,Stunning visuals and gripping story.,2024-12-10,71,positive
449,104,44,8.2,Stunning visuals and gripping story.,2024-04-13,24,positive
450,344,30,6.9,"It was okay, nothing special.",2025-04-21,30,neutral
451,144,3,1.1,Comedy that wasn't funny at all.,2024-12-06,168,negative
452,19,45,8.6,Couldn't stop watching.,2023-07-16,195,positive
453,377,37,8.9,A masterpiece of modern cinema.,2023-07-10,104,positive
454,187,24,5.7,"Some good moments, some slow parts.",2024-04-16,107,neutral
455,81,23,9.1,A masterpiece of modern cinema.,2023-09-01,48,positive
456,356,39,3.1,Not worth the subscription fee.,2024-07-02,12,negative
457,861,34,8.5,Emotional and thought-provoking.,2025-02-17,171,positive
458,708,41,9.9,A masterpiece of modern cinema.,2023-01-11,64,positive
459,210,18,1.6,Comedy that wasn't funny at all.,2024-11-12,126,negative
460,554,24,9.5,Absolutely loved it!,2024-12-08,176,positive
461,4,5,1.9,Comedy that wasn't funny at all.,2024-07-11,144,negative
462,847,14,7.0,Absolutely loved it!,2023-02-18,63,positive
463,502,27,7.9,Emotional and thought-provoking.,2024-11-03,145,positive
464,678,2,7.9,Best film this year.,2024-03-19,85,positive
465,754,1,8.1,Couldn't stop watching.,2024-05-15,9,positive
466,689,48,6.2,"Some good moments, some slow parts.",2024-09-17,14,neutral
467,147,44,3.9,Comedy that wasn't funny at all.,2023-01-08,69,negative
468,401,13,6.7,"It was okay, nothing special.",2024-06-12,195,neutral
469,198,34,7.8,A masterpiece of modern cinema.,2024-07-07,48,positive
470,390,9,9.7,Stunning visuals and gripping story.,2023-03-23,105,positive
471,718,13,5.9,Worth a watch on a lazy evening.,2023-03-10,116,neutral
472,940,46,5.4,Worth a watch on a lazy evening.,2025-01-03,174,neutral
473,585,46,9.0,Incredible performances all around.,2024-12-06,98,positive
474,638,7,7.8,Couldn't stop watching.,2024-10-09,157,positive
475,474,35,5.2,"Some good moments, some slow parts.",2023-04-09,176,neutral
476,142,17,7.5,Stunning visuals and gripping story.,2025-02-09,120,positive
477,37,24,8.6,Stunning visuals and gripping story.,2023-12-12,86,positive
478,42,21,7.8,A masterpiece of modern cinema.,2025-04-22,136,positive
479,83,35,4.2,Overhyped and underdelivered.,2025-01-08,137,negative
480,546,43,5.8,"Some good moments, some slow parts.",2023-01-26,25,neutral
481,232,37,8.7,Couldn't stop watching.,2024-04-17,15,positive
482,449,18,5.2,Decent but forgettable.,2023-01-23,25,neutral
483,247,18,6.6,"Some good moments, some slow parts.",2023-08-05,141,neutral
484,909,48,9.0,Absolutely loved it!,2023-11-15,4,positive
485,300,25,8.4,Stunning visuals and gripping story.,2024-12-04,186,positive
486,201,23,6.9,Decent but forgettable.,2023-08-09,105,neutral
487,680,11,7.7,Absolutely loved it!,2024-05-28,169,positive
488,585,1,8.0,Best film this year.,2023-11-14,101,positive
489,672,33,9.7,A masterpiece of modern cinema.,2023-07-02,16,positive
490,1000,48,1.2,Comedy that wasn't funny at all.,2023-11-26,75,negative
491,982,39,5.8,Worth a watch on a lazy evening.,2024-04-16,183,neutral
492,682,13,9.7,Couldn't stop watching.,2023-01-04,146,positive
493,636,5,3.9,Comedy that wasn't funny at all.,2024-10-18,162,negative
494,668,33,6.6,"Some good moments, some slow parts.",2024-02-11,114,neutral
495,430,5,6.2,"Some good moments, some slow parts.",2023-05-01,23,neutral
496,771,3,9.5,Stunning visuals and gripping story.,2025-01-16,41,positive
497,327,31,5.3,"It was okay, nothing special.",2025-01-13,160,neutral
498,610,3,7.1,Stunning visuals and gripping story.,2025-02-15,151,positive
499,998,45,7.1,A masterpiece of modern cinema.,2023-02-26,195,positive
500,263,20,8.0,A masterpiece of modern cinema.,2025-02-25,97,positive
501,697,16,9.7,Emotional and thought-provoking.,2024-04-04,40,positive
502,509,24,9.4,A masterpiece of modern cinema.,2023-07-11,5,positive
503,168,8,6.1,Decent but forgettable.,2025-04-22,143,neutral
504,218,37,5.6,Worth a watch on a lazy evening.,2023-01-30,30,neutral
505,763,15,6.4,"It was okay, nothing special.",2024-11-12,116,neutral
506,190,1,7.6,Emotional and thought-provoking.,2023-10-13,132,positive
507,623,13,1.6,Overhyped and underdelivered.,2024-04-21,123,negative
508,939,24,8.4,Best film this year.,2024-01-20,99,positive
509,887,35,9.5,Best film this year.,2023-04-30,195,positive
510,301,33,8.3,Couldn't stop watching.,2024-09-10,130,positive
511,996,36,6.8,Worth a watch on a lazy evening.,2024-01-03,121,neutral
512,890,41,2.7,Not worth the subscription fee.,2024-06-26,86,negative
513,693,48,8.1,A masterpiece of modern cinema.,2023-11-03,93,positive
514,90,45,7.8,Stunning visuals and gripping story.,2024-08-04,61,positive
515,272,25,7.4,Emotional and thought-provoking.,2024-09-23,171,positive
516,573,24,8.0,Incredible performances all around.,2024-11-14,133,positive
517,503,14,7.3,Stunning visuals and gripping story.,2024-05-07,135,positive
518,403,16,8.9,Best film this year.,2023-10-19,143,positive
519,924,31,5.9,Worth a watch on a lazy evening.,2024-02-22,199,neutral
520,202,38,9.2,Absolutely loved it!,2023-07-17,17,positive
521,537,35,6.6,Decent but forgettable.,2024-05-24,124,neutral
522,895,37,4.9,"Too predictable, fell asleep halfway.",2024-11-14,138,negative
523,518,34,5.9,"Some good moments, some slow parts.",2025-01-17,44,neutral
524,975,1,9.1,Emotional and thought-provoking.,2025-04-20,83,positive
525,482,35,2.6,Weak plot and flat characters.,2025-04-22,17,negative
526,415,14,8.2,Absolutely loved it!,2024-06-28,184,positive
527,415,21,5.7,"It was okay, nothing special.",2023-05-16,16,neutral
528,301,5,1.9,Comedy that wasn't funny at all.,2023-05-09,160,negative
529,631,33,6.0,"It was okay, nothing special.",2024-06-28,191,neutral
530,851,47,8.5,Best film this year.,2025-03-17,27,positive
531,943,41,9.5,A masterpiece of modern cinema.,2023-02-24,200,positive
532,808,7,9.4,Emotional and thought-provoking.,2023-12-25,145,positive
533,243,40,7.1,A masterpiece of modern cinema.,2024-12-05,85,positive
534,379,45,1.7,Not worth the subscription fee.,2023-03-21,188,negative
535,137,17,4.8,Not worth the subscription fee.,2023-12-09,39,negative
536,705,43,3.4,Overhyped and underdelivered.,2024-05-12,143,negative
537,464,13,1.5,Comedy that wasn't funny at all.,2023-09-02,35,negative
538,6,12,9.7,Emotional and thought-provoking.,2023-05-08,21,positive
539,220,42,7.2,Incredible performances all around.,2023-03-26,191,positive
540,285,39,5.1,"Some good moments, some slow parts.",2024-03-29,175,neutral
541,323,22,9.1,Incredible performances all around.,2023-10-25,175,positive
542,661,14,7.5,Couldn't stop watching.,2023-03-11,48,positive
543,131,43,5.1,Decent but forgettable.,2024-03-01,99,neutral
544,595,47,3.5,Weak plot and flat characters.,2024-01-02,150,negative
545,526,42,7.8,Couldn't stop watching.,2024-06-12,192,positive
546,510,14,9.9,Stunning visuals and gripping story.,2023-11-20,130,positive
547,280,49,7.4,Absolutely loved it!,2024-10-25,48,positive
548,478,4,5.5,"Some good moments, some slow parts.",2024-02-06,156,neutral
549,538,18,8.6,Couldn't stop watching.,2025-01-13,7,positive
550,617,4,9.8,Absolutely loved it!,2024-08-10,76,positive
551,479,34,7.2,Stunning visuals and gripping story.,2023-05-31,108,positive
552,298,26,5.7,Worth a watch on a lazy evening.,2023-07-01,68,neutral
553,275,49,9.7,Incredible performances all around.,2023-03-26,36,positive
554,746,34,6.6,"It was okay, nothing special.",2024-08-16,44,neutral
555,470,20,6.4,"It was okay, nothing special.",2024-08-26,132,neutral
556,95,44,7.4,Incredible performances all around.,2025-02-08,18,positive
557,350,42,7.4,Emotional and thought-provoking.,2024-06-03,90,positive
558,81,14,7.8,Best film this year.,2023-10-25,27,positive
559,733,25,5.3,Decent but forgettable.,2024-05-15,2,neutral
560,2,35,2.8,"Too predictable, fell asleep halfway.",2024-01-16,19,negative
561,630,4,5.4,Decent but forgettable.,2025-01-12,110,neutral
562,28,31,9.3,Stunning visuals and gripping story.,2024-06-05,191,positive
563,294,16,8.4,Best film this year.,2024-06-28,79,positive
564,433,18,1.9,Disappointing compared to the trailer.,2025-04-16,53,negative
565,144,14,3.2,Overhyped and underdelivered.,2025-04-07,90,negative
566,831,17,9.1,Stunning visuals and gripping story.,2023-08-30,14,positive
567,765,23,8.6,Absolutely loved it!,2024-09-27,108,positive
568,907,48,8.0,Couldn't stop watching.,2024-03-05,139,positive
569,153,9,7.3,Incredible performances all around.,2024-11-27,170,positive
570,901,6,9.9,Best film this year.,2024-05-28,128,positive
571,629,34,8.9,Emotional and thought-provoking.,2023-07-30,5,positive
572,489,35,7.3,A masterpiece of modern cinema.,2025-02-25,84,positive
573,479,2,5.9,"It was okay, nothing special.",2024-04-13,127,neutral
574,852,40,6.5,Decent but forgettable.,2023-11-04,64,neutral
575,920,46,2.2,"Too predictable, fell asleep halfway.",2023-11-30,167,negative
576,617,29,7.7,Absolutely loved it!,2024-01-18,193,positive
577,711,27,4.3,Weak plot and flat characters.,2023-04-30,172,negative
578,43,9,8.2,Best film this year.,2023-11-21,153,positive
579,743,28,3.3,Not worth the subscription fee.,2024-03-13,135,negative
580,294,24,9.1,A masterpiece of modern cinema.,2023-01-13,146,positive
581,15,13,3.2,Not worth the subscription fee.,2024-05-30,182,negative
582,488,9,9.0,Emotional and thought-provoking.,2025-04-02,121,positive
583,359,3,6.0,"It was okay, nothing special.",2024-09-12,39,neutral
584,399,20,9.2,Incredible performances all around.,2023-08-29,140,positive
585,800,29,6.9,"It was okay, nothing special.",2024-05-15,63,neutral
586,446,27,4.6,Overhyped and underdelivered.,2024-10-14,78,negative
587,583,32,8.9,A masterpiece of modern cinema.,2023-11-17,148,positive
588,728,40,9.2,Emotional and thought-provoking.,2023-04-30,144,positive
589,842,26,6.6,Decent but forgettable.,2025-02-02,169,neutral
590,729,16,7.4,Couldn't stop watching.,2023-12-08,6,positive
591,177,5,4.4,Comedy that wasn't funny at all.,2024-04-27,1,negative
592,703,3,1.2,Weak plot and flat characters.,2023-07-03,32,negative
593,57,23,9.2,Absolutely loved it!,2024-07-08,150,positive
594,241,37,5.8,"It was okay, nothing special.",2024-06-25,146,neutral
595,542,2,8.1,A masterpiece of modern cinema.,2024-04-02,29,positive
596,856,1,5.6,Decent but forgettable.,2023-09-27,119,neutral
597,845,23,3.5,Disappointing compared to the trailer.,2025-02-26,31,negative
598,927,32,7.1,Stunning visuals and gripping story.,2024-03-04,82,positive
599,60,48,8.6,Emotional and thought-provoking.,2024-05-29,93,positive
600,474,46,5.1,Worth a watch on a lazy evening.,2023-07-21,31,neutral
601,435,2,10.0,Absolutely loved it!,2023-06-07,176,positive
602,313,22,9.5,Incredible performances all around.,2023-05-10,189,positive
603,475,4,3.8,Not worth the subscription fee.,2023-06-08,70,negative
604,937,6,6.9,"Some good moments, some slow parts.",2025-03-07,196,neutral
605,651,48,9.7,Stunning visuals and gripping story.,2024-07-03,106,positive
606,388,30,8.9,Emotional and thought-provoking.,2025-01-19,182,positive
607,261,27,6.9,"Some good moments, some slow parts.",2023-06-19,182,neutral
608,518,20,7.0,A masterpiece of modern cinema.,2023-01-14,178,positive
609,113,14,6.9,"Some good moments, some slow parts.",2023-07-15,114,neutral
610,523,18,7.3,A masterpiece of modern cinema.,2024-05-01,61,positive
611,520,12,7.5,Best film this year.,2025-01-10,169,positive
612,702,35,1.9,"Too predictable, fell asleep halfway.",2025-03-10,197,negative
613,926,11,5.3,Decent but forgettable.,2025-01-07,60,neutral
614,276,22,8.0,Absolutely loved it!,2024-04-27,126,positive
615,415,24,10.0,A masterpiece of modern cinema.,2024-03-23,20,positive
616,44,45,5.1,"Some good moments, some slow parts.",2024-09-04,22,neutral
617,873,8,5.8,"Some good moments, some slow parts.",2024-05-26,155,neutral
618,771,16,6.3,Decent but forgettable.,2023-11-05,130,neutral
619,681,37,7.2,Stunning visuals and gripping story.,2024-08-25,164,positive
620,692,25,4.6,Disappointing compared to the trailer.,2023-11-24,179,negative
621,356,41,8.6,Emotional and thought-provoking.,2023-01-20,128,positive
622,493,24,8.0,Best film this year.,2023-04-11,176,positive
623,218,8,6.5,Decent but forgettable.,2023-07-17,125,neutral
624,56,43,5.6,"Some good moments, some slow parts.",2024-02-02,137,neutral
625,956,41,7.3,Incredible performances all around.,2024-10-08,138,positive
626,90,16,9.1,Emotional and thought-provoking.,2023-11-02,27,positive
627,563,20,7.7,Stunning visuals and gripping story.,2025-01-27,71,positive
628,331,30,8.4,A masterpiece of modern cinema.,2024-04-04,63,positive
629,235,32,5.1,Worth a watch on a lazy evening.,2024-01-06,49,neutral
630,412,3,9.4,A masterpiece of modern cinema.,2024-08-01,124,positive
631,85,12,7.7,Emotional and thought-provoking.,2023-02-08,136,positive
632,160,25,8.9,Stunning visuals and gripping story.,2023-11-18,107,positive
633,870,47,9.1,Emotional and thought-provoking.,2023-01-01,111,positive
634,712,2,8.5,Couldn't stop watching.,2025-04-20,99,positive
635,11,40,2.5,Disappointing compared to the trailer.,2023-03-28,188,negative
636,881,36,8.7,A masterpiece of modern cinema.,2023-03-31,180,positive
637,18,31,8.3,Incredible performances all around.,2024-01-05,143,positive
638,829,16,8.5,Incredible performances all around.,2023-07-22,176,positive
639,387,13,7.8,A masterpiece of modern cinema.,2023-05-18,128,positive
640,645,38,8.7,Couldn't stop watching.,2024-12-03,103,positive
641,123,43,8.9,Couldn't stop watching.,2024-03-18,55,positive
642,257,21,6.6,Worth a watch on a lazy evening.,2023-10-14,170,neutral
643,701,11,8.2,A masterpiece of modern cinema.,2025-02-25,145,positive
644,913,49,7.5,A masterpiece of modern cinema.,2023-12-18,135,positive
645,793,16,7.6,A masterpiece of modern cinema.,2023-12-25,136,positive
646,61,43,6.1,Worth a watch on a lazy evening.,2024-01-13,103,neutral
647,642,16,7.9,Absolutely loved it!,2025-01-06,10,positive
648,520,34,7.7,Couldn't stop watching.,2024-07-13,61,positive
649,944,6,4.3,Weak plot and flat characters.,2024-03-27,185,negative
650,168,29,6.6,Worth a watch on a lazy evening.,2024-06-02,200,neutral
651,215,19,8.7,Emotional and thought-provoking.,2024-10-03,48,positive
652,141,33,8.7,Stunning visuals and gripping story.,2024-11-09,121,positive
653,89,32,7.3,Absolutely loved it!,2023-08-20,72,positive
654,45,12,9.7,A masterpiece of modern cinema.,2023-08-13,111,positive
655,68,32,8.4,Best film this year.,2023-04-19,121,positive
656,642,40,7.8,Couldn't stop watching.,2023-01-06,4,positive
657,812,4,7.0,A masterpiece of modern cinema.,2023-04-03,58,positive
658,245,4,6.4,Decent but forgettable.,2025-01-08,30,neutral
659,283,36,7.8,Absolutely loved it!,2023-03-23,23,positive
660,745,16,6.5,Decent but forgettable.,2023-04-22,90,neutral
661,677,41,9.2,Absolutely loved it!,2024-08-17,38,positive
662,478,32,2.1,Weak plot and flat characters.,2024-10-22,114,negative
663,728,27,2.3,Disappointing compared to the trailer.,2024-06-14,187,negative
664,942,48,2.2,Comedy that wasn't funny at all.,2024-08-10,25,negative
665,383,45,6.5,Decent but forgettable.,2023-07-31,101,neutral
666,967,22,5.9,Worth a watch on a lazy evening.,2023-02-15,161,neutral
667,986,38,8.5,Emotional and thought-provoking.,2024-12-05,30,positive
668,618,12,6.2,"It was okay, nothing special.",2024-06-07,57,neutral
669,229,34,4.4,"Too predictable, fell asleep halfway.",2023-12-22,108,negative
670,125,37,8.9,A masterpiece of modern cinema.,2024-08-17,96,positive
671,557,5,8.2,Emotional and thought-provoking.,2024-09-23,148,positive
672,122,25,6.1,Decent but forgettable.,2025-01-16,183,neutral
673,469,29,6.4,Worth a watch on a lazy evening.,2024-12-13,200,neutral
674,386,23,9.7,Best film this year.,2024-07-05,187,positive
675,435,24,5.9,"Some good moments, some slow parts.",2024-09-06,118,neutral
676,503,28,9.1,A masterpiece of modern cinema.,2025-04-05,160,positive
677,520,2,8.4,Absolutely loved it!,2025-01-19,105,positive
678,538,9,9.2,A masterpiece of modern cinema.,2024-05-01,60,positive
679,858,15,7.8,A masterpiece of modern cinema.,2023-10-17,176,positive
680,96,43,5.9,Worth a watch on a lazy evening.,2025-04-15,86,neutral
681,460,4,8.9,Couldn't stop watching.,2024-01-12,66,positive
682,861,26,9.2,Best film this year.,2023-06-09,20,positive
683,997,30,4.8,Weak plot and flat characters.,2023-03-10,63,negative
684,224,1,8.5,Stunning visuals and gripping story.,2024-11-27,143,positive
685,598,11,6.0,"It was okay, nothing special.",2023-06-18,182,neutral
686,795,44,3.4,Not worth the subscription fee.,2023-12-08,198,negative
687,770,32,9.3,Absolutely loved it!,2024-06-08,133,positive
688,551,14,9.1,Stunning visuals and gripping story.,2024-09-04,187,positive
689,597,47,9.1,Couldn't stop watching.,2025-03-13,185,positive
690,11,27,9.1,Emotional and thought-provoking.,2023-03-27,88,positive
691,759,19,7.9,Couldn't stop watching.,2023-03-22,144,positive
692,847,32,9.6,Absolutely loved it!,2024-10-15,139,positive
693,995,19,8.2,Absolutely loved it!,2023-04-25,180,positive
694,451,49,5.6,"Some good moments, some slow parts.",2025-04-28,149,neutral
695,387,16,8.3,A masterpiece of modern cinema.,2025-03-17,185,positive
696,879,4,2.0,"Too predictable, fell asleep halfway.",2023-05-25,161,negative
697,713,45,6.9,Decent but forgettable.,2023-09-30,2,neutral
698,518,39,6.1,Worth a watch on a lazy evening.,2023-02-28,21,neutral
699,912,46,9.5,Best film this year.,2024-02-12,108,positive
700,460,4,9.6,Absolutely loved it!,2024-06-07,119,positive
701,122,30,7.8,Best film this year.,2025-01-02,156,positive
702,587,39,9.7,Stunning visuals and gripping story.,2025-04-09,20,positive
703,932,34,3.2,Overhyped and underdelivered.,2023-01-23,38,negative
704,177,6,10.0,Couldn't stop watching.,2024-10-25,101,positive
705,34,21,9.8,Stunning visuals and gripping story.,2023-04-22,162,positive
706,93,31,7.3,Stunning visuals and gripping story.,2024-12-24,65,positive
707,934,6,9.5,Best film this year.,2024-01-08,76,positive
708,336,6,5.4,Decent but forgettable.,2023-07-31,87,neutral
709,373,38,9.4,A masterpiece of modern cinema.,2023-11-05,190,positive
710,635,6,8.2,Incredible performances all around.,2023-01-25,176,positive
711,202,25,8.5,Emotional and thought-provoking.,2023-11-12,130,positive
712,410,22,8.3,Best film this year.,2023-09-26,53,positive
713,334,12,2.3,Overhyped and underdelivered.,2023-01-02,16,negative
714,581,6,7.7,Best film this year.,2024-04-17,5,positive
715,827,26,6.2,Worth a watch on a lazy evening.,2024-05-12,129,neutral
716,641,7,5.4,"It was okay, nothing special.",2023-11-13,87,neutral
717,154,18,2.1,"Too predictable, fell asleep halfway.",2023-10-09,197,negative
718,598,5,2.3,Not worth the subscription fee.,2023-01-26,146,negative
719,18,43,9.9,Emotional and thought-provoking.,2025-02-14,19,positive
720,854,34,9.8,Stunning visuals and gripping story.,2023-08-02,153,positive
721,158,39,3.5,"Too predictable, fell asleep halfway.",2024-01-08,25,negative
722,799,14,8.4,Absolutely loved it!,2023-02-05,76,positive
723,634,42,9.6,Stunning visuals and gripping story.,2025-02-23,199,positive
724,287,49,8.5,A masterpiece of modern cinema.,2024-04-28,182,positive
725,27,47,5.2,Decent but forgettable.,2024-10-24,4,neutral
726,372,4,1.4,"Too predictable, fell asleep halfway.",2023-08-05,61,negative
727,581,44,5.3,Decent but forgettable.,2025-04-17,100,neutral
728,131,21,7.7,A masterpiece of modern cinema.,2024-07-19,109,positive
729,370,32,5.2,Decent but forgettable.,2024-12-26,75,neutral
730,588,48,8.5,Emotional and thought-provoking.,2025-03-02,54,positive
731,3,2,9.6,A masterpiece of modern cinema.,2024-06-28,28,positive
732,525,14,5.0,Comedy that wasn't funny at all.,2023-06-24,68,negative
733,373,8,6.1,Worth a watch on a lazy evening.,2024-04-05,102,neutral
734,126,44,5.9,Worth a watch on a lazy evening.,2024-09-27,21,neutral
735,98,31,9.8,A masterpiece of modern cinema.,2023-06-02,60,positive
736,234,46,7.4,Emotional and thought-provoking.,2023-08-03,92,positive
737,212,6,2.0,"Too predictable, fell asleep halfway.",2023-06-21,182,negative
738,773,35,3.9,Overhyped and underdelivered.,2023-11-15,90,negative
739,715,41,7.8,Emotional and thought-provoking.,2023-01-29,147,positive
740,260,7,8.3,Stunning visuals and gripping story.,2023-04-03,193,positive
741,853,28,8.6,Couldn't stop watching.,2024-07-05,44,positive
742,80,35,2.2,"Too predictable, fell asleep halfway.",2024-07-14,41,negative
743,833,7,8.1,Couldn't stop watching.,2024-05-14,1,positive
744,218,34,8.9,Emotional and thought-provoking.,2024-12-14,168,positive
745,655,42,7.7,Emotional and thought-provoking.,2023-06-16,55,positive
746,928,9,2.0,"Too predictable, fell asleep halfway.",2023-07-24,115,negative
747,892,36,5.8,"It was okay, nothing special.",2023-06-12,87,neutral
748,258,7,10.0,Couldn't stop watching.,2025-03-07,124,positive
749,964,35,8.0,Absolutely loved it!,2023-10-12,66,positive
750,477,19,5.9,"Some good moments, some slow parts.",2023-08-08,69,neutral
751,276,5,8.4,Best film this year.,2024-11-14,187,positive
752,35,25,5.4,"Some good moments, some slow parts.",2023-08-11,45,neutral
753,593,16,5.5,"Some good moments, some slow parts.",2024-11-09,137,neutral
754,773,15,8.1,Couldn't stop watching.,2024-08-24,94,positive
755,327,1,9.0,Couldn't stop watching.,2024-04-05,123,positive
756,326,17,9.2,A masterpiece of modern cinema.,2023-05-04,190,positive
757,330,43,9.7,Stunning visuals and gripping story.,2023-07-02,88,positive
758,811,46,9.1,Incredible performances all around.,2023-07-11,6,positive
759,308,13,2.8,Disappointing compared to the trailer.,2023-09-23,156,negative
760,887,19,8.4,Best film this year.,2024-06-14,64,positive
761,599,9,8.0,Couldn't stop watching.,2025-02-13,175,positive
762,695,16,9.3,Couldn't stop watching.,2023-05-17,186,positive
763,53,36,3.0,Disappointing compared to the trailer.,2025-01-11,121,negative
764,657,33,3.4,Comedy that wasn't funny at all.,2023-07-06,43,negative
765,37,38,5.7,"It was okay, nothing special.",2023-01-05,165,neutral
766,721,38,7.4,Emotional and thought-provoking.,2023-12-20,173,positive
767,266,32,7.6,Emotional and thought-provoking.,2023-06-10,125,positive
768,887,38,9.5,Couldn't stop watching.,2023-01-12,42,positive
769,323,6,9.4,Incredible performances all around.,2023-06-23,122,positive
770,613,36,1.5,Not worth the subscription fee.,2024-04-19,146,negative
771,1000,37,6.8,Decent but forgettable.,2023-12-07,156,neutral
772,708,48,6.9,Decent but forgettable.,2024-03-17,8,neutral
773,238,12,5.6,"It was okay, nothing special.",2024-10-26,119,neutral
774,485,42,7.7,A masterpiece of modern cinema.,2024-06-30,26,positive
775,503,7,5.1,Worth a watch on a lazy evening.,2024-07-09,83,neutral
776,152,19,8.5,Couldn't stop watching.,2025-03-26,149,positive
777,379,37,9.0,Couldn't stop watching.,2023-12-01,29,positive
778,969,23,7.6,Emotional and thought-provoking.,2024-06-06,106,positive
779,939,25,1.1,Comedy that wasn't funny at all.,2024-08-20,159,negative
780,736,30,2.2,Not worth the subscription fee.,2023-04-23,26,negative
781,798,29,10.0,Absolutely loved it!,2023-08-29,103,positive
782,303,33,5.5,Decent but forgettable.,2024-12-14,88,neutral
783,629,44,6.6,"It was okay, nothing special.",2023-05-30,80,neutral
784,617,37,7.8,Emotional and thought-provoking.,2023-07-28,68,positive
785,779,15,7.0,Worth a watch on a lazy evening.,2024-07-07,169,neutral
786,437,41,8.0,Emotional and thought-provoking.,2023-07-08,187,positive
787,842,37,6.8,"Some good moments, some slow parts.",2025-04-02,124,neutral
788,84,38,9.0,Emotional and thought-provoking.,2024-05-23,13,positive
789,46,30,3.4,Disappointing compared to the trailer.,2025-01-29,164,negative
790,722,48,1.9,Weak plot and flat characters.,2023-08-13,102,negative
791,835,15,3.5,Disappointing compared to the trailer.,2024-10-02,120,negative
792,184,13,9.9,A masterpiece of modern cinema.,2024-10-08,22,positive
793,382,21,9.2,Couldn't stop watching.,2024-10-23,111,positive
794,431,16,5.2,"Some good moments, some slow parts.",2024-11-13,56,neutral
795,555,30,7.3,Best film this year.,2023-11-08,37,positive
796,879,8,9.7,Couldn't stop watching.,2025-02-17,128,positive
797,636,22,6.2,"It was okay, nothing special.",2024-09-30,37,neutral
798,743,46,6.3,"Some good moments, some slow parts.",2023-05-01,121,neutral
799,211,15,8.2,Best film this year.,2024-07-15,30,positive
800,286,15,9.4,Best film this year.,2023-01-24,195,positive
801,763,1,8.7,Absolutely loved it!,2023-04-30,27,positive
802,5,27,7.5,Best film this year.,2023-10-05,60,positive
803,163,25,7.8,Couldn't stop watching.,2025-04-22,187,positive
804,322,6,6.2,"It was okay, nothing special.",2024-10-19,148,neutral
805,499,33,5.7,"Some good moments, some slow parts.",2023-03-08,115,neutral
806,613,8,9.6,Stunning visuals and gripping story.,2024-08-16,142,positive
807,925,3,4.6,Not worth the subscription fee.,2024-01-11,154,negative
808,731,17,8.8,Absolutely loved it!,2023-10-18,157,positive
809,280,4,8.8,Absolutely loved it!,2023-02-04,1,positive
810,427,38,8.8,Absolutely loved it!,2024-09-09,137,positive
811,719,14,9.9,Incredible performances all around.,2023-03-29,101,positive
812,482,38,1.7,"Too predictable, fell asleep halfway.",2023-10-22,4,negative
813,781,45,7.1,Best film this year.,2023-01-03,86,positive
814,578,37,9.0,Stunning visuals and gripping story.,2023-10-12,5,positive
815,529,8,8.3,Absolutely loved it!,2024-08-12,26,positive
816,453,40,7.3,A masterpiece of modern cinema.,2025-04-03,83,positive
817,620,11,5.1,Worth a watch on a lazy evening.,2023-12-03,55,neutral
818,742,32,7.8,Emotional and thought-provoking.,2024-01-01,182,positive
819,546,13,5.2,"Some good moments, some slow parts.",2025-01-18,111,neutral
820,395,47,5.5,Decent but forgettable.,2023-09-19,118,neutral
821,979,33,7.4,Stunning visuals and gripping story.,2024-06-13,140,positive
822,527,47,8.4,A masterpiece of modern cinema.,2024-10-07,189,positive
823,572,25,3.8,Overhyped and underdelivered.,2023-09-02,45,negative
824,61,6,7.1,A masterpiece of modern cinema.,2023-08-12,5,positive
825,503,41,5.2,Worth a watch on a lazy evening.,2023-05-12,63,neutral
826,988,46,8.0,Couldn't stop watching.,2024-07-11,29,positive
827,87,42,6.7,"It was okay, nothing special.",2023-06-19,188,neutral
828,451,30,9.6,A masterpiece of modern cinema.,2023-04-08,139,positive
829,31,29,4.4,Not worth the subscription fee.,2023-05-10,67,negative
830,399,30,9.1,Absolutely loved it!,2023-03-04,65,positive
831,891,43,4.2,Not worth the subscription fee.,2024-09-14,113,negative
832,903,27,7.3,Best film this year.,2023-09-20,76,positive
833,896,23,9.4,Stunning visuals and gripping story.,2024-08-04,170,positive
834,818,23,8.2,Best film this year.,2024-08-10,157,positive
835,19,5,3.6,Not worth the subscription fee.,2023-01-29,177,negative
836,900,38,2.3,Overhyped and underdelivered.,2023-11-04,79,negative
837,877,37,8.9,Best film this year.,2023-05-29,28,positive
838,432,23,9.7,Couldn't stop watching.,2024-04-12,198,positive
839,974,48,8.7,A masterpiece of modern cinema.,2024-11-20,12,positive
840,469,26,8.2,Best film this year.,2024-12-19,38,positive
841,868,17,5.4,Decent but forgettable.,2023-04-17,196,neutral
842,329,31,8.5,Stunning visuals and gripping story.,2023-12-22,200,positive
843,571,5,7.4,Best film this year.,2025-02-14,14,positive
844,815,31,7.7,Incredible performances all around.,2023-12-02,10,positive
845,692,40,8.5,A masterpiece of modern cinema.,2023-04-16,145,positive
846,143,10,9.3,Stunning visuals and gripping story.,2024-03-01,43,positive
847,212,39,5.7,Worth a watch on a lazy evening.,2023-01-02,21,neutral
848,473,41,1.7,"Too predictable, fell asleep halfway.",2023-12-18,85,negative
849,518,5,1.8,"Too predictable, fell asleep halfway.",2023-04-11,48,negative
850,344,42,6.9,Worth a watch on a lazy evening.,2023-01-06,21,neutral
851,688,36,7.6,A masterpiece of modern cinema.,2023-05-16,164,positive
852,643,4,8.0,Emotional and thought-provoking.,2023-08-17,11,positive
853,283,47,9.2,Absolutely loved it!,2025-03-10,116,positive
854,97,35,5.0,Not worth the subscription fee.,2023-08-14,59,negative
855,116,49,8.2,Emotional and thought-provoking.,2024-06-03,56,positive
856,332,27,9.5,Emotional and thought-provoking.,2024-07-22,117,positive
857,348,13,4.1,Not worth the subscription fee.,2024-07-09,60,negative
858,244,25,7.5,Best film this year.,2023-06-03,180,positive
859,892,38,8.1,Couldn't stop watching.,2024-04-23,192,positive
860,65,25,8.9,Incredible performances all around.,2025-01-05,12,positive
861,213,9,8.3,Couldn't stop watching.,2024-12-31,200,positive
862,526,3,7.3,Incredible performances all around.,2023-03-27,179,positive
863,844,22,7.8,A masterpiece of modern cinema.,2025-04-23,172,positive
864,90,9,4.0,Disappointing compared to the trailer.,2023-07-02,26,negative
865,558,35,9.7,Incredible performances all around.,2023-10-25,3,positive
866,876,42,8.7,Absolutely loved it!,2024-08-30,77,positive
867,273,45,6.3,Worth a watch on a lazy evening.,2024-03-23,188,neutral
868,398,38,5.8,"Some good moments, some slow parts.",2023-07-26,105,neutral
869,463,7,7.4,Incredible performances all around.,2023-02-14,58,positive
870,313,24,6.0,"Some good moments, some slow parts.",2023-05-06,161,neutral
871,992,29,8.0,A masterpiece of modern cinema.,2025-04-09,158,positive
872,739,12,7.0,Incredible performances all around.,2023-07-09,74,positive
873,183,9,9.9,Absolutely loved it!,2024-02-17,98,positive
874,319,15,3.6,Weak plot and flat characters.,2025-01-23,177,negative
875,365,6,6.2,Worth a watch on a lazy evening.,2024-10-03,190,neutral
876,164,5,8.0,Couldn't stop watching.,2023-06-15,113,positive
877,771,1,6.9,Decent but forgettable.,2025-01-12,14,neutral
878,432,31,7.8,Absolutely loved it!,2024-10-11,182,positive
879,716,8,1.4,Overhyped and underdelivered.,2023-09-09,19,negative
880,42,5,9.6,Absolutely loved it!,2024-11-28,196,positive
881,269,26,9.5,Incredible performances all around.,2024-10-25,11,positive
882,319,38,8.2,Stunning visuals and gripping story.,2024-07-01,102,positive
883,728,23,7.6,A masterpiece of modern cinema.,2024-09-03,91,positive
884,216,31,5.4,Worth a watch on a lazy evening.,2025-03-02,180,neutral
885,798,34,8.7,Incredible performances all around.,2025-01-25,153,positive
886,9,11,7.6,Best film this year.,2023-10-02,135,positive
887,557,35,1.1,"Too predictable, fell asleep halfway.",2024-09-04,185,negative
888,728,28,8.4,Stunning visuals and gripping story.,2023-11-19,79,positive
889,219,37,8.8,Incredible performances all around.,2024-07-21,145,positive
890,103,17,9.3,Incredible performances all around.,2024-11-02,197,positive
891,303,22,5.5,"Some good moments, some slow parts.",2024-08-18,180,neutral
892,697,5,2.6,Overhyped and underdelivered.,2024-06-05,67,negative
893,696,30,9.8,Couldn't stop watching.,2023-06-11,37,positive
894,168,14,5.5,"Some good moments, some slow parts.",2024-10-11,146,neutral
895,818,19,9.4,Emotional and thought-provoking.,2025-03-26,77,positive
896,549,20,6.6,Worth a watch on a lazy evening.,2025-03-07,158,neutral
897,811,48,9.9,Absolutely loved it!,2024-12-17,67,positive
898,182,8,5.9,"It was okay, nothing special.",2023-09-20,33,neutral
899,389,46,7.2,Incredible performances all around.,2025-03-19,148,positive
900,88,18,8.6,Stunning visuals and gripping story.,2024-02-17,72,positive
901,680,26,9.3,Incredible performances all around.,2025-01-20,153,positive
902,361,21,9.2,Emotional and thought-provoking.,2023-05-31,85,positive
903,742,37,6.7,Worth a watch on a lazy evening.,2023-06-26,2,neutral
904,844,27,2.8,Overhyped and underdelivered.,2023-08-11,15,negative
905,967,40,2.8,Disappointing compared to the trailer.,2023-09-04,156,negative
906,627,47,8.2,Stunning visuals and gripping story.,2023-06-14,13,positive
907,732,31,9.8,Incredible performances all around.,2024-07-30,29,positive
908,837,39,9.0,Emotional and thought-provoking.,2024-08-19,48,positive
909,563,11,9.1,A masterpiece of modern cinema.,2023-03-27,130,positive
910,861,47,9.8,Best film this year.,2023-01-14,113,positive
911,242,40,8.6,Best film this year.,2023-12-14,2,positive
912,372,3,7.4,Absolutely loved it!,2024-12-02,22,positive
913,272,27,9.9,Best film this year.,2024-02-09,197,positive
914,650,27,8.4,Emotional and thought-provoking.,2025-02-10,100,positive
915,949,11,6.8,Decent but forgettable.,2023-11-14,58,neutral
916,838,33,6.9,"Some good moments, some slow parts.",2023-10-03,92,neutral
917,420,23,9.5,Best film this year.,2024-08-29,154,positive
918,464,22,7.1,Best film this year.,2023-09-23,98,positive
919,768,14,7.8,Best film this year.,2023-10-18,85,positive
920,819,1,9.0,Incredible performances all around.,2023-03-17,157,positive
921,998,44,6.3,"Some good moments, some slow parts.",2024-07-27,25,neutral
922,210,6,7.2,Best film this year.,2024-09-13,62,positive
923,58,36,8.9,Incredible performances all around.,2023-01-25,144,positive
924,719,10,5.4,"It was okay, nothing special.",2023-06-18,183,neutral
925,978,20,4.2,"Too predictable, fell asleep halfway.",2024-02-22,200,negative
926,607,29,9.4,A masterpiece of modern cinema.,2024-11-27,103,positive
927,892,34,8.6,Couldn't stop watching.,2023-06-18,96,positive
928,725,27,5.1,"It was okay, nothing special.",2024-11-13,1,neutral
929,613,43,7.7,Emotional and thought-provoking.,2023-10-28,148,positive
930,675,27,9.0,Couldn't stop watching.,2023-12-25,151,positive
931,19,47,7.3,Best film this year.,2023-12-07,48,positive
932,54,8,7.7,Emotional and thought-provoking.,2023-07-23,110,positive
933,747,17,8.7,Stunning visuals and gripping story.,2023-03-05,109,positive
934,487,41,8.3,Best film this year.,2023-01-24,53,positive
935,645,6,7.5,Absolutely loved it!,2023-03-17,158,positive
936,745,17,2.3,Overhyped and underdelivered.,2024-05-20,46,negative
937,20,23,9.9,Incredible performances all around.,2023-04-14,101,positive
938,830,48,6.8,"Some good moments, some slow parts.",2025-04-26,90,neutral
939,325,1,9.5,Couldn't stop watching.,2023-10-19,94,positive
940,15,23,4.3,Overhyped and underdelivered.,2024-02-06,13,negative
941,474,11,8.7,Best film this year.,2025-03-11,148,positive
942,591,13,3.3,Overhyped and underdelivered.,2025-04-26,136,negative
943,650,36,6.4,Worth a watch on a lazy evening.,2024-06-01,148,neutral
944,542,1,8.2,Emotional and thought-provoking.,2023-12-15,196,positive
945,911,47,8.0,Best film this year.,2025-01-21,50,positive
946,33,21,7.6,Stunning visuals and gripping story.,2023-04-16,65,positive
947,889,49,9.5,Incredible performances all around.,2024-10-30,113,positive
948,19,30,6.0,"Some good moments, some slow parts.",2024-12-23,35,neutral
949,918,2,9.9,A masterpiece of modern cinema.,2024-10-14,89,positive
950,55,12,5.6,"It was okay, nothing special.",2024-03-29,145,neutral
951,629,15,5.9,"It was okay, nothing special.",2023-02-18,67,neutral
952,521,24,9.8,A masterpiece of modern cinema.,2024-09-03,6,positive
953,759,23,1.7,Not worth the subscription fee.,2024-07-23,193,negative
954,458,34,7.1,Absolutely loved it!,2025-02-25,78,positive
955,512,7,9.0,A masterpiece of modern cinema.,2025-02-14,200,positive
956,531,30,8.7,Best film this year.,2025-03-15,19,positive
957,332,45,3.4,Weak plot and flat characters.,2023-05-18,151,negative
958,118,42,8.9,Couldn't stop watching.,2023-02-04,160,positive
959,65,26,7.8,Absolutely loved it!,2023-11-12,178,positive
960,490,26,5.5,"Some good moments, some slow parts.",2024-04-27,198,neutral
961,657,39,7.3,Best film this year.,2024-11-01,147,positive
962,191,33,8.4,Stunning visuals and gripping story.,2024-05-17,116,positive
963,285,7,7.7,Stunning visuals and gripping story.,2023-10-14,104,positive
964,753,25,5.9,"Some good moments, some slow parts.",2025-04-27,107,neutral
965,211,44,8.1,Incredible performances all around.,2024-02-11,17,positive
966,669,46,9.9,A masterpiece of modern cinema.,2024-06-14,94,positive
967,602,24,1.6,Disappointing compared to the trailer.,2024-05-21,30,negative
968,441,34,8.5,Incredible performances all around.,2023-11-19,104,positive
969,654,16,9.2,Incredible performances all around.,2023-11-29,22,positive
970,11,8,1.1,Overhyped and underdelivered.,2025-04-03,142,negative
971,536,13,4.1,Comedy that wasn't funny at all.,2024-11-13,197,negative
972,70,18,7.3,Emotional and thought-provoking.,2023-05-13,11,positive
973,826,6,6.6,Worth a watch on a lazy evening.,2023-09-22,179,neutral
974,574,6,3.7,Comedy that wasn't funny at all.,2024-03-22,24,negative
975,603,18,1.8,Comedy that wasn't funny at all.,2023-02-27,47,negative
976,757,5,8.0,Emotional and thought-provoking.,2024-07-05,39,positive
977,269,31,6.0,"It was okay, nothing special.",2025-02-06,127,neutral
978,45,38,8.6,A masterpiece of modern cinema.,2024-01-07,114,positive
979,276,47,9.1,Incredible performances all around.,2023-12-04,70,positive
980,183,44,8.4,Incredible performances all around.,2024-01-31,159,positive
981,900,7,6.6,"Some good moments, some slow parts.",2024-02-13,103,neutral
982,447,39,6.8,"It was okay, nothing special.",2024-05-10,198,neutral
983,716,12,7.4,A masterpiece of modern cinema.,2025-02-10,198,positive
984,242,45,9.8,Emotional and thought-provoking.,2024-03-24,6,positive
985,521,27,2.0,Not worth the subscription fee.,2025-02-12,187,negative
986,284,23,8.3,Best film this year.,2023-02-17,140,positive
987,177,37,1.1,Weak plot and flat characters.,2024-06-09,184,negative
988,330,25,6.2,"It was okay, nothing special.",2023-05-22,142,neutral
989,311,18,9.8,Stunning visuals and gripping story.,2024-06-13,51,positive
990,430,45,8.1,Emotional and thought-provoking.,2023-10-10,158,positive
991,919,19,9.6,Best film this year.,2025-04-07,117,positive
992,614,4,8.4,Absolutely loved it!,2023-12-21,60,positive
993,918,32,5.3,"It was okay, nothing special.",2025-02-16,110,neutral
994,22,35,4.5,Weak plot and flat characters.,2024-11-30,132,negative
995,151,1,1.1,Overhyped and underdelivered.,2024-10-13,44,negative
996,609,31,8.3,Stunning visuals and gripping story.,2025-01-18,141,positive
997,143,41,7.9,Best film this year.,2023-07-27,1,positive
998,625,10,9.9,Absolutely loved it!,2023-05-11,131,positive
999,561,7,7.1,A masterpiece of modern cinema.,2023-11-24,137,positive
1000,839,14,6.8,Decent but forgettable.,2023-08-22,42,neutral
1001,507,10,7.8,Best film this year.,2023-03-15,196,positive
1002,903,26,6.0,"It was okay, nothing special.",2023-09-18,193,neutral
1003,557,38,5.5,Decent but forgettable.,2024-11-17,42,neutral
1004,220,44,1.5,Comedy that wasn't funny at all.,2025-01-14,77,negative
1005,436,49,2.6,Comedy that wasn't funny at all.,2024-08-20,145,negative
1006,456,6,9.1,A masterpiece of modern cinema.,2024-06-05,102,positive
1007,202,10,4.6,Weak plot and flat characters.,2024-10-20,58,negative
1008,457,49,6.4,Decent but forgettable.,2023-03-24,199,neutral
1009,267,23,6.7,"Some good moments, some slow parts.",2024-04-02,33,neutral
1010,159,31,7.2,Best film this year.,2024-06-12,156,positive
1011,941,44,7.0,"Some good moments, some slow parts.",2025-03-01,65,neutral
1012,170,12,6.2,Worth a watch on a lazy evening.,2023-07-25,8,neutral
1013,224,32,9.6,Best film this year.,2024-10-25,13,positive
1014,538,14,5.9,"Some good moments, some slow parts.",2023-08-16,37,neutral
1015,752,4,6.8,"It was okay, nothing special.",2024-02-14,168,neutral
1016,5,42,5.5,Worth a watch on a lazy evening.,2024-05-14,62,neutral
1017,978,28,5.8,"Some good moments, some slow parts.",2024-06-03,91,neutral
1018,596,34,8.5,Absolutely loved it!,2025-01-14,187,positive
1019,934,48,9.5,Incredible performances all around.,2023-08-27,85,positive
1020,228,33,9.3,Couldn't stop watching.,2023-02-08,47,positive
1021,253,35,5.0,Comedy that wasn't funny at all.,2023-10-26,200,negative
1022,692,4,8.8,Best film this year.,2024-11-26,117,positive
1023,389,49,8.8,Stunning visuals and gripping story.,2025-01-26,134,positive
1024,123,10,6.8,Worth a watch on a lazy evening.,2024-09-12,161,neutral
1025,411,10,7.1,Couldn't stop watching.,2025-03-27,157,positive
1026,362,11,9.0,A masterpiece of modern cinema.,2024-04-10,83,positive
1027,437,8,3.9,"Too predictable, fell asleep halfway.",2023-06-04,13,negative
1028,81,31,3.8,Disappointing compared to the trailer.,2023-03-07,28,negative
1029,457,21,5.7,Worth a watch on a lazy evening.,2024-04-10,117,neutral
1030,894,19,8.1,Absolutely loved it!,2024-03-04,116,positive
1031,733,20,2.0,Comedy that wasn't funny at all.,2025-03-19,155,negative
1032,810,33,7.1,Emotional and thought-provoking.,2024-05-17,31,positive
1033,718,26,8.5,A masterpiece of modern cinema.,2025-01-26,182,positive
1034,528,4,9.4,Best film this year.,2025-02-08,147,positive
1035,870,9,9.0,Absolutely loved it!,2023-01-10,143,positive
1036,220,15,9.7,Stunning visuals and gripping story.,2025-04-04,30,positive
1037,799,21,6.6,"It was okay, nothing special.",2025-04-08,50,neutral
1038,632,41,9.3,Incredible performances all around.,2024-06-05,2,positive
1039,195,49,7.6,A masterpiece of modern cinema.,2023-09-13,112,positive
1040,754,15,9.8,Couldn't stop watching.,2024-01-14,177,positive
1041,30,18,8.5,A masterpiece of modern cinema.,2025-01-20,139,positive
1042,111,40,9.1,Couldn't stop watching.,2024-08-02,118,positive
1043,234,9,6.3,Decent but forgettable.,2024-05-07,134,neutral
1044,40,40,9.7,Incredible performances all around.,2025-03-31,179,positive
1045,679,37,5.8,"It was okay, nothing special.",2024-10-06,9,neutral
1046,430,12,9.9,A masterpiece of modern cinema.,2024-04-16,143,positive
1047,425,13,4.1,Comedy that wasn't funny at all.,2023-03-07,99,negative
1048,593,5,4.0,Comedy that wasn't funny at all.,2024-02-07,122,negative
1049,41,30,6.4,Worth a watch on a lazy evening.,2025-04-18,65,neutral
1050,280,18,7.4,Best film this year.,2023-03-25,10,positive
1051,109,22,7.5,A masterpiece of modern cinema.,2023-06-29,82,positive
1052,343,30,9.2,Couldn't stop watching.,2025-02-03,11,positive
1053,539,32,8.5,Incredible performances all around.,2023-08-18,4,positive
1054,135,11,6.0,Decent but forgettable.,2024-05-11,176,neutral
1055,929,24,9.1,A masterpiece of modern cinema.,2023-06-22,124,positive
1056,798,47,4.6,Weak plot and flat characters.,2023-09-05,17,negative
1057,887,8,1.9,Disappointing compared to the trailer.,2025-01-15,98,negative
1058,393,15,8.3,Stunning visuals and gripping story.,2025-02-14,93,positive
1059,814,38,8.4,Stunning visuals and gripping story.,2023-04-23,167,positive
1060,586,33,5.8,"Some good moments, some slow parts.",2023-07-13,179,neutral
1061,948,20,4.7,Not worth the subscription fee.,2024-10-15,112,negative
1062,294,49,6.2,Decent but forgettable.,2023-09-23,176,neutral
1063,663,35,4.1,Comedy that wasn't funny at all.,2024-05-31,125,negative
1064,97,28,6.5,Worth a watch on a lazy evening.,2025-03-18,40,neutral
1065,629,9,9.3,Stunning visuals and gripping story.,2025-02-08,49,positive
1066,399,2,9.3,Couldn't stop watching.,2023-01-03,139,positive
1067,932,5,7.0,Absolutely loved it!,2024-05-08,179,positive
1068,483,35,9.6,A masterpiece of modern cinema.,2024-06-14,40,positive
1069,751,27,8.9,Absolutely loved it!,2024-08-23,138,positive
1070,497,44,5.4,Decent but forgettable.,2023-07-10,81,neutral
1071,58,47,8.9,Incredible performances all around.,2024-10-01,172,positive
1072,154,11,9.6,Emotional and thought-provoking.,2023-10-26,94,positive
1073,272,43,6.5,"Some good moments, some slow parts.",2025-02-26,72,neutral
1074,935,31,2.8,"Too predictable, fell asleep halfway.",2024-12-27,153,negative
1075,857,12,9.4,A masterpiece of modern cinema.,2024-11-24,186,positive
1076,703,30,1.3,Not worth the subscription fee.,2023-01-25,104,negative
1077,948,26,8.3,A masterpiece of modern cinema.,2024-08-14,190,positive
1078,268,9,3.7,"Too predictable, fell asleep halfway.",2023-05-04,55,negative
1079,484,28,6.1,Decent but forgettable.,2023-07-15,115,neutral
1080,385,6,5.3,Decent but forgettable.,2023-01-31,139,neutral
1081,505,34,3.0,Disappointing compared to the trailer.,2024-09-06,17,negative
1082,182,33,1.7,Disappointing compared to the trailer.,2023-06-15,103,negative
1083,223,21,6.9,"It was okay, nothing special.",2024-01-10,111,neutral
1084,490,5,9.9,Stunning visuals and gripping story.,2023-06-25,43,positive
1085,727,21,6.5,Decent but forgettable.,2023-07-16,81,neutral
1086,430,9,6.5,"Some good moments, some slow parts.",2023-10-25,58,neutral
1087,499,44,8.6,Couldn't stop watching.,2023-09-18,7,positive
1088,742,7,2.4,Overhyped and underdelivered.,2023-05-16,14,negative
1089,45,17,7.1,Absolutely loved it!,2024-07-07,40,positive
1090,513,49,5.3,Worth a watch on a lazy evening.,2024-09-24,101,neutral
1091,675,27,6.6,Worth a watch on a lazy evening.,2024-06-09,52,neutral
1092,27,13,3.0,Comedy that wasn't funny at all.,2025-02-02,68,negative
1093,52,40,6.8,Worth a watch on a lazy evening.,2023-12-25,20,neutral
1094,219,32,9.7,Couldn't stop watching.,2025-04-01,66,positive
1095,544,8,9.0,Emotional and thought-provoking.,2024-09-01,188,positive
1096,390,32,9.6,Absolutely loved it!,2024-07-23,74,positive
1097,833,21,7.5,Couldn't stop watching.,2025-01-09,69,positive
1098,637,48,7.7,Couldn't stop watching.,2023-12-11,23,positive
1099,929,37,8.1,Stunning visuals and gripping story.,2024-07-06,74,positive
1100,772,44,9.4,Couldn't stop watching.,2023-08-08,177,positive
1101,259,4,1.4,"Too predictable, fell asleep halfway.",2024-01-08,44,negative
1102,562,29,6.9,Worth a watch on a lazy evening.,2023-06-18,35,neutral
1103,885,22,9.2,Emotional and thought-provoking.,2023-11-25,12,positive
1104,132,12,7.7,Emotional and thought-provoking.,2025-04-11,30,positive
1105,678,11,1.7,"Too predictable, fell asleep halfway.",2023-06-22,95,negative
1106,276,19,6.1,"Some good moments, some slow parts.",2023-11-19,160,neutral
1107,13,16,5.9,"Some good moments, some slow parts.",2024-07-12,33,neutral
1108,339,17,5.9,Worth a watch on a lazy evening.,2023-06-02,60,neutral
1109,634,25,8.5,Incredible performances all around.,2024-07-31,2,positive
1110,983,29,7.2,Incredible performances all around.,2024-07-10,1,positive
1111,411,28,9.3,Couldn't stop watching.,2023-11-03,3,positive
1112,624,45,9.6,Absolutely loved it!,2024-04-15,53,positive
1113,478,47,8.9,Emotional and thought-provoking.,2023-04-25,127,positive
1114,400,18,7.7,Absolutely loved it!,2023-10-20,162,positive
1115,684,23,7.1,Emotional and thought-provoking.,2023-07-06,152,positive
1116,82,40,8.0,Emotional and thought-provoking.,2025-04-28,83,positive
1117,766,34,7.9,Emotional and thought-provoking.,2023-10-05,146,positive
1118,184,9,9.5,Emotional and thought-provoking.,2024-02-16,8,positive
1119,727,9,8.8,Best film this year.,2023-03-07,20,positive
1120,680,32,6.8,Worth a watch on a lazy evening.,2023-07-13,106,neutral
1121,637,16,3.9,Not worth the subscription fee.,2024-07-05,64,negative
1122,402,3,9.0,A masterpiece of modern cinema.,2023-09-27,58,positive
1123,346,43,6.0,Decent but forgettable.,2023-03-24,112,neutral
1124,165,28,1.3,Disappointing compared to the trailer.,2024-07-08,172,negative
1125,844,17,7.6,Emotional and thought-provoking.,2023-03-20,193,positive
1126,906,17,8.8,Stunning visuals and gripping story.,2023-04-17,196,positive
1127,184,27,8.6,Emotional and thought-provoking.,2024-09-15,154,positive
1128,499,24,3.0,Not worth the subscription fee.,2023-07-19,121,negative
1129,605,39,5.0,Comedy that wasn't funny at all.,2023-03-25,109,negative
1130,729,27,5.1,Worth a watch on a lazy evening.,2023-12-04,19,neutral
1131,108,37,9.3,Couldn't stop watching.,2024-07-20,114,positive
1132,293,42,8.4,A masterpiece of modern cinema.,2023-07-05,21,positive
1133,487,41,8.5,Best film this year.,2023-10-28,81,positive
1134,473,19,4.7,"Too predictable, fell asleep halfway.",2023-01-24,101,negative
1135,41,34,6.6,"Some good moments, some slow parts.",2024-07-19,184,neutral
1136,520,43,8.6,Best film this year.,2024-02-29,72,positive
1137,771,47,7.5,Stunning visuals and gripping story.,2024-12-23,93,positive
1138,316,6,1.3,Not worth the subscription fee.,2024-03-12,93,negative
1139,154,31,9.7,Emotional and thought-provoking.,2023-12-19,98,positive
1140,166,25,9.3,Couldn't stop watching.,2024-07-04,20,positive
1141,553,4,5.3,Decent but forgettable.,2023-01-28,11,neutral
1142,572,21,7.7,Absolutely loved it!,2024-03-08,184,positive
1143,780,18,4.7,Disappointing compared to the trailer.,2024-02-14,175,negative
1144,412,41,9.3,A masterpiece of modern cinema.,2023-06-14,61,positive
1145,497,22,9.5,Incredible performances all around.,2024-06-11,133,positive
1146,207,47,5.5,"It was okay, nothing special.",2023-09-27,148,neutral
1147,255,42,9.6,Couldn't stop watching.,2023-11-29,147,positive
1148,703,11,9.8,Emotional and thought-provoking.,2023-06-28,190,positive
1149,9,26,8.0,Best film this year.,2024-05-26,156,positive
1150,460,45,5.1,"It was okay, nothing special.",2023-01-22,38,neutral
1151,865,35,1.0,Disappointing compared to the trailer.,2023-07-30,42,negative
1152,766,27,6.7,Worth a watch on a lazy evening.,2024-07-28,3,neutral
1153,521,46,5.8,"Some good moments, some slow parts.",2023-11-12,177,neutral
1154,640,46,5.1,Decent but forgettable.,2024-05-21,177,neutral
1155,498,27,7.4,Emotional and thought-provoking.,2024-09-15,195,positive
1156,303,49,7.2,Absolutely loved it!,2023-06-07,34,positive
1157,833,37,9.9,Best film this year.,2023-07-27,116,positive
1158,336,38,1.6,"Too predictable, fell asleep halfway.",2023-03-16,151,negative
1159,476,26,6.8,Worth a watch on a lazy evening.,2023-06-21,73,neutral
1160,140,39,1.8,Comedy that wasn't funny at all.,2023-01-26,28,negative
1161,840,43,9.3,Emotional and thought-provoking.,2023-02-15,29,positive
1162,450,30,6.8,"Some good moments, some slow parts.",2024-02-10,5,neutral
1163,553,15,8.7,Stunning visuals and gripping story.,2023-09-29,147,positive
1164,120,32,5.0,Decent but forgettable.,2023-04-08,33,neutral
1165,984,14,9.6,A masterpiece of modern cinema.,2024-11-29,57,positive
1166,280,39,5.3,Worth a watch on a lazy evening.,2023-10-21,18,neutral
1167,654,2,6.9,Decent but forgettable.,2024-04-08,89,neutral
1168,108,20,7.8,Emotional and thought-provoking.,2025-01-24,104,positive
1169,712,25,8.7,Incredible performances all around.,2023-07-14,156,positive
1170,736,30,6.8,Decent but forgettable.,2024-03-31,135,neutral
1171,403,3,8.6,Emotional and thought-provoking.,2024-10-01,199,positive
1172,424,14,2.5,Not worth the subscription fee.,2024-11-02,170,negative
1173,18,5,9.0,Emotional and thought-provoking.,2025-04-01,145,positive
1174,829,6,9.0,Emotional and thought-provoking.,2024-08-26,89,positive
1175,133,21,9.7,Couldn't stop watching.,2024-01-10,60,positive
1176,967,1,8.7,Best film this year.,2023-10-06,145,positive
1177,748,32,9.4,Couldn't stop watching.,2023-10-24,65,positive
1178,370,44,6.1,"Some good moments, some slow parts.",2023-11-17,37,neutral
1179,790,5,7.1,A masterpiece of modern cinema.,2023-07-29,129,positive
1180,559,43,8.9,Absolutely loved it!,2023-09-10,190,positive
1181,651,28,7.9,Incredible performances all around.,2023-03-10,36,positive
1182,980,7,5.0,"Some good moments, some slow parts.",2024-02-22,138,neutral
1183,497,39,5.3,"It was okay, nothing special.",2023-03-03,134,neutral
1184,292,36,7.9,Best film this year.,2024-11-24,84,positive
1185,725,28,3.1,Weak plot and flat characters.,2023-07-07,42,negative
1186,633,4,3.6,Not worth the subscription fee.,2023-10-18,24,negative
1187,472,6,9.9,Stunning visuals and gripping story.,2024-05-24,54,positive
1188,615,47,7.6,A masterpiece of modern cinema.,2025-04-07,165,positive
1189,422,49,7.1,Absolutely loved it!,2024-01-25,64,positive
1190,696,34,5.3,Decent but forgettable.,2023-12-09,194,neutral
1191,538,49,6.9,"Some good moments, some slow parts.",2023-03-26,118,neutral
1192,898,24,5.1,Worth a watch on a lazy evening.,2024-05-09,5,neutral
1193,41,20,6.4,Worth a watch on a lazy evening.,2024-02-05,33,neutral
1194,474,16,2.4,Weak plot and flat characters.,2024-07-13,40,negative
1195,472,47,8.7,Incredible performances all around.,2024-12-14,101,positive
1196,781,11,2.3,"Too predictable, fell asleep halfway.",2025-03-14,53,negative
1197,312,34,7.7,Emotional and thought-provoking.,2024-11-27,189,positive
1198,141,15,1.3,"Too predictable, fell asleep halfway.",2023-09-20,108,negative
1199,495,24,4.8,Weak plot and flat characters.,2024-06-26,14,negative
1200,814,39,4.0,Disappointing compared to the trailer.,2024-07-08,80,negative
1201,712,11,8.8,Absolutely loved it!,2023-02-14,30,positive
1202,709,2,7.8,Incredible performances all around.,2023-02-06,93,positive
1203,782,3,7.2,Couldn't stop watching.,2024-08-24,61,positive
1204,840,17,8.7,Stunning visuals and gripping story.,2024-12-14,5,positive
1205,57,47,8.4,Stunning visuals and gripping story.,2024-05-30,74,positive
1206,683,34,8.0,Emotional and thought-provoking.,2023-11-07,39,positive
1207,167,23,8.4,Stunning visuals and gripping story.,2024-06-19,90,positive
1208,479,22,8.3,A masterpiece of modern cinema.,2023-10-28,79,positive
1209,993,10,8.5,Best film this year.,2023-01-24,22,positive
1210,618,14,8.1,Emotional and thought-provoking.,2024-02-22,112,positive
1211,320,40,9.6,A masterpiece of modern cinema.,2023-06-27,23,positive
1212,435,25,9.9,Best film this year.,2023-06-28,48,positive
1213,522,7,3.4,"Too predictable, fell asleep halfway.",2023-03-19,176,negative
1214,295,12,6.5,Decent but forgettable.,2024-11-11,81,neutral
1215,468,32,7.7,Incredible performances all around.,2023-09-17,12,positive
1216,297,38,8.1,Incredible performances all around.,2024-01-20,37,positive
1217,773,15,4.7,Not worth the subscription fee.,2024-10-16,89,negative
1218,209,14,5.4,"Some good moments, some slow parts.",2024-05-09,119,neutral
1219,666,28,9.6,Emotional and thought-provoking.,2024-03-20,81,positive
1220,1000,35,5.3,Worth a watch on a lazy evening.,2023-12-31,76,neutral
1221,946,41,6.7,"It was okay, nothing special.",2023-12-20,173,neutral
1222,653,36,7.7,Absolutely loved it!,2024-10-17,62,positive
1223,730,32,6.9,"It was okay, nothing special.",2023-10-02,171,neutral
1224,793,44,6.3,Decent but forgettable.,2024-08-03,134,neutral
1225,875,46,8.6,Stunning visuals and gripping story.,2023-04-28,159,positive
1226,22,30,8.0,Absolutely loved it!,2023-04-12,183,positive
1227,356,23,7.3,Stunning visuals and gripping story.,2023-11-03,152,positive
1228,641,35,8.6,A masterpiece of modern cinema.,2025-02-12,155,positive
1229,894,25,1.3,Comedy that wasn't funny at all.,2024-06-24,155,negative
1230,29,5,6.5,Worth a watch on a lazy evening.,2023-05-10,151,neutral
1231,468,1,6.5,Worth a watch on a lazy evening.,2024-06-03,54,neutral
1232,658,8,5.8,"Some good moments, some slow parts.",2023-07-10,15,neutral
1233,400,4,9.6,Absolutely loved it!,2025-03-07,24,positive
1234,414,40,6.0,"It was okay, nothing special.",2023-12-18,68,neutral
1235,253,22,6.7,Decent but forgettable.,2025-01-22,198,neutral
1236,69,39,2.2,"Too predictable, fell asleep halfway.",2023-03-27,148,negative
1237,752,1,9.0,Incredible performances all around.,2024-05-23,180,positive
1238,108,3,3.8,Weak plot and flat characters.,2023-05-10,87,negative
1239,973,29,9.5,Absolutely loved it!,2023-07-05,61,positive
1240,832,3,5.4,"Some good moments, some slow parts.",2024-06-04,156,neutral
1241,578,49,5.1,Worth a watch on a lazy evening.,2024-12-30,64,neutral
1242,979,14,4.5,"Too predictable, fell asleep halfway.",2023-05-21,198,negative
1243,968,6,6.3,"Some good moments, some slow parts.",2024-02-09,53,neutral
1244,790,5,3.1,"Too predictable, fell asleep halfway.",2025-02-19,186,negative
1245,466,2,6.1,Worth a watch on a lazy evening.,2024-07-01,53,neutral
1246,359,2,5.6,"Some good moments, some slow parts.",2024-01-06,158,neutral
1247,195,7,7.7,Absolutely loved it!,2023-06-02,91,positive
1248,300,29,9.8,Couldn't stop watching.,2024-05-26,49,positive
1249,263,7,9.0,A masterpiece of modern cinema.,2023-01-22,87,positive
1250,285,45,9.7,Stunning visuals and gripping story.,2023-09-18,192,positive
1251,907,31,8.7,Emotional and thought-provoking.,2024-01-29,177,positive
1252,134,41,7.6,Couldn't stop watching.,2024-12-07,28,positive
1253,195,6,8.0,Incredible performances all around.,2025-02-10,157,positive
1254,289,36,6.6,Decent but forgettable.,2025-03-10,5,neutral
1255,839,29,6.7,"Some good moments, some slow parts.",2024-11-13,132,neutral
1256,284,22,7.2,Incredible performances all around.,2023-06-15,113,positive
1257,738,31,3.7,Weak plot and flat characters.,2023-04-09,141,negative
1258,56,28,6.7,Decent but forgettable.,2023-12-10,45,neutral
1259,460,38,9.2,A masterpiece of modern cinema.,2023-10-18,65,positive
1260,924,18,9.8,Emotional and thought-provoking.,2025-04-03,150,positive
1261,40,26,7.9,Incredible performances all around.,2023-03-08,187,positive
1262,855,1,6.9,Decent but forgettable.,2023-01-16,106,neutral
1263,214,47,7.6,Emotional and thought-provoking.,2024-05-16,26,positive
1264,20,44,5.5,"Some good moments, some slow parts.",2024-03-31,186,neutral
1265,355,18,7.7,Incredible performances all around.,2023-12-12,53,positive
1266,705,17,8.4,Best film this year.,2024-06-18,107,positive
1267,533,40,4.4,Overhyped and underdelivered.,2024-10-27,191,negative
1268,963,13,9.7,A masterpiece of modern cinema.,2025-03-10,56,positive
1269,345,2,9.9,Stunning visuals and gripping story.,2024-04-01,66,positive
1270,667,26,5.0,Decent but forgettable.,2024-06-14,65,neutral
1271,504,8,8.4,Absolutely loved it!,2023-12-14,135,positive
1272,903,32,3.8,Overhyped and underdelivered.,2023-12-10,35,negative
1273,167,12,6.7,Decent but forgettable.,2025-01-10,11,neutral
1274,35,47,8.9,Incredible performances all around.,2024-11-08,71,positive
1275,137,4,9.0,Couldn't stop watching.,2024-05-05,163,positive
1276,216,36,9.8,A masterpiece of modern cinema.,2023-08-04,91,positive
1277,856,3,5.3,"Some good moments, some slow parts.",2024-11-10,186,neutral
1278,422,16,8.2,Stunning visuals and gripping story.,2024-08-02,71,positive
1279,656,49,9.6,Couldn't stop watching.,2024-01-20,187,positive
1280,638,20,6.2,Worth a watch on a lazy evening.,2024-07-09,177,neutral
1281,897,21,1.5,Weak plot and flat characters.,2024-12-27,164,negative
1282,918,20,7.9,Best film this year.,2023-09-11,178,positive
1283,166,39,6.0,Worth a watch on a lazy evening.,2023-11-19,148,neutral
1284,320,10,7.3,Emotional and thought-provoking.,2024-07-10,134,positive
1285,674,26,9.9,Stunning visuals and gripping story.,2023-08-24,62,positive
1286,834,20,8.5,Absolutely loved it!,2024-09-09,20,positive
1287,100,22,7.3,Couldn't stop watching.,2023-06-26,75,positive
1288,621,30,9.3,Emotional and thought-provoking.,2023-09-23,170,positive
1289,588,8,9.0,Emotional and thought-provoking.,2023-09-24,8,positive
1290,967,28,7.8,Stunning visuals and gripping story.,2024-02-11,90,positive
1291,98,12,2.7,Overhyped and underdelivered.,2024-10-17,166,negative
1292,737,18,4.6,"Too predictable, fell asleep halfway.",2024-01-01,57,negative
1293,357,7,7.7,Best film this year.,2024-02-28,42,positive
1294,842,37,7.9,Couldn't stop watching.,2023-11-30,108,positive
1295,867,22,9.1,Incredible performances all around.,2023-06-08,180,positive
1296,976,14,6.2,"Some good moments, some slow parts.",2024-05-13,102,neutral
1297,38,22,8.3,Emotional and thought-provoking.,2025-04-18,93,positive
1298,687,49,7.5,Couldn't stop watching.,2024-07-15,174,positive
1299,224,15,5.6,"It was okay, nothing special.",2023-11-16,97,neutral
1300,498,38,6.2,Decent but forgettable.,2024-06-05,150,neutral
1301,154,24,6.7,"It was okay, nothing special.",2025-04-06,73,neutral
1302,659,39,8.4,Incredible performances all around.,2025-02-10,86,positive
1303,655,42,6.2,Decent but forgettable.,2023-03-28,194,neutral
1304,752,6,6.4,Worth a watch on a lazy evening.,2024-04-03,176,neutral
1305,271,17,5.9,Worth a watch on a lazy evening.,2024-06-22,115,neutral
1306,205,9,7.2,Absolutely loved it!,2023-04-10,103,positive
1307,632,17,7.3,Couldn't stop watching.,2023-05-27,100,positive
1308,771,39,6.9,"It was okay, nothing special.",2024-05-31,183,neutral
1309,781,30,6.4,"Some good moments, some slow parts.",2023-08-22,184,neutral
1310,586,36,5.5,"It was okay, nothing special.",2023-12-26,192,neutral
1311,279,5,6.2,"Some good moments, some slow parts.",2025-01-05,178,neutral
1312,617,35,6.3,"It was okay, nothing special.",2023-05-06,123,neutral
1313,296,11,7.9,Incredible performances all around.,2024-03-30,79,positive
1314,30,19,10.0,A masterpiece of modern cinema.,2023-06-20,134,positive
1315,697,22,4.4,Comedy that wasn't funny at all.,2024-08-02,164,negative
1316,796,14,5.1,"It was okay, nothing special.",2023-02-20,190,neutral
1317,242,23,7.8,Absolutely loved it!,2024-07-23,145,positive
1318,120,3,8.9,Couldn't stop watching.,2023-07-03,65,positive
1319,412,3,5.2,Decent but forgettable.,2024-07-09,160,neutral
1320,368,17,6.1,Worth a watch on a lazy evening.,2023-07-02,102,neutral
1321,794,15,8.0,Couldn't stop watching.,2023-03-15,2,positive
1322,567,28,9.5,Best film this year.,2024-11-23,198,positive
1323,133,48,9.5,Stunning visuals and gripping story.,2024-09-05,4,positive
1324,996,14,9.0,A masterpiece of modern cinema.,2024-02-01,69,positive
1325,154,48,5.3,"Some good moments, some slow parts.",2024-08-05,128,neutral
1326,287,35,6.0,"It was okay, nothing special.",2024-07-04,183,neutral
1327,820,27,9.3,Couldn't stop watching.,2024-12-11,72,positive
1328,78,12,7.7,Couldn't stop watching.,2024-01-24,8,positive
1329,359,39,1.8,"Too predictable, fell asleep halfway.",2023-02-13,180,negative
1330,402,10,7.7,Incredible performances all around.,2024-02-05,69,positive
1331,730,14,7.3,A masterpiece of modern cinema.,2024-06-14,136,positive
1332,486,4,5.9,Worth a watch on a lazy evening.,2023-06-15,158,neutral
1333,520,18,8.1,Best film this year.,2024-05-30,126,positive
1334,988,3,5.1,Worth a watch on a lazy evening.,2023-09-19,105,neutral
1335,121,18,8.8,Couldn't stop watching.,2023-09-08,131,positive
1336,892,41,9.2,Absolutely loved it!,2024-03-21,108,positive
1337,516,22,9.3,Stunning visuals and gripping story.,2025-03-14,112,positive
1338,540,39,9.2,Best film this year.,2024-09-24,115,positive
1339,785,22,6.2,"It was okay, nothing special.",2023-08-21,164,neutral
1340,401,5,3.3,Weak plot and flat characters.,2023-05-09,96,negative
1341,750,2,8.6,Emotional and thought-provoking.,2025-01-27,101,positive
1342,115,41,8.3,Emotional and thought-provoking.,2025-03-23,73,positive
1343,136,48,8.2,Incredible performances all around.,2024-04-05,188,positive
1344,538,1,8.4,Stunning visuals and gripping story.,2023-03-16,140,positive
1345,444,21,8.6,Stunning visuals and gripping story.,2023-10-19,103,positive
1346,802,8,1.2,"Too predictable, fell asleep halfway.",2023-12-12,77,negative
1347,335,25,8.2,Emotional and thought-provoking.,2024-01-30,191,positive
1348,772,14,9.9,Couldn't stop watching.,2024-11-14,193,positive
1349,117,14,1.6,Overhyped and underdelivered.,2025-04-10,35,negative
1350,906,12,7.2,Best film this year.,2025-02-12,46,positive
1351,100,4,8.8,Couldn't stop watching.,2024-07-16,47,positive
1352,926,2,8.6,Couldn't stop watching.,2025-01-03,188,positive
1353,221,32,6.8,"It was okay, nothing special.",2023-06-28,59,neutral
1354,206,22,6.7,Decent but forgettable.,2025-01-27,126,neutral
1355,645,31,5.7,"It was okay, nothing special.",2023-03-24,45,neutral
1356,615,9,9.0,Incredible performances all around.,2024-09-25,39,positive
1357,910,2,7.6,Absolutely loved it!,2025-02-01,73,positive
1358,329,31,3.9,Overhyped and underdelivered.,2024-07-19,82,negative
1359,51,47,3.8,Comedy that wasn't funny at all.,2024-10-15,20,negative
1360,948,6,3.4,Comedy that wasn't funny at all.,2023-05-18,50,negative
1361,895,27,6.5,Decent but forgettable.,2024-07-13,37,neutral
1362,792,28,7.3,Couldn't stop watching.,2023-01-15,176,positive
1363,20,46,4.8,Comedy that wasn't funny at all.,2023-07-22,60,negative
1364,940,28,6.5,Decent but forgettable.,2024-12-20,103,neutral
1365,72,20,1.2,"Too predictable, fell asleep halfway.",2024-11-20,105,negative
1366,79,39,8.1,Stunning visuals and gripping story.,2023-03-31,171,positive
1367,738,21,8.5,Emotional and thought-provoking.,2023-03-18,2,positive
1368,408,45,3.4,Overhyped and underdelivered.,2023-06-04,148,negative
1369,189,11,1.3,Comedy that wasn't funny at all.,2024-05-17,190,negative
1370,517,38,6.7,Decent but forgettable.,2024-10-21,166,neutral
1371,151,3,9.4,Emotional and thought-provoking.,2024-07-26,153,positive
1372,813,34,6.8,Worth a watch on a lazy evening.,2023-06-12,58,neutral
1373,152,47,6.3,Worth a watch on a lazy evening.,2023-11-04,189,neutral
1374,451,34,7.1,Couldn't stop watching.,2025-02-18,79,positive
1375,274,8,9.8,Incredible performances all around.,2023-11-11,194,positive
1376,963,18,8.0,Stunning visuals and gripping story.,2023-10-26,35,positive
1377,274,39,1.4,"Too predictable, fell asleep halfway.",2024-05-28,84,negative
1378,563,17,8.5,Incredible performances all around.,2023-08-09,149,positive
1379,134,33,5.4,"It was okay, nothing special.",2024-09-09,16,neutral
1380,384,29,3.4,Disappointing compared to the trailer.,2023-01-11,74,negative
1381,657,16,5.9,Decent but forgettable.,2023-09-03,79,neutral
1382,922,6,9.2,Incredible performances all around.,2023-11-05,36,positive
1383,357,3,9.1,Incredible performances all around.,2023-04-19,14,positive
1384,939,25,5.8,"Some good moments, some slow parts.",2023-10-16,16,neutral
1385,969,36,9.4,A masterpiece of modern cinema.,2024-03-18,172,positive
1386,944,35,5.2,Worth a watch on a lazy evening.,2024-03-13,162,neutral
1387,547,29,6.1,Worth a watch on a lazy evening.,2023-05-09,185,neutral
1388,890,2,9.3,Stunning visuals and gripping story.,2024-01-11,181,positive
1389,560,41,9.8,Emotional and thought-provoking.,2023-11-13,16,positive
1390,49,47,9.2,Incredible performances all around.,2023-12-19,151,positive
1391,651,12,8.2,Absolutely loved it!,2023-04-29,122,positive
1392,424,36,9.5,Absolutely loved it!,2023-11-24,38,positive
1393,914,33,10.0,Best film this year.,2024-09-15,106,positive
1394,965,2,5.5,"It was okay, nothing special.",2024-01-18,11,neutral
1395,519,20,6.2,"Some good moments, some slow parts.",2024-11-04,22,neutral
1396,487,48,4.7,Weak plot and flat characters.,2025-04-06,12,negative
1397,778,19,9.5,Couldn't stop watching.,2025-04-28,112,positive
1398,573,35,2.3,Weak plot and flat characters.,2024-01-31,57,negative
1399,165,11,3.1,Not worth the subscription fee.,2023-10-30,29,negative
1400,239,15,5.6,"It was okay, nothing special.",2023-06-29,174,neutral
1401,945,5,8.4,Stunning visuals and gripping story.,2023-01-16,7,positive
1402,146,16,5.6,Decent but forgettable.,2023-07-23,84,neutral
1403,824,2,8.4,Emotional and thought-provoking.,2023-03-26,189,positive
1404,831,24,7.2,Couldn't stop watching.,2025-04-15,135,positive
1405,207,11,8.2,Absolutely loved it!,2023-09-28,24,positive
1406,390,7,8.0,Best film this year.,2023-08-14,182,positive
1407,312,38,3.9,Overhyped and underdelivered.,2024-12-23,128,negative
1408,587,10,6.6,"Some good moments, some slow parts.",2024-04-08,186,neutral
1409,294,42,7.9,Incredible performances all around.,2023-07-20,59,positive
1410,58,18,5.4,"It was okay, nothing special.",2024-11-13,170,neutral
1411,863,45,9.3,Couldn't stop watching.,2023-05-02,92,positive
1412,679,33,1.9,Disappointing compared to the trailer.,2024-03-16,32,negative
1413,617,10,9.5,Emotional and thought-provoking.,2023-02-04,187,positive
1414,768,39,2.1,Disappointing compared to the trailer.,2024-08-06,167,negative
1415,873,17,5.9,Decent but forgettable.,2023-09-01,54,neutral
1416,69,12,6.7,Decent but forgettable.,2024-12-14,135,neutral
1417,391,48,2.4,"Too predictable, fell asleep halfway.",2025-03-05,141,negative
1418,350,43,7.5,Incredible performances all around.,2023-01-10,163,positive
1419,545,2,8.6,Best film this year.,2025-02-12,126,positive
1420,977,44,6.8,Decent but forgettable.,2024-04-05,152,neutral
1421,379,5,7.6,A masterpiece of modern cinema.,2025-01-30,71,positive
1422,406,21,7.6,Best film this year.,2024-08-31,25,positive
1423,262,28,7.5,Absolutely loved it!,2025-01-17,67,positive
1424,42,47,9.7,Incredible performances all around.,2023-10-09,4,positive
1425,6,29,6.6,Worth a watch on a lazy evening.,2024-10-08,15,neutral
1426,103,48,9.2,Emotional and thought-provoking.,2023-08-14,198,positive
1427,113,29,5.6,Worth a watch on a lazy evening.,2023-07-27,44,neutral
1428,98,24,9.0,Incredible performances all around.,2024-09-23,118,positive
1429,885,21,8.5,Best film this year.,2023-05-15,139,positive
1430,385,7,6.9,Decent but forgettable.,2023-09-19,5,neutral
1431,920,42,5.1,"Some good moments, some slow parts.",2024-08-10,50,neutral
1432,506,46,8.6,Couldn't stop watching.,2023-08-22,87,positive
1433,40,41,7.4,Stunning visuals and gripping story.,2025-02-03,68,positive
1434,14,43,8.5,Emotional and thought-provoking.,2024-05-14,180,positive
1435,530,47,7.4,Incredible performances all around.,2023-12-21,20,positive
1436,644,36,1.2,Weak plot and flat characters.,2025-04-03,111,negative
1437,319,12,7.9,Incredible performances all around.,2024-06-29,181,positive
1438,523,20,9.2,Emotional and thought-provoking.,2023-10-13,73,positive
1439,503,30,6.9,Worth a watch on a lazy evening.,2024-10-20,159,neutral
1440,427,40,6.6,Decent but forgettable.,2024-09-24,171,neutral
1441,880,10,8.1,Absolutely loved it!,2025-03-30,93,positive
1442,759,42,9.4,A masterpiece of modern cinema.,2023-12-30,183,positive
1443,194,48,5.0,Decent but forgettable.,2023-09-14,159,neutral
1444,279,36,9.7,Couldn't stop watching.,2024-06-07,36,positive
1445,708,25,7.9,Incredible performances all around.,2023-09-02,172,positive
1446,505,14,7.8,Absolutely loved it!,2023-05-27,155,positive
1447,22,15,1.2,Disappointing compared to the trailer.,2025-03-20,175,negative
1448,816,1,7.3,Absolutely loved it!,2024-10-20,76,positive
1449,13,32,9.9,Stunning visuals and gripping story.,2024-07-04,111,positive
1450,173,5,4.6,Not worth the subscription fee.,2024-06-02,78,negative
1451,758,48,1.9,Disappointing compared to the trailer.,2023-12-08,54,negative
1452,309,17,3.5,"Too predictable, fell asleep halfway.",2023-12-11,90,negative
1453,22,33,7.7,Incredible performances all around.,2024-06-24,162,positive
1454,547,36,8.2,Incredible performances all around.,2024-04-13,167,positive
1455,88,38,3.7,Comedy that wasn't funny at all.,2025-03-02,7,negative
1456,503,15,6.6,Worth a watch on a lazy evening.,2023-05-05,78,neutral
1457,390,15,7.9,Couldn't stop watching.,2023-11-09,111,positive
1458,835,34,5.4,Worth a watch on a lazy evening.,2023-07-01,13,neutral
1459,215,11,7.7,Incredible performances all around.,2025-02-09,32,positive
1460,494,4,7.8,Incredible performances all around.,2024-05-03,177,positive
1461,300,2,8.1,Couldn't stop watching.,2023-11-28,157,positive
1462,185,17,9.8,Incredible performances all around.,2023-08-30,184,positive
1463,745,16,8.5,Couldn't stop watching.,2023-12-29,165,positive
1464,287,47,7.1,Best film this year.,2025-02-03,174,positive
1465,806,6,9.0,Couldn't stop watching.,2024-12-28,45,positive
1466,486,15,9.3,Best film this year.,2024-08-15,11,positive
1467,601,37,7.8,Absolutely loved it!,2024-06-30,164,positive
1468,796,5,4.3,Weak plot and flat characters.,2023-10-31,194,negative
1469,40,27,7.2,Best film this year.,2024-02-23,24,positive
1470,238,14,8.3,A masterpiece of modern cinema.,2025-01-11,63,positive
1471,484,4,9.3,Best film this year.,2023-12-22,193,positive
1472,842,49,5.4,"It was okay, nothing special.",2023-09-29,29,neutral
1473,876,42,9.9,Emotional and thought-provoking.,2023-04-24,142,positive
1474,58,48,7.8,Incredible performances all around.,2023-05-28,192,positive
1475,678,42,4.5,Comedy that wasn't funny at all.,2024-03-15,106,negative
1476,370,9,8.1,Absolutely loved it!,2024-10-16,66,positive
1477,109,38,9.3,Incredible performances all around.,2025-02-24,114,positive
1478,285,21,5.6,Worth a watch on a lazy evening.,2023-12-24,148,neutral
1479,667,49,7.0,"It was okay, nothing special.",2024-05-14,109,neutral
1480,892,13,2.9,Overhyped and underdelivered.,2025-03-28,59,negative
1481,426,19,5.4,Decent but forgettable.,2024-05-22,28,neutral
1482,186,7,7.7,Stunning visuals and gripping story.,2023-03-03,166,positive
1483,885,4,5.7,Decent but forgettable.,2025-04-05,5,neutral
1484,264,11,6.8,Worth a watch on a lazy evening.,2023-08-11,38,neutral
1485,246,5,8.2,Emotional and thought-provoking.,2023-11-24,127,positive
1486,289,31,7.9,Incredible performances all around.,2024-02-10,100,positive
1487,503,15,7.4,Stunning visuals and gripping story.,2023-01-17,133,positive
1488,254,20,9.7,Couldn't stop watching.,2024-08-29,116,positive
1489,825,18,6.2,Decent but forgettable.,2023-09-30,156,neutral
1490,708,45,8.4,A masterpiece of modern cinema.,2024-09-05,50,positive
1491,373,15,6.6,"Some good moments, some slow parts.",2024-02-03,41,neutral
1492,820,7,5.6,Worth a watch on a lazy evening.,2023-05-17,105,neutral
1493,466,6,3.2,Overhyped and underdelivered.,2023-06-11,104,negative
1494,753,31,7.6,Absolutely loved it!,2024-08-20,23,positive
1495,423,25,7.6,Incredible performances all around.,2023-05-04,179,positive
1496,755,42,9.3,Stunning visuals and gripping story.,2023-12-24,150,positive
1497,284,5,8.5,Emotional and thought-provoking.,2023-07-02,6,positive
1498,787,18,9.7,Stunning visuals and gripping story.,2025-01-18,99,positive
1499,603,30,9.1,Incredible performances all around.,2024-04-16,102,positive
1500,154,18,8.2,Absolutely loved it!,2025-02-10,102,positive
1501,227,3,8.4,Couldn't stop watching.,2023-06-27,53,positive
1502,726,14,6.6,"It was okay, nothing special.",2024-04-30,128,neutral
1503,503,49,8.9,A masterpiece of modern cinema.,2024-03-04,56,positive
1504,638,12,8.5,Stunning visuals and gripping story.,2024-07-21,192,positive
1505,106,48,8.1,A masterpiece of modern cinema.,2024-08-10,134,positive
1506,489,29,9.2,Absolutely loved it!,2023-02-19,90,positive
1507,866,44,6.3,Worth a watch on a lazy evening.,2023-08-06,76,neutral
1508,308,27,6.6,"It was okay, nothing special.",2023-02-07,158,neutral
1509,302,29,5.5,Decent but forgettable.,2024-08-22,59,neutral
1510,874,42,10.0,A masterpiece of modern cinema.,2024-10-28,25,positive
1511,398,27,4.6,Overhyped and underdelivered.,2024-09-16,10,negative
1512,558,29,9.6,Couldn't stop watching.,2024-02-08,138,positive
1513,903,25,9.4,Stunning visuals and gripping story.,2025-01-19,190,positive
1514,502,29,5.5,Worth a watch on a lazy evening.,2024-01-30,58,neutral
1515,885,24,7.7,Absolutely loved it!,2023-01-19,115,positive
1516,370,24,7.0,Couldn't stop watching.,2023-10-10,29,positive
1517,727,13,1.9,Comedy that wasn't funny at all.,2024-08-10,13,negative
1518,101,5,6.8,Decent but forgettable.,2023-01-05,164,neutral
1519,481,39,8.5,A masterpiece of modern cinema.,2024-10-18,148,positive
1520,673,33,6.1,Worth a watch on a lazy evening.,2023-05-07,132,neutral
1521,179,24,7.2,Stunning visuals and gripping story.,2023-09-25,10,positive
1522,909,11,7.0,Couldn't stop watching.,2023-01-27,37,positive
1523,175,12,5.6,Worth a watch on a lazy evening.,2024-03-19,21,neutral
1524,996,45,7.3,Emotional and thought-provoking.,2025-04-27,92,positive
1525,576,28,10.0,A masterpiece of modern cinema.,2024-02-18,90,positive
1526,997,32,5.6,Decent but forgettable.,2024-07-11,135,neutral
1527,206,13,1.7,Overhyped and underdelivered.,2025-01-17,133,negative
1528,272,2,6.4,Decent but forgettable.,2025-03-03,101,neutral
1529,912,39,8.2,Best film this year.,2024-08-12,142,positive
1530,375,29,9.6,Incredible performances all around.,2024-03-30,53,positive
1531,859,21,9.9,Absolutely loved it!,2024-11-26,174,positive
1532,697,30,9.4,Best film this year.,2023-11-04,119,positive
1533,159,4,5.3,"Some good moments, some slow parts.",2024-02-02,176,neutral
1534,336,10,8.2,Emotional and thought-provoking.,2024-08-31,64,positive
1535,924,31,8.8,Absolutely loved it!,2024-12-19,109,positive
1536,420,35,7.7,Emotional and thought-provoking.,2023-04-28,185,positive
1537,968,3,7.2,Stunning visuals and gripping story.,2024-08-05,120,positive
1538,482,26,9.0,Absolutely loved it!,2023-07-03,40,positive
1539,15,2,5.5,Worth a watch on a lazy evening.,2023-11-12,197,neutral
1540,134,14,7.4,Best film this year.,2023-11-24,46,positive
1541,145,2,5.2,"Some good moments, some slow parts.",2023-12-11,167,neutral
1542,721,26,8.9,Incredible performances all around.,2025-01-28,5,positive
1543,174,24,9.4,A masterpiece of modern cinema.,2023-01-27,147,positive
1544,259,7,7.6,A masterpiece of modern cinema.,2024-02-17,85,positive
1545,268,23,9.1,Absolutely loved it!,2024-03-31,198,positive
1546,399,21,8.8,Incredible performances all around.,2024-03-07,77,positive
1547,869,39,1.1,Comedy that wasn't funny at all.,2024-11-01,45,negative
1548,418,10,8.8,Stunning visuals and gripping story.,2024-01-15,173,positive
1549,997,32,9.9,Emotional and thought-provoking.,2025-01-13,49,positive
1550,729,7,7.6,Absolutely loved it!,2024-02-20,25,positive
1551,307,16,6.0,"Some good moments, some slow parts.",2024-06-25,147,neutral
1552,637,19,8.8,Couldn't stop watching.,2025-04-12,5,positive
1553,425,39,6.5,"It was okay, nothing special.",2024-07-19,144,neutral
1554,132,15,5.9,"It was okay, nothing special.",2023-09-22,77,neutral
1555,593,4,9.0,Incredible performances all around.,2024-11-06,108,positive
1556,260,28,8.8,Stunning visuals and gripping story.,2024-12-28,136,positive
1557,921,34,7.9,Absolutely loved it!,2023-07-13,153,positive
1558,103,10,5.9,Worth a watch on a lazy evening.,2024-09-24,9,neutral
1559,345,13,3.2,"Too predictable, fell asleep halfway.",2023-12-07,19,negative
1560,737,45,9.5,Best film this year.,2023-08-06,186,positive
1561,779,17,5.0,Comedy that wasn't funny at all.,2024-04-07,164,negative
1562,975,4,9.2,Stunning visuals and gripping story.,2025-01-19,194,positive
1563,805,32,9.8,Absolutely loved it!,2023-02-01,64,positive
1564,927,6,9.9,Incredible performances all around.,2023-06-18,167,positive
1565,930,45,9.1,Couldn't stop watching.,2023-11-16,162,positive
1566,309,8,4.3,Weak plot and flat characters.,2023-07-30,36,negative
1567,955,1,9.9,A masterpiece of modern cinema.,2024-11-30,141,positive
1568,397,24,7.5,Emotional and thought-provoking.,2023-07-14,57,positive
1569,266,36,7.2,Incredible performances all around.,2023-11-02,42,positive
1570,919,6,7.9,Emotional and thought-provoking.,2023-10-17,101,positive
1571,480,21,2.9,Weak plot and flat characters.,2024-12-19,81,negative
1572,87,46,5.2,Worth a watch on a lazy evening.,2023-03-13,116,neutral
1573,952,13,1.7,Weak plot and flat characters.,2023-06-03,29,negative
1574,747,38,9.9,Best film this year.,2024-04-30,178,positive
1575,718,26,2.8,Disappointing compared to the trailer.,2023-08-22,83,negative
1576,652,46,7.1,A masterpiece of modern cinema.,2023-12-07,98,positive
1577,534,18,8.3,Stunning visuals and gripping story.,2023-08-04,69,positive
1578,58,26,9.7,A masterpiece of modern cinema.,2023-12-04,67,positive
1579,120,15,1.7,Weak plot and flat characters.,2025-01-05,181,negative
1580,6,43,4.2,Not worth the subscription fee.,2023-02-26,141,negative
1581,970,42,5.3,Decent but forgettable.,2023-02-15,151,neutral
1582,156,10,7.7,Stunning visuals and gripping story.,2023-02-01,64,positive
1583,684,21,5.1,Worth a watch on a lazy evening.,2023-01-17,127,neutral
1584,169,40,7.1,Incredible performances all around.,2024-05-30,117,positive
1585,193,18,7.4,Best film this year.,2025-04-26,29,positive
1586,630,29,7.0,"Some good moments, some slow parts.",2023-12-08,138,neutral
1587,393,32,5.5,Worth a watch on a lazy evening.,2023-02-10,165,neutral
1588,968,10,8.3,Emotional and thought-provoking.,2025-01-04,75,positive
1589,548,29,6.6,"Some good moments, some slow parts.",2025-01-06,100,neutral
1590,937,48,8.6,Absolutely loved it!,2024-02-23,155,positive
1591,860,23,4.1,Weak plot and flat characters.,2023-05-08,26,negative
1592,37,45,6.5,Decent but forgettable.,2023-03-22,101,neutral
1593,878,8,9.4,Stunning visuals and gripping story.,2025-01-04,141,positive
1594,702,22,6.5,Decent but forgettable.,2023-10-02,18,neutral
1595,117,9,6.3,"It was okay, nothing special.",2023-01-09,69,neutral
1596,173,14,9.0,Emotional and thought-provoking.,2023-07-05,64,positive
1597,462,40,9.1,Best film this year.,2023-10-24,90,positive
1598,45,33,7.8,Couldn't stop watching.,2023-12-10,153,positive
1599,527,41,6.7,Worth a watch on a lazy evening.,2024-08-10,12,neutral
1600,314,16,8.6,Couldn't stop watching.,2024-06-24,138,positive
1601,984,39,5.6,"Some good moments, some slow parts.",2025-02-24,71,neutral
1602,866,1,7.4,Stunning visuals and gripping story.,2024-08-16,193,positive
1603,954,3,8.1,Best film this year.,2023-02-19,88,positive
1604,696,42,9.9,Couldn't stop watching.,2024-08-10,158,positive
1605,19,12,4.2,"Too predictable, fell asleep halfway.",2024-04-21,127,negative
1606,199,4,9.7,Absolutely loved it!,2023-12-04,58,positive
1607,21,11,1.9,Weak plot and flat characters.,2024-02-01,119,negative
1608,460,4,8.7,Couldn't stop watching.,2023-05-20,90,positive
1609,240,35,9.1,Incredible performances all around.,2024-12-13,114,positive
1610,603,41,7.7,Best film this year.,2023-08-14,63,positive
1611,144,45,9.3,Couldn't stop watching.,2025-03-11,66,positive
1612,790,42,6.4,"Some good moments, some slow parts.",2025-02-15,20,neutral
1613,433,12,7.5,Absolutely loved it!,2023-05-12,171,positive
1614,847,8,9.5,A masterpiece of modern cinema.,2023-11-30,77,positive
1615,668,18,9.8,A masterpiece of modern cinema.,2023-12-25,3,positive
1616,150,44,8.2,Absolutely loved it!,2023-01-19,173,positive
1617,708,5,6.1,"It was okay, nothing special.",2024-05-21,26,neutral
1618,253,31,8.7,Emotional and thought-provoking.,2024-05-16,59,positive
1619,16,40,5.7,"It was okay, nothing special.",2024-12-23,77,neutral
1620,650,26,7.6,Stunning visuals and gripping story.,2023-06-26,14,positive
1621,316,3,7.5,Emotional and thought-provoking.,2025-03-18,76,positive
1622,10,19,7.1,Incredible performances all around.,2023-03-19,113,positive
1623,570,22,4.9,Overhyped and underdelivered.,2023-07-30,167,negative
1624,775,20,7.2,Best film this year.,2024-01-09,8,positive
1625,87,11,5.5,"It was okay, nothing special.",2023-06-13,135,neutral
1626,446,35,2.7,"Too predictable, fell asleep halfway.",2023-12-20,98,negative
1627,301,26,4.9,Comedy that wasn't funny at all.,2025-03-01,171,negative
1628,207,25,9.3,Incredible performances all around.,2023-02-05,145,positive
1629,290,34,5.8,"Some good moments, some slow parts.",2023-07-15,21,neutral
1630,906,38,3.6,Disappointing compared to the trailer.,2024-12-05,134,negative
1631,484,3,7.9,Absolutely loved it!,2024-06-11,120,positive
1632,904,4,6.4,Worth a watch on a lazy evening.,2024-12-15,58,neutral
1633,912,40,9.4,Stunning visuals and gripping story.,2024-07-05,199,positive
1634,237,6,9.1,Stunning visuals and gripping story.,2023-10-14,40,positive
1635,342,2,8.6,Incredible performances all around.,2023-09-01,36,positive
1636,793,17,6.2,Worth a watch on a lazy evening.,2024-10-03,184,neutral
1637,313,46,3.7,"Too predictable, fell asleep halfway.",2023-08-07,38,negative
1638,256,32,9.6,Couldn't stop watching.,2024-12-31,183,positive
1639,169,39,7.3,Incredible performances all around.,2023-05-22,78,positive
1640,971,1,5.1,Worth a watch on a lazy evening.,2024-12-02,157,neutral
1641,662,19,8.1,Couldn't stop watching.,2025-04-12,38,positive
1642,934,29,8.1,Best film this year.,2025-01-08,179,positive
1643,417,40,8.6,Stunning visuals and gripping story.,2023-03-27,109,positive
1644,755,38,7.8,Incredible performances all around.,2024-10-05,194,positive
1645,535,44,5.3,"Some good moments, some slow parts.",2024-07-27,12,neutral
1646,190,21,1.7,Comedy that wasn't funny at all.,2024-03-29,69,negative
1647,487,28,9.2,Absolutely loved it!,2023-11-01,37,positive
1648,273,7,9.1,Stunning visuals and gripping story.,2023-11-19,96,positive
1649,159,28,8.2,Best film this year.,2024-02-18,76,positive
1650,253,2,1.1,Weak plot and flat characters.,2023-11-09,118,negative
1651,922,26,4.9,Disappointing compared to the trailer.,2024-01-01,198,negative
1652,736,14,7.7,Emotional and thought-provoking.,2024-05-07,193,positive
1653,542,14,8.4,Stunning visuals and gripping story.,2025-03-23,184,positive
1654,618,15,9.2,A masterpiece of modern cinema.,2023-07-09,78,positive
1655,791,48,7.8,Stunning visuals and gripping story.,2024-06-06,79,positive
1656,802,45,9.5,Emotional and thought-provoking.,2024-05-18,163,positive
1657,423,7,9.2,Incredible performances all around.,2024-03-12,27,positive
1658,164,18,6.2,Worth a watch on a lazy evening.,2024-04-04,155,neutral
1659,581,39,3.6,Comedy that wasn't funny at all.,2023-03-17,149,negative
1660,320,45,2.6,Comedy that wasn't funny at all.,2023-05-05,45,negative
1661,868,30,9.9,Emotional and thought-provoking.,2023-01-11,75,positive
1662,935,3,8.4,Incredible performances all around.,2023-05-27,82,positive
1663,811,34,3.0,Not worth the subscription fee.,2024-06-17,18,negative
1664,31,25,2.1,Disappointing compared to the trailer.,2024-02-01,88,negative
1665,938,26,6.3,Worth a watch on a lazy evening.,2023-11-21,17,neutral
1666,953,12,7.8,Best film this year.,2025-03-21,32,positive
1667,515,2,6.0,"Some good moments, some slow parts.",2024-04-20,196,neutral
1668,496,1,9.8,Stunning visuals and gripping story.,2023-05-22,4,positive
1669,907,48,7.7,Stunning visuals and gripping story.,2023-05-09,125,positive
1670,32,26,7.7,Couldn't stop watching.,2023-03-15,53,positive
1671,832,31,8.0,Stunning visuals and gripping story.,2024-12-07,35,positive
1672,960,13,9.6,Best film this year.,2024-10-27,17,positive
1673,167,38,2.2,Comedy that wasn't funny at all.,2025-03-29,144,negative
1674,832,27,8.7,A masterpiece of modern cinema.,2024-09-09,93,positive
1675,142,19,5.1,"It was okay, nothing special.",2023-02-28,71,neutral
1676,848,21,6.5,"It was okay, nothing special.",2025-01-20,102,neutral
1677,659,25,5.0,"It was okay, nothing special.",2024-08-15,80,neutral
1678,583,11,5.4,"It was okay, nothing special.",2023-12-11,134,neutral
1679,642,33,7.5,Best film this year.,2025-04-26,125,positive
1680,58,11,8.2,Emotional and thought-provoking.,2024-02-04,103,positive
1681,995,43,5.3,Decent but forgettable.,2024-06-21,23,neutral
1682,264,40,8.2,Best film this year.,2024-03-20,168,positive
1683,604,43,4.3,"Too predictable, fell asleep halfway.",2024-07-19,28,negative
1684,978,49,4.7,Not worth the subscription fee.,2024-11-22,192,negative
1685,566,45,8.2,Absolutely loved it!,2025-01-28,199,positive
1686,71,21,7.7,Stunning visuals and gripping story.,2024-02-02,195,positive
1687,655,20,7.6,Stunning visuals and gripping story.,2024-12-18,72,positive
1688,235,4,8.9,Stunning visuals and gripping story.,2024-04-21,140,positive
1689,766,18,6.6,Worth a watch on a lazy evening.,2025-01-19,16,neutral
1690,112,22,2.6,Overhyped and underdelivered.,2023-03-20,104,negative
1691,943,1,8.1,Emotional and thought-provoking.,2023-02-28,94,positive
1692,450,33,8.3,Absolutely loved it!,2025-02-19,197,positive
1693,750,5,6.1,Worth a watch on a lazy evening.,2023-04-09,72,neutral
1694,767,41,7.1,Best film this year.,2024-07-08,184,positive
1695,30,10,8.5,Emotional and thought-provoking.,2024-12-17,34,positive
1696,968,32,7.3,Couldn't stop watching.,2024-09-20,109,positive
1697,640,38,9.5,A masterpiece of modern cinema.,2025-03-12,39,positive
1698,109,31,8.1,Stunning visuals and gripping story.,2023-11-18,142,positive
1699,596,45,7.8,A masterpiece of modern cinema.,2024-07-20,108,positive
1700,576,19,6.7,"It was okay, nothing special.",2024-11-14,100,neutral
1701,904,34,9.5,Best film this year.,2024-04-22,147,positive
1702,363,23,4.2,Overhyped and underdelivered.,2025-03-28,116,negative
1703,202,36,2.4,"Too predictable, fell asleep halfway.",2025-01-04,115,negative
1704,592,39,3.6,Comedy that wasn't funny at all.,2023-03-24,88,negative
1705,953,28,8.9,Incredible performances all around.,2025-03-19,160,positive
1706,233,11,6.7,Worth a watch on a lazy evening.,2023-08-09,152,neutral
1707,917,6,8.9,Couldn't stop watching.,2023-10-18,199,positive
1708,617,32,9.3,Couldn't stop watching.,2024-04-06,100,positive
1709,536,30,5.8,Worth a watch on a lazy evening.,2023-10-30,127,neutral
1710,112,35,1.3,"Too predictable, fell asleep halfway.",2023-12-31,58,negative
1711,273,3,7.3,Emotional and thought-provoking.,2024-08-11,163,positive
1712,633,29,6.7,"It was okay, nothing special.",2023-03-31,124,neutral
1713,324,27,4.3,Not worth the subscription fee.,2025-04-20,71,negative
1714,60,27,7.4,Couldn't stop watching.,2023-04-14,98,positive
1715,833,12,8.2,Stunning visuals and gripping story.,2024-05-06,41,positive
1716,791,30,6.0,Decent but forgettable.,2023-08-08,44,neutral
1717,830,12,7.6,Stunning visuals and gripping story.,2023-07-24,16,positive
1718,579,27,1.7,Weak plot and flat characters.,2024-03-06,148,negative
1719,513,5,4.6,Disappointing compared to the trailer.,2024-03-16,121,negative
1720,570,45,5.3,Worth a watch on a lazy evening.,2023-05-04,94,neutral
1721,989,28,8.9,Emotional and thought-provoking.,2024-12-31,119,positive
1722,826,1,8.9,Couldn't stop watching.,2023-08-05,172,positive
1723,787,38,5.5,"Some good moments, some slow parts.",2023-10-27,20,neutral
1724,900,25,7.1,Emotional and thought-provoking.,2023-04-21,89,positive
1725,44,1,9.1,Stunning visuals and gripping story.,2023-12-22,42,positive
1726,562,22,1.2,Not worth the subscription fee.,2023-12-02,95,negative
1727,481,45,6.8,"Some good moments, some slow parts.",2024-09-25,46,neutral
1728,154,10,4.5,Disappointing compared to the trailer.,2023-01-19,196,negative
1729,395,23,6.2,Worth a watch on a lazy evening.,2024-10-24,115,neutral
1730,314,42,7.8,Emotional and thought-provoking.,2023-02-27,21,positive
1731,520,43,1.8,Not worth the subscription fee.,2023-05-28,0,negative
1732,735,25,4.7,"Too predictable, fell asleep halfway.",2023-06-27,17,negative
1733,947,32,9.5,Stunning visuals and gripping story.,2024-03-03,134,positive
1734,484,42,6.9,"It was okay, nothing special.",2025-03-29,125,neutral
1735,626,25,7.2,Stunning visuals and gripping story.,2024-05-10,27,positive
1736,151,16,8.2,Best film this year.,2024-06-03,57,positive
1737,904,26,6.2,"It was okay, nothing special.",2025-02-04,190,neutral
1738,691,41,5.8,Worth a watch on a lazy evening.,2024-01-02,139,neutral
1739,836,44,7.7,A masterpiece of modern cinema.,2024-02-22,179,positive
1740,168,11,5.3,"It was okay, nothing special.",2024-07-10,96,neutral
1741,885,5,1.6,Weak plot and flat characters.,2023-01-22,181,negative
1742,715,24,8.7,Stunning visuals and gripping story.,2025-04-30,60,positive
1743,617,37,8.7,Best film this year.,2024-06-26,140,positive
1744,74,45,7.0,Emotional and thought-provoking.,2025-02-10,142,positive
1745,149,17,5.6,Worth a watch on a lazy evening.,2024-08-03,176,neutral
1746,878,20,2.2,Not worth the subscription fee.,2025-03-28,28,negative
1747,687,30,5.8,Worth a watch on a lazy evening.,2023-04-02,153,neutral
1748,408,12,7.5,Incredible performances all around.,2024-08-20,46,positive
1749,636,24,9.8,A masterpiece of modern cinema.,2024-08-24,123,positive
1750,830,25,9.3,Incredible performances all around.,2025-04-02,26,positive
1751,402,22,3.0,Disappointing compared to the trailer.,2024-07-23,117,negative
1752,154,25,6.4,"Some good moments, some slow parts.",2024-11-05,19,neutral
1753,747,8,6.7,Decent but forgettable.,2024-11-26,15,neutral
1754,618,2,8.9,Absolutely loved it!,2024-02-09,170,positive
1755,916,31,6.2,"It was okay, nothing special.",2024-09-07,62,neutral
1756,11,18,10.0,Absolutely loved it!,2024-07-28,93,positive
1757,600,4,5.3,Decent but forgettable.,2023-04-24,20,neutral
1758,784,36,8.2,A masterpiece of modern cinema.,2024-02-25,125,positive
1759,945,12,7.3,Couldn't stop watching.,2024-02-03,85,positive
1760,746,2,6.9,"Some good moments, some slow parts.",2023-05-08,13,neutral
1761,99,44,9.4,Couldn't stop watching.,2024-09-10,160,positive
1762,729,12,7.8,Incredible performances all around.,2024-12-08,69,positive
1763,261,17,9.2,Stunning visuals and gripping story.,2023-03-29,88,positive
1764,588,41,7.4,Absolutely loved it!,2024-08-28,125,positive
1765,847,25,5.6,Worth a watch on a lazy evening.,2023-03-09,141,neutral
1766,193,48,1.7,Not worth the subscription fee.,2024-12-06,150,negative
1767,122,19,9.4,A masterpiece of modern cinema.,2023-04-28,181,positive
1768,495,11,8.1,Absolutely loved it!,2025-03-09,88,positive
1769,79,33,8.6,Absolutely loved it!,2024-07-19,105,positive
1770,117,29,1.0,"Too predictable, fell asleep halfway.",2023-04-24,51,negative
1771,349,15,3.9,"Too predictable, fell asleep halfway.",2023-07-20,38,negative
1772,272,10,4.6,Overhyped and underdelivered.,2024-01-02,118,negative
1773,61,48,8.1,A masterpiece of modern cinema.,2024-01-19,148,positive
1774,192,21,8.5,Incredible performances all around.,2025-03-19,122,positive
1775,863,42,5.3,"It was okay, nothing special.",2024-12-17,67,neutral
1776,726,28,6.9,"It was okay, nothing special.",2025-05-01,17,neutral
1777,746,29,7.3,Incredible performances all around.,2024-05-06,13,positive
1778,186,45,7.2,Stunning visuals and gripping story.,2023-04-05,98,positive
1779,934,45,9.5,Absolutely loved it!,2023-06-04,37,positive
1780,749,19,9.4,Stunning visuals and gripping story.,2023-06-15,24,positive
1781,17,35,8.6,A masterpiece of modern cinema.,2023-07-11,4,positive
1782,783,38,9.1,Emotional and thought-provoking.,2023-05-06,147,positive
1783,244,35,4.6,Disappointing compared to the trailer.,2025-03-11,84,negative
1784,821,16,3.7,Overhyped and underdelivered.,2024-06-12,152,negative
1785,172,15,9.5,Absolutely loved it!,2023-08-24,150,positive
1786,474,10,8.6,A masterpiece of modern cinema.,2023-07-03,135,positive
1787,462,30,9.7,Emotional and thought-provoking.,2023-02-11,77,positive
1788,145,15,9.0,Couldn't stop watching.,2023-01-24,189,positive
1789,602,1,9.8,A masterpiece of modern cinema.,2024-11-21,189,positive
1790,470,40,7.5,Stunning visuals and gripping story.,2024-04-12,188,positive
1791,36,39,3.1,Not worth the subscription fee.,2023-06-02,95,negative
1792,252,38,5.1,"Some good moments, some slow parts.",2023-11-12,17,neutral
1793,232,8,2.8,Overhyped and underdelivered.,2023-09-25,64,negative
1794,551,44,6.6,"It was okay, nothing special.",2025-03-25,149,neutral
1795,368,17,7.5,Incredible performances all around.,2023-07-30,66,positive
1796,262,3,9.2,Emotional and thought-provoking.,2024-06-02,92,positive
1797,812,22,1.0,Comedy that wasn't funny at all.,2024-09-12,38,negative
1798,649,7,10.0,Couldn't stop watching.,2024-11-11,115,positive
1799,281,35,7.2,Couldn't stop watching.,2024-10-08,191,positive
1800,610,28,9.5,Emotional and thought-provoking.,2023-01-12,143,positive
1801,764,29,6.6,"Some good moments, some slow parts.",2023-09-14,127,neutral
1802,885,32,2.3,Comedy that wasn't funny at all.,2025-02-15,140,negative
1803,122,48,8.3,Incredible performances all around.,2024-01-13,48,positive
1804,133,18,7.2,A masterpiece of modern cinema.,2025-01-03,28,positive
1805,12,43,4.2,Weak plot and flat characters.,2023-04-27,155,negative
1806,533,37,2.9,Not worth the subscription fee.,2024-03-07,148,negative
1807,787,13,8.7,Absolutely loved it!,2025-04-05,178,positive
1808,354,44,5.8,"It was okay, nothing special.",2024-12-31,157,neutral
1809,20,32,7.8,Best film this year.,2023-12-16,29,positive
1810,614,45,9.5,A masterpiece of modern cinema.,2023-07-05,61,positive
1811,768,2,9.9,Absolutely loved it!,2025-04-02,157,positive
1812,15,8,5.5,"Some good moments, some slow parts.",2023-06-17,81,neutral
1813,166,18,4.4,"Too predictable, fell asleep halfway.",2023-05-03,153,negative
1814,224,4,9.7,Emotional and thought-provoking.,2025-03-31,75,positive
1815,845,32,3.8,Disappointing compared to the trailer.,2025-02-27,135,negative
1816,491,23,8.6,Couldn't stop watching.,2024-07-27,52,positive
1817,166,47,7.6,Emotional and thought-provoking.,2024-09-08,185,positive
1818,846,24,4.9,Disappointing compared to the trailer.,2023-08-30,48,negative
1819,232,5,4.7,Overhyped and underdelivered.,2024-09-03,95,negative
1820,930,18,7.7,Best film this year.,2024-03-01,145,positive
1821,225,23,8.3,Stunning visuals and gripping story.,2024-07-18,132,positive
1822,812,13,3.0,"Too predictable, fell asleep halfway.",2024-05-08,40,negative
1823,779,4,9.8,Stunning visuals and gripping story.,2023-05-04,128,positive
1824,526,36,5.3,"It was okay, nothing special.",2025-01-25,96,neutral
1825,742,40,8.2,Best film this year.,2024-01-04,187,positive
1826,224,39,1.6,Not worth the subscription fee.,2023-01-19,52,negative
1827,968,18,9.8,Stunning visuals and gripping story.,2023-11-03,189,positive
1828,380,45,9.5,Absolutely loved it!,2024-03-03,100,positive
1829,531,39,5.6,"Some good moments, some slow parts.",2023-08-10,41,neutral
1830,528,13,5.5,"It was okay, nothing special.",2023-03-17,25,neutral
1831,664,43,6.0,"It was okay, nothing special.",2024-10-28,48,neutral
1832,582,35,3.9,Weak plot and flat characters.,2023-02-06,177,negative
1833,30,23,3.5,Not worth the subscription fee.,2024-04-03,42,negative
1834,682,13,6.3,Worth a watch on a lazy evening.,2025-01-21,12,neutral
1835,79,35,1.3,Disappointing compared to the trailer.,2023-09-07,196,negative
1836,746,49,4.4,Overhyped and underdelivered.,2023-10-05,15,negative
1837,707,27,6.9,"It was okay, nothing special.",2025-03-11,92,neutral
1838,763,5,5.6,"Some good moments, some slow parts.",2024-10-21,126,neutral
1839,931,32,7.1,A masterpiece of modern cinema.,2023-05-04,131,positive
1840,804,34,8.4,Best film this year.,2023-03-07,99,positive
1841,230,12,8.6,Best film this year.,2024-02-21,57,positive
1842,842,15,9.5,Emotional and thought-provoking.,2023-01-06,47,positive
1843,229,22,9.7,A masterpiece of modern cinema.,2023-04-05,127,positive
1844,646,37,7.0,"It was okay, nothing special.",2023-05-01,142,neutral
1845,179,35,5.5,"Some good moments, some slow parts.",2023-03-17,5,neutral
1846,159,30,7.1,Emotional and thought-provoking.,2024-06-17,22,positive
1847,272,30,3.5,"Too predictable, fell asleep halfway.",2024-11-14,13,negative
1848,726,22,7.7,Incredible performances all around.,2023-02-06,151,positive
1849,262,30,9.7,Stunning visuals and gripping story.,2024-02-18,131,positive
1850,540,22,5.4,Worth a watch on a lazy evening.,2025-03-28,70,neutral
1851,333,33,8.0,Stunning visuals and gripping story.,2023-07-30,122,positive
1852,213,16,7.0,Incredible performances all around.,2025-01-16,1,positive
1853,279,30,9.0,A masterpiece of modern cinema.,2023-06-05,60,positive
1854,292,42,7.7,Emotional and thought-provoking.,2025-05-01,11,positive
1855,124,9,6.6,"It was okay, nothing special.",2024-08-30,73,neutral
1856,13,49,7.3,Couldn't stop watching.,2023-12-19,34,positive
1857,53,32,6.0,Worth a watch on a lazy evening.,2025-01-21,168,neutral
1858,300,7,8.0,A masterpiece of modern cinema.,2024-03-03,166,positive
1859,243,29,7.1,Best film this year.,2025-02-24,176,positive
1860,242,41,5.4,Worth a watch on a lazy evening.,2024-12-21,94,neutral
1861,84,17,9.9,A masterpiece of modern cinema.,2023-11-25,89,positive
1862,760,17,7.5,Incredible performances all around.,2024-11-28,137,positive
1863,906,46,9.3,Stunning visuals and gripping story.,2024-02-01,9,positive
1864,58,40,9.3,A masterpiece of modern cinema.,2024-08-14,0,positive
1865,590,6,5.8,Decent but forgettable.,2024-01-18,142,neutral
1866,101,24,7.3,A masterpiece of modern cinema.,2024-01-15,159,positive
1867,845,20,7.9,Couldn't stop watching.,2024-09-11,102,positive
1868,344,28,7.8,Couldn't stop watching.,2024-01-13,69,positive
1869,687,18,7.9,Stunning visuals and gripping story.,2025-02-01,179,positive
1870,927,37,6.9,"Some good moments, some slow parts.",2024-01-13,109,neutral
1871,936,49,7.7,Absolutely loved it!,2023-02-16,20,positive
1872,773,45,7.5,Absolutely loved it!,2023-10-28,6,positive
1873,645,6,8.4,Incredible performances all around.,2024-08-30,183,positive
1874,830,18,7.3,Emotional and thought-provoking.,2023-04-22,117,positive
1875,140,12,7.9,Best film this year.,2023-06-28,47,positive
1876,26,34,2.2,Disappointing compared to the trailer.,2024-11-20,153,negative
1877,561,42,8.4,Couldn't stop watching.,2024-05-01,54,positive
1878,296,8,2.0,"Too predictable, fell asleep halfway.",2023-06-02,53,negative
1879,41,46,1.9,"Too predictable, fell asleep halfway.",2023-04-12,163,negative
1880,218,25,6.0,Worth a watch on a lazy evening.,2023-09-18,147,neutral
1881,510,33,3.4,Weak plot and flat characters.,2025-01-31,174,negative
1882,373,11,8.0,Incredible performances all around.,2025-04-08,81,positive
1883,332,41,6.1,"It was okay, nothing special.",2023-11-19,69,neutral
1884,108,19,9.8,Best film this year.,2023-09-03,140,positive
1885,505,9,1.9,Comedy that wasn't funny at all.,2024-06-08,75,negative
1886,572,49,7.1,A masterpiece of modern cinema.,2023-09-27,166,positive
1887,122,20,7.5,Emotional and thought-provoking.,2025-04-07,176,positive
1888,52,37,2.5,Weak plot and flat characters.,2023-09-12,199,negative
1889,509,22,6.1,"It was okay, nothing special.",2023-04-14,83,neutral
1890,980,23,3.1,Disappointing compared to the trailer.,2024-03-14,51,negative
1891,587,22,8.0,Best film this year.,2023-01-07,160,positive
1892,329,46,1.7,Comedy that wasn't funny at all.,2024-02-03,88,negative
1893,245,31,9.6,Best film this year.,2024-04-30,105,positive
1894,743,33,3.4,Not worth the subscription fee.,2024-02-10,140,negative
1895,242,21,7.3,Couldn't stop watching.,2023-08-31,70,positive
1896,316,2,8.1,Best film this year.,2024-10-11,125,positive
1897,693,4,7.8,Couldn't stop watching.,2023-12-14,5,positive
1898,247,41,8.7,Stunning visuals and gripping story.,2024-07-10,57,positive
1899,307,3,7.3,Absolutely loved it!,2023-10-03,88,positive
1900,306,49,7.1,Emotional and thought-provoking.,2025-03-08,161,positive
1901,295,25,8.1,Best film this year.,2024-10-11,148,positive
1902,219,2,5.8,Worth a watch on a lazy evening.,2023-07-22,79,neutral
1903,618,8,6.7,"Some good moments, some slow parts.",2025-01-30,82,neutral
1904,505,29,4.4,Comedy that wasn't funny at all.,2023-02-10,66,negative
1905,368,22,5.4,Decent but forgettable.,2025-04-04,56,neutral
1906,198,6,6.3,Decent but forgettable.,2023-03-17,178,neutral
1907,160,44,7.1,Absolutely loved it!,2023-05-01,174,positive
1908,988,3,8.5,Incredible performances all around.,2025-01-14,140,positive
1909,27,3,4.0,Comedy that wasn't funny at all.,2024-09-07,200,negative
1910,842,34,8.7,Stunning visuals and gripping story.,2024-07-19,198,positive
1911,946,29,3.8,"Too predictable, fell asleep halfway.",2024-01-30,110,negative
1912,522,43,9.8,A masterpiece of modern cinema.,2023-07-20,22,positive
1913,444,21,8.6,Incredible performances all around.,2024-06-29,16,positive
1914,680,12,9.4,Couldn't stop watching.,2025-02-03,11,positive
1915,111,18,7.9,Couldn't stop watching.,2023-08-24,71,positive
1916,386,40,8.6,Stunning visuals and gripping story.,2024-11-03,62,positive
1917,528,19,7.9,Incredible performances all around.,2024-05-13,45,positive
1918,377,47,7.3,Best film this year.,2025-02-28,59,positive
1919,683,24,8.7,Incredible performances all around.,2023-01-19,9,positive
1920,210,12,5.1,"It was okay, nothing special.",2023-04-25,184,neutral
1921,623,9,8.6,A masterpiece of modern cinema.,2024-02-13,15,positive
1922,866,8,6.0,"Some good moments, some slow parts.",2024-12-07,93,neutral
1923,373,23,7.3,Couldn't stop watching.,2023-04-05,180,positive
1924,955,30,6.9,"It was okay, nothing special.",2023-11-05,40,neutral
1925,396,27,7.9,Stunning visuals and gripping story.,2024-05-21,122,positive
1926,781,46,7.8,A masterpiece of modern cinema.,2024-12-16,22,positive
1927,89,2,7.2,Incredible performances all around.,2024-10-21,100,positive
1928,915,18,5.4,"Some good moments, some slow parts.",2024-11-03,150,neutral
1929,489,17,7.0,"Some good moments, some slow parts.",2024-02-19,68,neutral
1930,144,24,8.0,Incredible performances all around.,2023-04-03,113,positive
1931,501,49,7.2,Best film this year.,2025-03-05,59,positive
1932,453,12,2.6,"Too predictable, fell asleep halfway.",2023-08-18,53,negative
1933,509,13,1.8,Not worth the subscription fee.,2024-07-13,141,negative
1934,623,5,5.1,"It was okay, nothing special.",2023-01-26,43,neutral
1935,257,12,9.4,A masterpiece of modern cinema.,2023-05-16,115,positive
1936,474,25,5.8,Worth a watch on a lazy evening.,2023-05-17,95,neutral
1937,686,38,9.3,Couldn't stop watching.,2024-04-28,75,positive
1938,306,8,9.2,Best film this year.,2024-05-28,73,positive
1939,179,6,9.2,A masterpiece of modern cinema.,2024-05-12,64,positive
1940,788,41,9.9,Couldn't stop watching.,2023-09-20,14,positive
1941,676,48,4.9,"Too predictable, fell asleep halfway.",2024-07-24,185,negative
1942,577,43,8.3,Absolutely loved it!,2024-03-23,17,positive
1943,646,27,5.6,"It was okay, nothing special.",2024-10-10,39,neutral
1944,394,16,6.4,Decent but forgettable.,2024-04-07,152,neutral
1945,316,6,8.9,A masterpiece of modern cinema.,2023-12-19,0,positive
1946,605,30,9.3,Incredible performances all around.,2023-02-17,154,positive
1947,945,34,7.7,Couldn't stop watching.,2023-06-15,180,positive
1948,281,11,3.2,Overhyped and underdelivered.,2023-06-09,127,negative
1949,61,19,6.3,Decent but forgettable.,2023-10-12,78,neutral
1950,932,20,2.6,Weak plot and flat characters.,2025-04-05,168,negative
1951,302,25,7.8,Stunning visuals and gripping story.,2023-12-13,145,positive
1952,125,16,7.0,A masterpiece of modern cinema.,2024-01-17,32,positive
1953,858,11,7.0,"It was okay, nothing special.",2023-12-26,193,neutral
1954,599,23,3.1,Weak plot and flat characters.,2023-07-20,108,negative
1955,817,47,8.2,Absolutely loved it!,2024-06-04,168,positive
1956,566,12,7.7,Best film this year.,2023-04-14,18,positive
1957,253,43,9.1,Incredible performances all around.,2023-11-27,184,positive
1958,271,37,5.6,Worth a watch on a lazy evening.,2023-01-20,53,neutral
1959,82,31,9.0,Absolutely loved it!,2025-04-18,22,positive
1960,775,42,7.5,Stunning visuals and gripping story.,2023-02-25,123,positive
1961,193,4,7.9,Best film this year.,2023-07-04,57,positive
1962,450,23,7.8,Best film this year.,2024-11-27,70,positive
1963,851,49,9.0,Stunning visuals and gripping story.,2025-02-16,59,positive
1964,776,42,7.2,Best film this year.,2024-12-15,67,positive
1965,862,33,8.1,Couldn't stop watching.,2023-04-03,95,positive
1966,755,37,8.2,A masterpiece of modern cinema.,2023-12-28,85,positive
1967,652,44,4.2,Weak plot and flat characters.,2025-03-12,142,negative
1968,397,17,9.3,Stunning visuals and gripping story.,2023-02-24,29,positive
1969,492,6,8.5,A masterpiece of modern cinema.,2023-06-13,44,positive
1970,836,44,9.9,A masterpiece of modern cinema.,2024-12-08,72,positive
1971,339,13,3.3,Overhyped and underdelivered.,2025-04-05,81,negative
1972,84,25,7.9,A masterpiece of modern cinema.,2023-04-11,140,positive
1973,678,1,7.8,Absolutely loved it!,2023-01-29,132,positive
1974,333,47,9.2,A masterpiece of modern cinema.,2023-01-14,170,positive
1975,680,39,7.5,A masterpiece of modern cinema.,2024-04-22,194,positive
1976,631,26,6.4,"It was okay, nothing special.",2024-10-06,157,neutral
1977,475,38,8.8,Best film this year.,2025-01-26,147,positive
1978,713,6,7.3,Stunning visuals and gripping story.,2023-01-23,169,positive
1979,946,34,9.2,Best film this year.,2024-04-03,66,positive
1980,711,38,1.5,"Too predictable, fell asleep halfway.",2023-03-10,108,negative
1981,903,21,7.1,Couldn't stop watching.,2024-06-22,110,positive
1982,441,32,6.1,"Some good moments, some slow parts.",2023-05-02,187,neutral
1983,436,36,7.6,Couldn't stop watching.,2025-04-29,94,positive
1984,150,42,8.4,Best film this year.,2025-04-07,15,positive
1985,68,22,2.2,Overhyped and underdelivered.,2023-03-27,170,negative
1986,377,2,9.4,Couldn't stop watching.,2023-12-15,22,positive
1987,109,35,5.2,Worth a watch on a lazy evening.,2024-11-25,200,neutral
1988,788,32,3.1,Weak plot and flat characters.,2023-10-06,130,negative
1989,57,36,5.2,"Some good moments, some slow parts.",2024-09-21,103,neutral
1990,886,27,5.9,"It was okay, nothing special.",2024-12-13,97,neutral
1991,586,21,7.4,Absolutely loved it!,2025-03-11,51,positive
1992,780,47,7.6,Stunning visuals and gripping story.,2024-07-27,50,positive
1993,628,42,5.8,"Some good moments, some slow parts.",2024-04-17,24,neutral
1994,989,15,6.3,"Some good moments, some slow parts.",2024-04-20,5,neutral
1995,47,7,9.9,Best film this year.,2023-03-09,160,positive
1996,150,11,6.8,"It was okay, nothing special.",2023-06-28,56,neutral
1997,532,49,9.8,Couldn't stop watching.,2024-11-24,48,positive
1998,46,13,6.8,Worth a watch on a lazy evening.,2024-02-06,13,neutral
1999,282,1,9.6,Incredible performances all around.,2025-01-25,108,positive
2000,148,37,1.6,Comedy that wasn't funny at all.,2025-03-13,182,negative
2001,366,13,5.3,"It was okay, nothing special.",2025-01-11,144,neutral
2002,563,24,9.1,Incredible performances all around.,2024-03-25,34,positive
2003,817,3,8.4,Best film this year.,2024-08-18,165,positive
2004,16,24,3.0,Disappointing compared to the trailer.,2023-09-04,116,negative
2005,332,43,9.3,Best film this year.,2025-03-18,176,positive
2006,920,4,4.1,Comedy that wasn't funny at all.,2023-07-28,1,negative
2007,736,26,7.4,Best film this year.,2024-06-12,31,positive
2008,876,29,1.2,Comedy that wasn't funny at all.,2024-12-06,107,negative
2009,500,10,7.4,Emotional and thought-provoking.,2024-09-26,195,positive
2010,87,38,2.7,Weak plot and flat characters.,2024-04-07,177,negative
2011,631,34,5.1,"Some good moments, some slow parts.",2025-02-12,114,neutral
2012,150,1,9.2,Couldn't stop watching.,2024-07-24,181,positive
2013,173,14,8.7,A masterpiece of modern cinema.,2025-03-26,124,positive
2014,3,36,2.8,Disappointing compared to the trailer.,2023-03-12,80,negative
2015,684,11,2.2,Weak plot and flat characters.,2023-10-01,72,negative
2016,255,6,9.9,Couldn't stop watching.,2024-08-10,55,positive
2017,831,10,9.7,Stunning visuals and gripping story.,2024-04-28,167,positive
2018,874,17,5.1,Decent but forgettable.,2025-01-17,87,neutral
2019,843,43,5.3,"It was okay, nothing special.",2025-03-23,150,neutral
2020,528,14,9.6,A masterpiece of modern cinema.,2023-05-05,139,positive
2021,63,16,5.4,Worth a watch on a lazy evening.,2023-04-18,77,neutral
2022,843,35,3.6,Disappointing compared to the trailer.,2023-12-05,191,negative
2023,315,23,9.6,Couldn't stop watching.,2023-05-16,126,positive
2024,653,23,6.2,Worth a watch on a lazy evening.,2024-06-14,94,neutral
2025,568,7,8.5,Couldn't stop watching.,2024-07-18,174,positive
2026,719,20,5.9,Decent but forgettable.,2023-06-24,48,neutral
2027,176,35,7.0,Decent but forgettable.,2025-04-16,85,neutral
2028,9,20,6.9,"It was okay, nothing special.",2024-12-14,188,neutral
2029,718,32,8.2,A masterpiece of modern cinema.,2025-04-17,139,positive
2030,558,20,4.9,"Too predictable, fell asleep halfway.",2024-03-21,21,negative
2031,935,10,7.1,Absolutely loved it!,2024-03-19,171,positive
2032,39,7,8.9,Emotional and thought-provoking.,2023-04-28,141,positive
2033,108,7,5.1,Worth a watch on a lazy evening.,2023-07-02,189,neutral
2034,104,2,9.4,Couldn't stop watching.,2024-10-26,184,positive
2035,167,27,1.4,Comedy that wasn't funny at all.,2023-10-05,120,negative
2036,185,47,7.1,Incredible performances all around.,2023-03-13,200,positive
2037,320,5,4.7,Weak plot and flat characters.,2023-10-15,65,negative
2038,220,12,9.2,Best film this year.,2023-01-05,170,positive
2039,353,28,3.8,Not worth the subscription fee.,2023-06-01,146,negative
2040,828,26,6.4,Worth a watch on a lazy evening.,2023-06-27,196,neutral
2041,284,49,9.3,A masterpiece of modern cinema.,2024-05-18,172,positive
2042,214,5,6.1,Worth a watch on a lazy evening.,2023-02-07,111,neutral
2043,937,4,8.2,Absolutely loved it!,2023-08-04,113,positive
2044,289,19,6.0,"It was okay, nothing special.",2024-11-14,111,neutral
2045,697,31,9.1,A masterpiece of modern cinema.,2024-10-03,18,positive
2046,261,10,1.4,Disappointing compared to the trailer.,2024-04-19,167,negative
2047,572,5,4.9,Overhyped and underdelivered.,2024-01-25,79,negative
2048,612,9,5.0,"It was okay, nothing special.",2023-07-16,132,neutral
2049,832,15,5.6,Worth a watch on a lazy evening.,2023-04-28,191,neutral
2050,226,47,7.9,Absolutely loved it!,2024-03-02,170,positive
2051,922,20,3.3,Weak plot and flat characters.,2025-04-30,32,negative
2052,323,45,9.4,Absolutely loved it!,2024-03-07,185,positive
2053,905,19,7.1,A masterpiece of modern cinema.,2024-05-28,180,positive
2054,586,24,5.5,"Some good moments, some slow parts.",2023-08-16,163,neutral
2055,288,46,2.5,Not worth the subscription fee.,2024-02-23,101,negative
2056,224,39,6.6,"It was okay, nothing special.",2023-04-03,35,neutral
2057,750,3,7.7,Stunning visuals and gripping story.,2024-01-01,162,positive
2058,593,40,6.2,Worth a watch on a lazy evening.,2023-11-20,103,neutral
2059,472,23,8.1,Stunning visuals and gripping story.,2024-05-22,96,positive
2060,407,29,6.9,"It was okay, nothing special.",2023-08-14,77,neutral
2061,720,33,9.8,A masterpiece of modern cinema.,2025-03-14,185,positive
2062,979,18,1.9,Not worth the subscription fee.,2025-03-08,36,negative
2063,166,8,6.4,"Some good moments, some slow parts.",2023-07-24,179,neutral
2064,140,44,10.0,Emotional and thought-provoking.,2024-10-11,34,positive
2065,123,20,5.0,"Some good moments, some slow parts.",2024-08-08,131,neutral
2066,197,21,1.2,Disappointing compared to the trailer.,2023-12-09,128,negative
2067,103,49,6.1,Worth a watch on a lazy evening.,2024-01-10,19,neutral
2068,782,19,7.2,Couldn't stop watching.,2024-11-13,21,positive
2069,550,15,8.1,Couldn't stop watching.,2024-04-13,147,positive
2070,770,3,8.4,Couldn't stop watching.,2023-08-10,195,positive
2071,262,6,7.1,Best film this year.,2023-02-06,151,positive
2072,340,4,6.9,"Some good moments, some slow parts.",2023-10-06,95,neutral
2073,115,14,4.9,Disappointing compared to the trailer.,2023-05-09,185,negative
2074,716,39,1.7,Overhyped and underdelivered.,2023-06-02,176,negative
2075,838,3,6.1,"Some good moments, some slow parts.",2023-01-03,48,neutral
2076,811,7,9.3,A masterpiece of modern cinema.,2023-04-10,92,positive
2077,345,37,8.8,Emotional and thought-provoking.,2024-01-13,146,positive
2078,794,12,1.3,Overhyped and underdelivered.,2024-03-25,28,negative
2079,444,26,9.7,Incredible performances all around.,2024-01-24,11,positive
2080,121,35,8.9,A masterpiece of modern cinema.,2023-01-01,52,positive
2081,133,36,7.7,Emotional and thought-provoking.,2023-12-30,51,positive
2082,551,13,6.8,"Some good moments, some slow parts.",2025-04-26,178,neutral
2083,726,40,8.7,A masterpiece of modern cinema.,2023-03-14,167,positive
2084,429,22,9.5,Couldn't stop watching.,2023-05-04,16,positive
2085,102,19,2.6,"Too predictable, fell asleep halfway.",2023-07-02,97,negative
2086,119,8,6.0,Decent but forgettable.,2023-05-06,95,neutral
2087,214,35,4.5,Not worth the subscription fee.,2023-02-12,52,negative
2088,372,21,6.2,Worth a watch on a lazy evening.,2023-08-18,22,neutral
2089,204,43,7.4,A masterpiece of modern cinema.,2025-04-07,199,positive
2090,77,47,1.7,Weak plot and flat characters.,2023-09-19,181,negative
2091,683,25,8.2,A masterpiece of modern cinema.,2024-09-11,28,positive
2092,984,13,4.2,Weak plot and flat characters.,2023-03-22,85,negative
2093,233,38,9.6,Absolutely loved it!,2025-02-20,98,positive
2094,3,5,2.2,Overhyped and underdelivered.,2023-04-26,178,negative
2095,135,1,10.0,Best film this year.,2024-09-02,142,positive
2096,289,17,2.5,Comedy that wasn't funny at all.,2023-07-24,108,negative
2097,930,4,7.9,Absolutely loved it!,2023-07-26,175,positive
2098,194,24,9.9,Incredible performances all around.,2024-03-14,159,positive
2099,282,5,2.4,Comedy that wasn't funny at all.,2023-01-31,172,negative
2100,4,29,5.8,Decent but forgettable.,2023-12-11,83,neutral
2101,268,33,6.0,Worth a watch on a lazy evening.,2023-04-01,36,neutral
2102,204,44,8.6,Couldn't stop watching.,2023-01-03,86,positive
2103,5,31,5.1,"It was okay, nothing special.",2024-05-07,32,neutral
2104,580,17,3.7,Not worth the subscription fee.,2024-01-31,63,negative
2105,397,28,7.6,Incredible performances all around.,2025-02-13,154,positive
2106,759,26,6.4,Worth a watch on a lazy evening.,2023-09-10,52,neutral
2107,558,37,7.9,Absolutely loved it!,2023-05-01,171,positive
2108,82,12,7.6,Emotional and thought-provoking.,2024-01-03,155,positive
2109,845,48,8.9,Couldn't stop watching.,2023-09-23,41,positive
2110,921,29,3.0,Overhyped and underdelivered.,2025-03-01,38,negative
2111,933,35,1.5,Not worth the subscription fee.,2024-03-02,94,negative
2112,761,40,5.8,"Some good moments, some slow parts.",2023-02-25,44,neutral
2113,569,43,7.9,Stunning visuals and gripping story.,2023-01-20,98,positive
2114,288,35,7.7,Stunning visuals and gripping story.,2024-06-19,40,positive
2115,633,38,5.5,"Some good moments, some slow parts.",2023-05-14,59,neutral
2116,912,21,5.8,"Some good moments, some slow parts.",2023-08-09,193,neutral
2117,607,16,7.7,A masterpiece of modern cinema.,2025-04-15,159,positive
2118,399,2,7.4,Stunning visuals and gripping story.,2023-07-21,138,positive
2119,721,10,7.3,Incredible performances all around.,2024-08-22,75,positive
2120,482,45,6.4,Worth a watch on a lazy evening.,2023-10-13,90,neutral
2121,810,17,5.8,"It was okay, nothing special.",2023-07-16,169,neutral
2122,125,42,6.8,Worth a watch on a lazy evening.,2024-05-31,98,neutral
2123,370,38,8.8,Couldn't stop watching.,2023-11-15,132,positive
2124,117,41,8.9,Best film this year.,2023-11-26,72,positive
2125,533,9,7.4,Emotional and thought-provoking.,2025-01-14,88,positive
2126,619,6,1.5,Overhyped and underdelivered.,2024-08-24,67,negative
2127,114,47,7.9,Emotional and thought-provoking.,2024-04-01,120,positive
2128,165,38,8.6,Best film this year.,2023-11-14,11,positive
2129,752,8,2.8,Overhyped and underdelivered.,2023-01-02,142,negative
2130,182,13,8.8,Stunning visuals and gripping story.,2023-04-23,120,positive
2131,665,10,9.6,Incredible performances all around.,2024-11-30,169,positive
2132,529,17,6.8,Decent but forgettable.,2024-03-28,30,neutral
2133,655,33,5.5,"Some good moments, some slow parts.",2024-09-18,23,neutral
2134,1000,12,4.5,Comedy that wasn't funny at all.,2024-08-01,95,negative
2135,119,11,9.5,Stunning visuals and gripping story.,2023-11-10,192,positive
2136,935,41,4.2,Not worth the subscription fee.,2024-03-09,192,negative
2137,744,48,8.0,A masterpiece of modern cinema.,2024-05-30,55,positive
2138,803,31,8.4,Emotional and thought-provoking.,2023-06-17,49,positive
2139,885,30,6.3,Decent but forgettable.,2024-01-07,5,neutral
2140,386,33,9.2,Incredible performances all around.,2023-01-08,56,positive
2141,878,24,9.3,A masterpiece of modern cinema.,2024-09-23,161,positive
2142,675,29,3.5,Not worth the subscription fee.,2023-03-26,159,negative
2143,813,44,3.5,Overhyped and underdelivered.,2023-09-28,95,negative
2144,154,17,8.1,Couldn't stop watching.,2024-04-22,44,positive
2145,239,49,7.2,Couldn't stop watching.,2024-11-13,159,positive
2146,526,34,4.1,Not worth the subscription fee.,2023-06-10,43,negative
2147,615,10,6.0,"It was okay, nothing special.",2023-07-06,93,neutral
2148,646,38,5.6,"Some good moments, some slow parts.",2023-11-18,72,neutral
2149,140,11,5.6,Worth a watch on a lazy evening.,2023-07-02,200,neutral
2150,890,37,8.8,Emotional and thought-provoking.,2024-12-06,174,positive
2151,577,26,7.7,Best film this year.,2024-11-23,175,positive
2152,242,30,8.9,Emotional and thought-provoking.,2023-08-09,37,positive
2153,212,4,7.2,Absolutely loved it!,2024-09-15,188,positive
2154,363,23,2.9,"Too predictable, fell asleep halfway.",2023-07-13,33,negative
2155,610,24,5.2,Worth a watch on a lazy evening.,2023-05-10,18,neutral
2156,897,23,6.3,Worth a watch on a lazy evening.,2023-10-04,142,neutral
2157,757,25,7.8,Stunning visuals and gripping story.,2023-02-22,60,positive
2158,659,2,8.2,A masterpiece of modern cinema.,2024-06-12,109,positive
2159,684,46,8.2,Couldn't stop watching.,2024-04-10,29,positive
2160,698,30,8.5,Absolutely loved it!,2023-12-08,57,positive
2161,991,49,8.9,Stunning visuals and gripping story.,2023-12-06,139,positive
2162,334,12,8.5,Stunning visuals and gripping story.,2024-02-04,187,positive
2163,127,29,7.8,Stunning visuals and gripping story.,2023-03-01,2,positive
2164,252,19,9.3,A masterpiece of modern cinema.,2024-07-28,142,positive
2165,177,34,9.5,Best film this year.,2023-04-01,122,positive
2166,89,38,9.0,Emotional and thought-provoking.,2024-08-02,113,positive
2167,265,22,9.9,Absolutely loved it!,2024-09-10,122,positive
2168,51,28,9.0,Best film this year.,2023-02-21,177,positive
2169,485,43,3.6,Overhyped and underdelivered.,2023-11-25,58,negative
2170,820,19,1.4,Not worth the subscription fee.,2023-12-03,160,negative
2171,343,12,5.5,"It was okay, nothing special.",2025-03-21,35,neutral
2172,971,29,9.0,Incredible performances all around.,2023-02-25,29,positive
2173,371,36,7.7,Absolutely loved it!,2024-06-10,166,positive
2174,916,15,7.6,Absolutely loved it!,2025-02-25,111,positive
2175,653,40,9.1,A masterpiece of modern cinema.,2023-05-07,90,positive
2176,824,9,9.3,A masterpiece of modern cinema.,2023-07-30,67,positive
2177,336,4,6.1,Worth a watch on a lazy evening.,2023-01-30,175,neutral
2178,817,31,6.8,Decent but forgettable.,2024-05-14,196,neutral
2179,393,25,5.0,"It was okay, nothing special.",2024-01-29,195,neutral
2180,11,28,8.0,Absolutely loved it!,2024-12-29,107,positive
2181,297,2,7.3,Incredible performances all around.,2023-07-02,141,positive
2182,748,18,9.1,Absolutely loved it!,2024-11-06,75,positive
2183,743,18,8.9,Best film this year.,2023-07-26,132,positive
2184,579,49,5.6,"It was okay, nothing special.",2024-04-10,48,neutral
2185,757,10,2.7,Not worth the subscription fee.,2024-11-16,91,negative
2186,161,10,9.1,Absolutely loved it!,2023-09-12,66,positive
2187,81,19,4.3,Disappointing compared to the trailer.,2023-05-22,106,negative
2188,750,36,9.6,Stunning visuals and gripping story.,2024-01-14,138,positive
2189,713,15,8.9,Stunning visuals and gripping story.,2023-09-03,137,positive
2190,210,47,6.2,"Some good moments, some slow parts.",2024-02-22,6,neutral
2191,734,27,5.0,Not worth the subscription fee.,2023-11-29,193,negative
2192,416,33,5.5,"It was okay, nothing special.",2024-09-13,55,neutral
2193,900,6,6.0,Worth a watch on a lazy evening.,2023-12-05,144,neutral
2194,107,12,2.0,Overhyped and underdelivered.,2023-09-16,65,negative
2195,839,42,6.2,Decent but forgettable.,2023-01-06,118,neutral
2196,668,45,8.0,A masterpiece of modern cinema.,2025-04-30,128,positive
2197,269,17,9.2,Emotional and thought-provoking.,2025-04-04,43,positive
2198,829,49,8.4,Stunning visuals and gripping story.,2023-04-28,200,positive
2199,318,42,8.0,Emotional and thought-provoking.,2023-02-02,167,positive
2200,692,10,7.0,Absolutely loved it!,2023-03-20,129,positive
2201,256,29,8.8,Absolutely loved it!,2023-02-02,130,positive
2202,75,35,3.2,Overhyped and underdelivered.,2024-10-25,193,negative
2203,225,31,7.3,Absolutely loved it!,2023-10-19,117,positive
2204,4,33,5.5,"Some good moments, some slow parts.",2023-09-19,80,neutral
2205,878,15,6.7,Decent but forgettable.,2023-12-24,103,neutral
2206,482,9,9.5,Emotional and thought-provoking.,2023-03-07,144,positive
2207,697,22,9.6,Absolutely loved it!,2024-08-04,69,positive
2208,371,47,6.6,Worth a watch on a lazy evening.,2023-12-29,193,neutral
2209,538,41,1.3,Not worth the subscription fee.,2024-01-01,22,negative
2210,308,28,9.6,Absolutely loved it!,2023-01-01,1,positive
2211,546,33,8.6,Stunning visuals and gripping story.,2024-10-19,107,positive
2212,306,48,5.6,Worth a watch on a lazy evening.,2024-03-31,42,neutral
2213,164,12,8.0,Stunning visuals and gripping story.,2025-03-18,148,positive
2214,988,47,5.2,"Some good moments, some slow parts.",2024-07-31,59,neutral
2215,364,19,7.2,Absolutely loved it!,2025-01-08,126,positive
2216,206,10,9.6,Emotional and thought-provoking.,2023-03-15,151,positive
2217,692,39,1.9,"Too predictable, fell asleep halfway.",2024-04-07,63,negative
2218,91,7,7.5,A masterpiece of modern cinema.,2023-11-23,176,positive
2219,831,13,4.9,Not worth the subscription fee.,2024-08-17,56,negative
2220,214,22,2.3,Overhyped and underdelivered.,2023-12-22,170,negative
2221,70,41,7.8,Emotional and thought-provoking.,2023-01-21,126,positive
2222,272,28,2.9,Weak plot and flat characters.,2024-08-24,117,negative
2223,792,40,6.9,"It was okay, nothing special.",2023-04-17,134,neutral
2224,992,33,9.3,Emotional and thought-provoking.,2025-02-07,12,positive
2225,450,25,4.1,Disappointing compared to the trailer.,2023-11-28,170,negative
2226,786,37,4.6,Comedy that wasn't funny at all.,2024-11-05,162,negative
2227,704,44,9.3,Best film this year.,2023-05-28,94,positive
2228,229,45,8.4,Couldn't stop watching.,2025-01-03,104,positive
2229,490,46,9.5,Best film this year.,2024-08-24,100,positive
2230,392,2,4.7,Disappointing compared to the trailer.,2023-06-30,140,negative
2231,650,31,9.3,Stunning visuals and gripping story.,2023-05-11,53,positive
2232,564,2,7.4,Incredible performances all around.,2023-04-29,103,positive
2233,873,48,4.6,"Too predictable, fell asleep halfway.",2023-07-04,154,negative
2234,394,44,3.1,Overhyped and underdelivered.,2023-07-05,122,negative
2235,235,17,8.7,Absolutely loved it!,2024-10-31,67,positive
2236,175,26,9.2,Best film this year.,2023-10-25,100,positive
2237,844,1,8.9,Emotional and thought-provoking.,2024-02-17,129,positive
2238,540,37,8.5,Couldn't stop watching.,2024-09-15,200,positive
2239,895,16,1.3,Disappointing compared to the trailer.,2024-11-18,189,negative
2240,235,13,4.7,Not worth the subscription fee.,2023-05-10,24,negative
2241,490,39,7.6,Emotional and thought-provoking.,2024-06-28,199,positive
2242,355,27,8.1,Absolutely loved it!,2023-10-18,79,positive
2243,425,11,9.6,Best film this year.,2024-12-02,196,positive
2244,776,42,9.7,Stunning visuals and gripping story.,2023-08-09,23,positive
2245,435,47,6.4,Worth a watch on a lazy evening.,2025-02-25,192,neutral
2246,295,7,7.2,Incredible performances all around.,2023-08-13,112,positive
2247,601,2,9.5,Stunning visuals and gripping story.,2023-09-30,32,positive
2248,120,9,5.1,Worth a watch on a lazy evening.,2023-01-22,95,neutral
2249,894,44,5.1,"Some good moments, some slow parts.",2024-03-04,151,neutral
2250,948,1,9.2,Emotional and thought-provoking.,2024-08-18,24,positive
2251,643,32,9.6,Couldn't stop watching.,2023-01-12,112,positive
2252,830,10,9.9,Stunning visuals and gripping story.,2023-12-04,60,positive
2253,19,49,9.1,A masterpiece of modern cinema.,2024-04-18,37,positive
2254,156,25,5.8,Worth a watch on a lazy evening.,2024-03-31,57,neutral
2255,286,40,9.6,Emotional and thought-provoking.,2025-03-16,111,positive
2256,998,4,8.0,Absolutely loved it!,2023-02-15,135,positive
2257,381,36,7.8,Absolutely loved it!,2024-12-29,74,positive
2258,707,25,8.3,Stunning visuals and gripping story.,2025-03-17,149,positive
2259,173,8,7.2,Couldn't stop watching.,2023-11-24,36,positive
2260,416,6,8.5,Stunning visuals and gripping story.,2023-03-03,170,positive
2261,600,28,9.6,Emotional and thought-provoking.,2025-02-03,121,positive
2262,144,2,4.1,Not worth the subscription fee.,2024-07-08,166,negative
2263,898,21,2.9,Weak plot and flat characters.,2023-08-13,34,negative
2264,682,21,9.1,Emotional and thought-provoking.,2024-02-22,53,positive
2265,260,36,1.9,Disappointing compared to the trailer.,2023-11-07,174,negative
2266,992,16,4.5,Not worth the subscription fee.,2024-10-19,100,negative
2267,581,8,2.0,Overhyped and underdelivered.,2024-10-20,186,negative
2268,617,44,8.0,A masterpiece of modern cinema.,2023-03-24,137,positive
2269,512,45,9.8,Absolutely loved it!,2023-10-15,109,positive
2270,388,6,7.2,Stunning visuals and gripping story.,2024-12-03,179,positive
2271,67,37,8.5,Absolutely loved it!,2025-03-22,96,positive
2272,94,34,6.4,Worth a watch on a lazy evening.,2023-11-29,49,neutral
2273,439,25,5.6,"It was okay, nothing special.",2024-11-17,19,neutral
2274,567,5,6.1,"It was okay, nothing special.",2023-08-21,118,neutral
2275,309,49,5.8,"It was okay, nothing special.",2023-07-01,86,neutral
2276,68,19,9.0,A masterpiece of modern cinema.,2025-01-03,99,positive
2277,897,7,4.7,Comedy that wasn't funny at all.,2024-11-23,20,negative
2278,134,20,9.4,Incredible performances all around.,2023-03-10,39,positive
2279,83,42,6.2,Decent but forgettable.,2024-07-13,116,neutral
2280,212,2,8.2,A masterpiece of modern cinema.,2023-08-29,166,positive
2281,164,33,8.8,Emotional and thought-provoking.,2024-01-03,118,positive
2282,233,30,5.9,Worth a watch on a lazy evening.,2025-01-29,190,neutral
2283,707,41,3.6,Disappointing compared to the trailer.,2024-07-17,151,negative
2284,878,20,5.1,Decent but forgettable.,2025-03-02,86,neutral
2285,624,18,5.4,Worth a watch on a lazy evening.,2023-09-26,149,neutral
2286,307,45,9.9,Absolutely loved it!,2024-08-30,131,positive
2287,886,17,5.7,Decent but forgettable.,2025-04-22,95,neutral
2288,332,19,3.5,Not worth the subscription fee.,2025-04-08,32,negative
2289,174,33,9.6,Absolutely loved it!,2023-09-23,23,positive
2290,915,16,6.5,Decent but forgettable.,2023-12-26,80,neutral
2291,541,28,1.9,Overhyped and underdelivered.,2023-07-14,167,negative
2292,219,1,7.3,Emotional and thought-provoking.,2023-08-21,27,positive
2293,80,8,3.8,"Too predictable, fell asleep halfway.",2023-05-24,52,negative
2294,714,27,6.4,"It was okay, nothing special.",2024-06-07,46,neutral
2295,761,8,4.0,Not worth the subscription fee.,2025-01-13,161,negative
2296,181,48,1.3,Disappointing compared to the trailer.,2023-03-20,26,negative
2297,529,38,8.7,Incredible performances all around.,2024-11-09,187,positive
2298,51,33,8.7,Incredible performances all around.,2023-07-31,11,positive
2299,616,42,5.4,"It was okay, nothing special.",2024-10-07,165,neutral
2300,622,36,4.2,Disappointing compared to the trailer.,2023-06-15,4,negative
2301,880,49,6.0,Worth a watch on a lazy evening.,2024-11-03,169,neutral
2302,750,33,6.1,"Some good moments, some slow parts.",2023-08-30,52,neutral
2303,783,21,3.6,Comedy that wasn't funny at all.,2024-03-07,45,negative
2304,556,16,2.5,Overhyped and underdelivered.,2024-07-28,2,negative
2305,372,35,6.5,Worth a watch on a lazy evening.,2024-11-05,151,neutral
2306,447,33,8.2,Stunning visuals and gripping story.,2024-08-05,13,positive
2307,183,18,7.8,Incredible performances all around.,2023-07-24,167,positive
2308,353,37,10.0,Emotional and thought-provoking.,2024-01-26,69,positive
2309,527,18,9.2,A masterpiece of modern cinema.,2024-08-20,47,positive
2310,703,31,7.4,Absolutely loved it!,2025-04-06,124,positive
2311,930,24,7.4,A masterpiece of modern cinema.,2023-06-06,163,positive
2312,270,36,7.1,Best film this year.,2024-04-19,99,positive
2313,554,37,9.5,Incredible performances all around.,2025-04-24,102,positive
2314,195,42,6.5,"Some good moments, some slow parts.",2024-09-29,100,neutral
2315,366,49,8.2,Couldn't stop watching.,2025-01-07,27,positive
2316,280,4,6.7,"Some good moments, some slow parts.",2023-12-15,70,neutral
2317,333,16,8.7,A masterpiece of modern cinema.,2023-07-12,166,positive
2318,774,12,1.8,Not worth the subscription fee.,2023-12-19,174,negative
2319,456,4,7.2,Stunning visuals and gripping story.,2024-01-03,151,positive
2320,387,27,4.8,Not worth the subscription fee.,2023-11-10,168,negative
2321,435,25,9.0,Couldn't stop watching.,2023-03-02,134,positive
2322,711,39,3.8,"Too predictable, fell asleep halfway.",2023-05-06,12,negative
2323,495,3,7.3,A masterpiece of modern cinema.,2023-01-15,45,positive
2324,171,43,8.9,A masterpiece of modern cinema.,2024-08-26,106,positive
2325,12,25,3.1,Not worth the subscription fee.,2023-06-27,45,negative
2326,910,49,9.4,Best film this year.,2023-01-24,152,positive
2327,688,20,8.3,A masterpiece of modern cinema.,2025-01-22,69,positive
2328,547,33,5.6,Worth a watch on a lazy evening.,2025-01-07,195,neutral
2329,68,35,7.9,Stunning visuals and gripping story.,2025-02-04,80,positive
2330,452,26,7.4,Emotional and thought-provoking.,2023-08-07,111,positive
2331,613,45,6.3,Worth a watch on a lazy evening.,2023-08-28,165,neutral
2332,806,4,8.1,Couldn't stop watching.,2024-12-17,195,positive
2333,36,30,8.3,A masterpiece of modern cinema.,2023-09-14,55,positive
2334,200,20,3.3,Overhyped and underdelivered.,2024-04-12,13,negative
2335,329,22,7.1,Emotional and thought-provoking.,2024-11-19,51,positive
2336,212,13,4.8,Not worth the subscription fee.,2023-08-21,191,negative
2337,92,31,7.0,Worth a watch on a lazy evening.,2024-12-17,73,neutral
2338,638,28,5.2,"Some good moments, some slow parts.",2023-08-29,190,neutral
2339,264,2,5.8,"It was okay, nothing special.",2025-04-26,173,neutral
2340,50,8,8.6,Best film this year.,2023-06-05,97,positive
2341,213,11,7.3,Stunning visuals and gripping story.,2024-12-20,133,positive
2342,869,46,5.7,Worth a watch on a lazy evening.,2024-06-10,176,neutral
2343,562,19,9.9,Best film this year.,2023-10-25,34,positive
2344,19,48,5.2,Worth a watch on a lazy evening.,2024-02-06,130,neutral
2345,178,31,7.7,Best film this year.,2023-02-17,20,positive
2346,800,33,7.8,Stunning visuals and gripping story.,2025-04-09,183,positive
2347,451,47,8.6,Absolutely loved it!,2025-04-21,128,positive
2348,706,9,8.9,A masterpiece of modern cinema.,2025-02-05,26,positive
2349,794,13,3.4,Comedy that wasn't funny at all.,2023-06-23,189,negative
2350,552,36,5.9,Decent but forgettable.,2023-10-04,53,neutral
2351,815,39,7.7,Stunning visuals and gripping story.,2025-01-21,26,positive
2352,545,45,5.8,Decent but forgettable.,2023-11-21,71,neutral
2353,484,15,5.6,Worth a watch on a lazy evening.,2023-04-24,79,neutral
2354,855,45,2.8,"Too predictable, fell asleep halfway.",2023-09-28,172,negative
2355,762,30,7.6,Emotional and thought-provoking.,2024-10-28,153,positive
2356,553,2,7.4,Incredible performances all around.,2024-03-10,113,positive
2357,526,7,6.4,"Some good moments, some slow parts.",2023-12-30,69,neutral
2358,960,49,7.7,Incredible performances all around.,2024-08-26,174,positive
2359,606,29,9.1,Absolutely loved it!,2023-10-05,173,positive
2360,106,17,5.7,Worth a watch on a lazy evening.,2023-03-27,55,neutral
2361,405,18,7.7,Couldn't stop watching.,2025-02-09,8,positive
2362,409,16,8.5,Stunning visuals and gripping story.,2023-11-25,193,positive
2363,348,17,6.0,"It was okay, nothing special.",2023-01-16,72,neutral
2364,154,5,4.9,Overhyped and underdelivered.,2024-09-03,147,negative
2365,498,38,6.0,Worth a watch on a lazy evening.,2024-02-22,181,neutral
2366,5,5,2.6,"Too predictable, fell asleep halfway.",2024-11-06,99,negative
2367,704,29,9.5,Couldn't stop watching.,2025-01-28,47,positive
2368,506,35,1.8,Overhyped and underdelivered.,2025-01-01,8,negative
2369,889,46,3.0,Comedy that wasn't funny at all.,2024-09-03,10,negative
2370,732,37,9.0,Couldn't stop watching.,2024-09-05,161,positive
2371,188,2,9.7,Couldn't stop watching.,2024-06-07,60,positive
2372,970,45,7.2,Absolutely loved it!,2023-04-21,193,positive
2373,194,26,2.1,Comedy that wasn't funny at all.,2025-01-31,48,negative
2374,84,40,9.0,Emotional and thought-provoking.,2024-12-24,96,positive
2375,268,26,9.6,Best film this year.,2024-02-26,176,positive
2376,907,13,4.4,Weak plot and flat characters.,2024-10-21,188,negative
2377,337,2,8.9,Stunning visuals and gripping story.,2025-01-24,133,positive
2378,886,34,5.6,"It was okay, nothing special.",2025-02-09,95,neutral
2379,592,22,7.9,Absolutely loved it!,2023-01-30,32,positive
2380,546,37,5.4,Decent but forgettable.,2024-11-08,115,neutral
2381,887,7,4.5,Overhyped and underdelivered.,2023-10-19,49,negative
2382,693,33,5.1,"It was okay, nothing special.",2023-09-09,184,neutral
2383,473,12,6.2,"Some good moments, some slow parts.",2025-04-26,8,neutral
2384,802,48,5.8,Worth a watch on a lazy evening.,2023-11-21,125,neutral
2385,229,34,5.7,Worth a watch on a lazy evening.,2023-11-19,27,neutral
2386,181,10,7.4,A masterpiece of modern cinema.,2023-11-22,146,positive
2387,696,35,5.1,Worth a watch on a lazy evening.,2023-01-06,45,neutral
2388,937,12,8.5,Absolutely loved it!,2023-08-25,43,positive
2389,657,45,9.3,Emotional and thought-provoking.,2023-07-15,118,positive
2390,548,2,8.6,Absolutely loved it!,2024-09-22,175,positive
2391,419,18,1.6,Weak plot and flat characters.,2024-07-27,92,negative
2392,335,24,8.9,Incredible performances all around.,2023-06-29,199,positive
2393,888,49,9.1,Emotional and thought-provoking.,2024-06-26,34,positive
2394,674,9,5.6,"It was okay, nothing special.",2023-08-14,10,neutral
2395,644,25,5.0,"Some good moments, some slow parts.",2023-11-22,168,neutral
2396,829,32,7.4,Incredible performances all around.,2024-02-22,65,positive
2397,2,49,2.1,Disappointing compared to the trailer.,2024-01-19,27,negative
2398,992,8,5.4,"Some good moments, some slow parts.",2023-04-26,57,neutral
2399,687,46,4.0,Comedy that wasn't funny at all.,2024-01-17,15,negative
2400,80,2,7.5,Emotional and thought-provoking.,2023-06-11,184,positive
2401,995,49,5.4,Decent but forgettable.,2025-01-03,138,neutral
2402,323,33,2.1,Weak plot and flat characters.,2024-05-21,59,negative
2403,325,3,7.3,Best film this year.,2025-03-11,158,positive
2404,87,26,5.1,"It was okay, nothing special.",2024-09-06,148,neutral
2405,348,15,6.9,"It was okay, nothing special.",2023-12-03,156,neutral
2406,491,33,7.0,Decent but forgettable.,2025-04-12,169,neutral
2407,554,6,6.9,Decent but forgettable.,2024-10-13,82,neutral
2408,861,8,3.5,Not worth the subscription fee.,2024-12-05,180,negative
2409,126,40,2.9,Comedy that wasn't funny at all.,2025-03-18,137,negative
2410,890,6,7.7,Emotional and thought-provoking.,2023-04-19,152,positive
2411,835,42,6.7,"It was okay, nothing special.",2023-04-21,89,neutral
2412,283,14,6.6,Worth a watch on a lazy evening.,2023-02-23,20,neutral
2413,684,19,9.8,Best film this year.,2024-11-21,143,positive
2414,535,9,5.8,"Some good moments, some slow parts.",2024-01-25,37,neutral
2415,664,41,7.1,Couldn't stop watching.,2023-07-12,161,positive
2416,181,46,5.9,"Some good moments, some slow parts.",2023-05-29,165,neutral
2417,707,43,7.6,Stunning visuals and gripping story.,2023-05-14,95,positive
2418,654,47,5.1,"Some good moments, some slow parts.",2024-01-23,89,neutral
2419,422,45,6.2,"It was okay, nothing special.",2025-02-19,108,neutral
2420,456,5,1.6,Comedy that wasn't funny at all.,2023-11-15,69,negative
2421,723,2,7.1,Couldn't stop watching.,2024-04-06,33,positive
2422,329,13,9.2,Best film this year.,2025-03-01,161,positive
2423,598,30,5.9,Decent but forgettable.,2023-01-17,101,neutral
2424,570,28,3.0,Comedy that wasn't funny at all.,2024-03-23,29,negative
2425,589,12,4.3,Overhyped and underdelivered.,2024-11-19,34,negative
2426,839,45,9.1,Best film this year.,2023-02-16,68,positive
2427,15,10,7.3,A masterpiece of modern cinema.,2024-02-04,133,positive
2428,673,17,7.2,Best film this year.,2025-03-26,110,positive
2429,767,42,8.0,Couldn't stop watching.,2023-09-26,132,positive
2430,118,40,5.8,"Some good moments, some slow parts.",2023-12-07,165,neutral
2431,767,40,9.1,Couldn't stop watching.,2023-03-08,72,positive
2432,922,31,2.4,Overhyped and underdelivered.,2024-03-20,77,negative
2433,628,30,6.7,Decent but forgettable.,2024-08-18,31,neutral
2434,175,26,7.3,A masterpiece of modern cinema.,2023-09-07,57,positive
2435,278,23,8.6,A masterpiece of modern cinema.,2023-08-02,5,positive
2436,627,41,8.8,Couldn't stop watching.,2024-06-06,166,positive
2437,202,14,9.9,Incredible performances all around.,2025-02-26,12,positive
2438,516,22,5.1,"Some good moments, some slow parts.",2024-02-14,66,neutral
2439,347,40,9.9,Best film this year.,2023-09-19,13,positive
2440,349,35,2.7,Overhyped and underdelivered.,2024-09-22,93,negative
2441,81,38,6.5,Decent but forgettable.,2025-03-05,155,neutral
2442,790,23,2.0,Not worth the subscription fee.,2025-02-09,181,negative
2443,685,41,6.7,Decent but forgettable.,2025-02-12,175,neutral
2444,18,38,8.0,Best film this year.,2024-09-09,22,positive
2445,187,49,7.2,Absolutely loved it!,2025-04-05,115,positive
2446,911,45,7.9,Couldn't stop watching.,2023-10-28,69,positive
2447,932,9,8.5,Incredible performances all around.,2024-10-01,162,positive
2448,588,22,6.8,"Some good moments, some slow parts.",2023-06-09,112,neutral
2449,974,39,2.6,Weak plot and flat characters.,2023-01-04,71,negative
2450,630,21,5.7,"Some good moments, some slow parts.",2024-03-28,136,neutral
2451,668,44,7.9,Stunning visuals and gripping story.,2023-07-21,139,positive
2452,567,11,9.8,Absolutely loved it!,2025-01-08,86,positive
2453,738,37,5.7,Decent but forgettable.,2023-04-18,30,neutral
2454,892,33,9.6,Stunning visuals and gripping story.,2023-06-13,62,positive
2455,108,6,9.7,Best film this year.,2025-04-28,94,positive
2456,400,15,2.7,Weak plot and flat characters.,2023-01-01,12,negative
2457,958,44,9.0,Incredible performances all around.,2023-07-27,81,positive
2458,595,3,8.2,Best film this year.,2023-01-14,117,positive
2459,683,41,10.0,Best film this year.,2025-01-05,103,positive
2460,581,19,5.5,Worth a watch on a lazy evening.,2025-01-15,113,neutral
2461,216,22,7.0,Decent but forgettable.,2025-01-09,173,neutral
2462,855,40,7.4,A masterpiece of modern cinema.,2024-04-30,117,positive
2463,269,45,8.2,A masterpiece of modern cinema.,2025-04-18,108,positive
2464,943,24,8.2,Best film this year.,2024-04-19,102,positive
2465,318,1,7.7,Best film this year.,2023-12-15,130,positive
2466,402,8,5.2,Worth a watch on a lazy evening.,2024-08-07,104,neutral
2467,471,37,7.7,Incredible performances all around.,2023-10-15,149,positive
2468,659,27,1.9,Not worth the subscription fee.,2023-07-25,108,negative
2469,616,12,7.9,Best film this year.,2024-03-01,47,positive
2470,731,34,8.5,A masterpiece of modern cinema.,2023-10-19,113,positive
2471,459,41,8.5,Incredible performances all around.,2023-08-17,179,positive
2472,254,27,1.2,Disappointing compared to the trailer.,2024-04-26,137,negative
2473,966,28,9.3,Absolutely loved it!,2024-01-12,54,positive
2474,290,48,1.1,Not worth the subscription fee.,2024-07-14,176,negative
2475,799,7,9.2,Emotional and thought-provoking.,2024-11-10,92,positive
2476,943,20,6.8,"It was okay, nothing special.",2024-10-04,173,neutral
2477,403,7,7.9,Best film this year.,2024-07-21,126,positive
2478,386,1,3.7,Not worth the subscription fee.,2024-04-07,100,negative
2479,314,28,5.1,Worth a watch on a lazy evening.,2023-07-27,169,neutral
2480,174,19,9.3,Stunning visuals and gripping story.,2023-07-02,36,positive
2481,512,7,4.9,Weak plot and flat characters.,2023-03-31,116,negative
2482,230,27,6.9,Worth a watch on a lazy evening.,2024-03-04,117,neutral
2483,238,39,9.7,A masterpiece of modern cinema.,2023-02-15,125,positive
2484,925,11,8.5,Incredible performances all around.,2025-03-17,170,positive
2485,200,27,5.9,"It was okay, nothing special.",2023-09-23,117,neutral
2486,716,28,9.1,Emotional and thought-provoking.,2024-04-25,160,positive
2487,122,27,9.7,Incredible performances all around.,2024-02-09,28,positive
2488,970,46,4.9,Weak plot and flat characters.,2023-09-19,149,negative
2489,723,17,5.7,Worth a watch on a lazy evening.,2023-06-28,68,neutral
2490,706,17,7.3,Stunning visuals and gripping story.,2023-10-05,137,positive
2491,736,12,7.9,Couldn't stop watching.,2024-10-13,18,positive
2492,27,38,9.8,Emotional and thought-provoking.,2024-05-04,131,positive
2493,827,5,2.0,Comedy that wasn't funny at all.,2024-10-15,194,negative
2494,18,32,1.9,Weak plot and flat characters.,2025-02-05,29,negative
2495,360,26,6.9,"It was okay, nothing special.",2023-12-15,49,neutral
2496,845,16,6.7,"It was okay, nothing special.",2024-06-29,199,neutral
2497,337,6,7.6,Emotional and thought-provoking.,2024-01-30,14,positive
2498,407,37,7.5,Couldn't stop watching.,2024-07-14,154,positive
2499,373,27,1.3,Disappointing compared to the trailer.,2023-07-18,3,negative
2500,967,35,3.4,Not worth the subscription fee.,2024-06-24,98,negative
2501,219,36,6.5,"Some good moments, some slow parts.",2023-02-26,75,neutral
2502,789,18,8.2,Stunning visuals and gripping story.,2024-02-20,162,positive
2503,658,44,9.4,Stunning visuals and gripping story.,2023-07-25,83,positive
2504,291,34,8.7,Stunning visuals and gripping story.,2023-04-01,161,positive
2505,829,49,6.9,"Some good moments, some slow parts.",2025-03-14,131,neutral
2506,806,2,9.8,Best film this year.,2024-10-30,122,positive
2507,917,17,3.7,Comedy that wasn't funny at all.,2024-12-27,182,negative
2508,497,24,10.0,A masterpiece of modern cinema.,2025-01-08,13,positive
2509,174,20,2.0,"Too predictable, fell asleep halfway.",2023-03-10,55,negative
2510,552,39,5.3,Decent but forgettable.,2023-12-13,171,neutral
2511,289,49,2.1,Not worth the subscription fee.,2023-12-11,138,negative
2512,928,48,3.5,Not worth the subscription fee.,2025-01-22,112,negative
2513,929,13,4.8,Comedy that wasn't funny at all.,2025-02-03,153,negative
2514,331,9,9.3,Emotional and thought-provoking.,2023-12-28,173,positive
2515,456,41,9.5,Best film this year.,2025-01-20,163,positive
2516,412,28,7.6,Best film this year.,2023-04-24,35,positive
2517,530,6,9.5,Couldn't stop watching.,2024-08-22,111,positive
2518,235,6,2.0,Weak plot and flat characters.,2024-07-27,90,negative
2519,406,36,5.8,"Some good moments, some slow parts.",2024-04-03,10,neutral
2520,750,47,5.1,"It was okay, nothing special.",2023-12-04,173,neutral
2521,35,46,7.6,A masterpiece of modern cinema.,2024-03-14,39,positive
2522,625,12,8.0,Incredible performances all around.,2023-05-07,61,positive
2523,269,13,9.9,Absolutely loved it!,2025-03-03,44,positive
2524,17,21,8.9,A masterpiece of modern cinema.,2023-03-12,56,positive
2525,656,35,5.8,Decent but forgettable.,2024-06-27,156,neutral
2526,462,9,6.3,Worth a watch on a lazy evening.,2023-02-04,36,neutral
2527,259,24,9.4,Best film this year.,2025-02-20,59,positive
2528,913,8,1.2,"Too predictable, fell asleep halfway.",2024-10-16,149,negative
2529,719,4,7.0,Emotional and thought-provoking.,2024-08-14,98,positive
2530,42,36,8.4,Best film this year.,2023-08-22,164,positive
2531,933,21,3.3,Weak plot and flat characters.,2023-10-12,93,negative
2532,976,42,4.7,"Too predictable, fell asleep halfway.",2024-12-18,172,negative
2533,116,24,3.6,"Too predictable, fell asleep halfway.",2023-07-31,62,negative
2534,399,2,9.9,Absolutely loved it!,2025-02-07,178,positive
2535,689,6,6.4,Decent but forgettable.,2023-03-13,46,neutral
2536,195,2,8.2,Incredible performances all around.,2024-03-13,128,positive
2537,290,29,10.0,Couldn't stop watching.,2023-03-30,105,positive
2538,609,3,7.1,Emotional and thought-provoking.,2025-02-03,69,positive
2539,993,9,7.4,Emotional and thought-provoking.,2024-09-16,87,positive
2540,748,34,5.5,"Some good moments, some slow parts.",2024-07-21,84,neutral
2541,834,7,6.3,Decent but forgettable.,2024-08-21,40,neutral
2542,75,5,4.2,Overhyped and underdelivered.,2024-01-22,126,negative
2543,564,23,7.7,A masterpiece of modern cinema.,2025-01-31,174,positive
2544,1000,17,9.8,Stunning visuals and gripping story.,2024-03-14,188,positive
2545,409,34,7.6,Absolutely loved it!,2025-01-27,124,positive
2546,214,31,9.7,Stunning visuals and gripping story.,2025-03-25,126,positive
2547,298,28,5.5,"Some good moments, some slow parts.",2023-01-18,134,neutral
2548,531,11,8.4,Best film this year.,2023-09-30,188,positive
2549,775,22,5.5,Decent but forgettable.,2024-01-12,162,neutral
2550,525,35,3.5,Weak plot and flat characters.,2023-04-10,12,negative
2551,596,18,8.6,Best film this year.,2025-03-05,72,positive
2552,703,30,6.2,"Some good moments, some slow parts.",2025-02-01,130,neutral
2553,605,33,9.6,Couldn't stop watching.,2025-02-17,108,positive
2554,843,4,1.1,Overhyped and underdelivered.,2024-04-24,94,negative
2555,810,46,5.0,Weak plot and flat characters.,2024-11-06,180,negative
2556,745,38,8.1,Stunning visuals and gripping story.,2024-04-07,195,positive
2557,781,28,6.9,"Some good moments, some slow parts.",2023-07-05,122,neutral
2558,41,38,8.8,Stunning visuals and gripping story.,2025-02-07,85,positive
2559,299,48,6.1,"Some good moments, some slow parts.",2024-10-09,50,neutral
2560,699,49,9.3,Emotional and thought-provoking.,2023-01-09,187,positive
2561,376,14,2.6,Not worth the subscription fee.,2024-03-30,161,negative
2562,82,45,8.5,Best film this year.,2025-03-10,198,positive
2563,956,29,6.6,"It was okay, nothing special.",2023-12-19,161,neutral
2564,702,45,8.0,Incredible performances all around.,2024-08-22,43,positive
2565,380,33,7.8,Absolutely loved it!,2023-10-21,139,positive
2566,7,36,8.0,Incredible performances all around.,2023-04-10,166,positive
2567,519,37,9.3,Absolutely loved it!,2023-12-21,133,positive
2568,911,31,8.6,A masterpiece of modern cinema.,2024-09-07,186,positive
2569,264,25,9.8,A masterpiece of modern cinema.,2023-03-26,98,positive
2570,331,47,7.8,Emotional and thought-provoking.,2024-05-25,141,positive
2571,692,29,6.9,"It was okay, nothing special.",2023-01-31,83,neutral
2572,411,27,7.4,Incredible performances all around.,2023-10-11,108,positive
2573,224,3,9.3,A masterpiece of modern cinema.,2025-01-22,174,positive
2574,654,32,8.2,A masterpiece of modern cinema.,2023-08-27,85,positive
2575,493,36,8.2,Incredible performances all around.,2024-03-12,199,positive
2576,29,15,4.5,Disappointing compared to the trailer.,2024-10-15,173,negative
2577,735,11,8.7,Absolutely loved it!,2024-01-02,70,positive
2578,495,40,8.5,Best film this year.,2023-09-29,176,positive
2579,728,7,8.0,Couldn't stop watching.,2024-08-31,105,positive
2580,526,14,6.0,Worth a watch on a lazy evening.,2023-05-25,136,neutral
2581,603,41,7.4,Incredible performances all around.,2024-05-11,28,positive
2582,29,24,7.0,Incredible performances all around.,2023-07-22,57,positive
2583,707,39,5.6,Decent but forgettable.,2023-06-05,125,neutral
2584,806,12,7.6,A masterpiece of modern cinema.,2024-05-16,80,positive
2585,984,35,3.9,Disappointing compared to the trailer.,2024-03-12,34,negative
2586,353,37,9.2,A masterpiece of modern cinema.,2025-02-01,114,positive
2587,964,5,5.1,"Some good moments, some slow parts.",2024-11-16,113,neutral
2588,453,30,5.8,"It was okay, nothing special.",2024-12-05,80,neutral
2589,631,13,6.2,Worth a watch on a lazy evening.,2023-05-26,166,neutral
2590,754,30,8.2,A masterpiece of modern cinema.,2023-04-24,23,positive
2591,531,48,8.7,Couldn't stop watching.,2023-08-25,175,positive
2592,733,18,6.9,"Some good moments, some slow parts.",2023-02-07,33,neutral
2593,445,42,5.1,Decent but forgettable.,2023-12-07,169,neutral
2594,569,47,8.7,Best film this year.,2024-10-11,163,positive
2595,218,24,5.1,"Some good moments, some slow parts.",2025-03-04,140,neutral
2596,298,11,5.6,"Some good moments, some slow parts.",2024-10-05,64,neutral
2597,946,40,8.5,Stunning visuals and gripping story.,2024-11-16,86,positive
2598,444,29,9.3,Stunning visuals and gripping story.,2024-02-23,143,positive
2599,530,5,8.0,Emotional and thought-provoking.,2023-08-06,193,positive
2600,606,9,6.6,Decent but forgettable.,2025-01-30,51,neutral
2601,501,14,7.5,Stunning visuals and gripping story.,2024-11-05,77,positive
2602,860,4,8.8,Best film this year.,2023-11-14,73,positive
2603,576,37,4.1,Weak plot and flat characters.,2023-01-25,133,negative
2604,304,9,5.5,"It was okay, nothing special.",2024-08-08,32,neutral
2605,96,21,9.0,Stunning visuals and gripping story.,2025-04-16,65,positive
2606,722,18,6.7,Decent but forgettable.,2024-07-31,110,neutral
2607,82,11,9.9,Incredible performances all around.,2024-11-22,130,positive
2608,459,2,8.7,Stunning visuals and gripping story.,2023-06-11,73,positive
2609,437,49,9.7,Absolutely loved it!,2024-10-05,170,positive
2610,805,9,2.4,Weak plot and flat characters.,2023-09-16,74,negative
2611,225,30,7.5,Couldn't stop watching.,2023-06-09,185,positive
2612,940,3,9.8,Best film this year.,2024-01-11,106,positive
2613,903,42,2.7,"Too predictable, fell asleep halfway.",2023-02-25,48,negative
2614,451,4,7.2,Absolutely loved it!,2024-08-02,95,positive
2615,995,46,2.9,Not worth the subscription fee.,2023-08-28,129,negative
2616,902,34,1.5,Not worth the subscription fee.,2025-03-04,179,negative
2617,464,36,7.6,Absolutely loved it!,2023-04-16,121,positive
2618,663,5,3.8,Comedy that wasn't funny at all.,2023-12-25,178,negative
2619,658,26,6.4,Worth a watch on a lazy evening.,2025-04-20,139,neutral
2620,83,33,9.4,A masterpiece of modern cinema.,2024-06-01,194,positive
2621,91,24,9.4,Couldn't stop watching.,2024-10-07,109,positive
2622,143,16,5.9,"Some good moments, some slow parts.",2023-02-28,128,neutral
2623,664,30,8.1,Absolutely loved it!,2023-12-19,102,positive
2624,849,12,5.0,"It was okay, nothing special.",2025-04-28,4,neutral
2625,265,32,5.1,"Some good moments, some slow parts.",2023-02-15,111,neutral
2626,672,22,3.1,Comedy that wasn't funny at all.,2023-02-09,14,negative
2627,199,29,4.6,"Too predictable, fell asleep halfway.",2023-03-06,77,negative
2628,434,14,7.2,A masterpiece of modern cinema.,2024-04-15,162,positive
2629,301,12,9.4,Couldn't stop watching.,2023-07-18,114,positive
2630,665,28,7.7,Emotional and thought-provoking.,2023-10-09,120,positive
2631,5,6,2.6,Disappointing compared to the trailer.,2025-02-04,94,negative
2632,905,27,3.8,Weak plot and flat characters.,2024-10-01,32,negative
2633,413,25,9.7,Stunning visuals and gripping story.,2023-05-18,13,positive
2634,97,15,9.6,Best film this year.,2025-01-02,130,positive
2635,839,32,7.1,Emotional and thought-provoking.,2024-08-29,128,positive
2636,404,9,1.4,Comedy that wasn't funny at all.,2023-01-19,51,negative
2637,123,38,8.6,Best film this year.,2023-07-16,93,positive
2638,605,5,8.0,Couldn't stop watching.,2023-07-11,172,positive
2639,439,16,9.7,Best film this year.,2024-04-02,134,positive
2640,941,34,3.1,Weak plot and flat characters.,2023-11-01,84,negative
2641,702,40,3.4,"Too predictable, fell asleep halfway.",2024-06-30,28,negative
2642,742,14,7.4,Stunning visuals and gripping story.,2023-06-02,50,positive
2643,781,9,7.5,A masterpiece of modern cinema.,2023-08-19,158,positive
2644,188,46,2.8,Not worth the subscription fee.,2023-04-05,198,negative
2645,209,34,8.1,Best film this year.,2023-10-20,72,positive
2646,28,22,6.0,"Some good moments, some slow parts.",2023-07-16,46,neutral
2647,303,8,2.7,Comedy that wasn't funny at all.,2023-02-11,122,negative
2648,36,11,5.6,"It was okay, nothing special.",2023-10-12,172,neutral
2649,108,1,9.6,Stunning visuals and gripping story.,2025-04-17,141,positive
2650,471,33,8.5,Best film this year.,2025-01-27,52,positive
2651,705,25,1.0,Not worth the subscription fee.,2025-02-07,77,negative
2652,351,32,5.3,"Some good moments, some slow parts.",2023-08-24,119,neutral
2653,220,30,9.7,A masterpiece of modern cinema.,2024-12-05,147,positive
2654,895,23,7.4,Best film this year.,2023-10-08,145,positive
2655,973,31,5.2,Decent but forgettable.,2024-01-22,151,neutral
2656,323,5,9.7,Incredible performances all around.,2024-03-02,152,positive
2657,167,3,7.3,Incredible performances all around.,2023-12-21,183,positive
2658,826,33,9.6,Emotional and thought-provoking.,2023-02-22,34,positive
2659,616,32,3.0,Comedy that wasn't funny at all.,2023-12-30,60,negative
2660,520,46,5.0,Worth a watch on a lazy evening.,2024-11-10,66,neutral
2661,36,5,9.6,Best film this year.,2024-07-21,147,positive
2662,402,32,7.4,A masterpiece of modern cinema.,2023-08-16,125,positive
2663,390,39,8.2,Absolutely loved it!,2023-12-05,184,positive
2664,939,37,6.3,"It was okay, nothing special.",2024-07-12,5,neutral
2665,302,43,8.5,Best film this year.,2023-01-27,83,positive
2666,39,48,2.3,Disappointing compared to the trailer.,2023-12-08,149,negative
2667,280,39,9.3,Incredible performances all around.,2023-12-05,107,positive
2668,649,11,7.0,Stunning visuals and gripping story.,2023-03-19,4,positive
2669,673,24,10.0,Couldn't stop watching.,2023-04-12,124,positive
2670,826,7,3.5,Not worth the subscription fee.,2023-09-08,112,negative
2671,153,36,2.8,Overhyped and underdelivered.,2023-09-26,1,negative
2672,572,40,7.9,Couldn't stop watching.,2024-03-28,93,positive
2673,673,14,9.0,Absolutely loved it!,2024-01-07,188,positive
2674,880,19,10.0,Absolutely loved it!,2024-03-07,76,positive
2675,220,48,8.9,Couldn't stop watching.,2023-05-14,133,positive
2676,548,16,9.4,Stunning visuals and gripping story.,2023-01-02,10,positive
2677,608,30,7.3,A masterpiece of modern cinema.,2024-07-19,140,positive
2678,426,36,6.5,Worth a watch on a lazy evening.,2025-01-17,90,neutral
2679,502,7,10.0,Couldn't stop watching.,2024-04-15,47,positive
2680,650,44,9.1,Best film this year.,2024-12-11,88,positive
2681,850,31,5.8,"It was okay, nothing special.",2024-01-24,81,neutral
2682,881,36,9.2,Incredible performances all around.,2023-01-07,9,positive
2683,750,40,7.5,Absolutely loved it!,2024-02-22,74,positive
2684,412,12,9.0,Stunning visuals and gripping story.,2023-06-26,157,positive
2685,997,33,9.3,Couldn't stop watching.,2024-10-04,78,positive
2686,731,6,5.1,Decent but forgettable.,2024-09-03,103,neutral
2687,207,47,6.4,Decent but forgettable.,2024-03-22,79,neutral
2688,776,39,3.9,Comedy that wasn't funny at all.,2023-02-25,59,negative
2689,77,23,9.7,Incredible performances all around.,2025-01-31,110,positive
2690,323,42,5.2,Worth a watch on a lazy evening.,2024-04-18,44,neutral
2691,596,42,5.7,Decent but forgettable.,2024-03-10,59,neutral
2692,426,34,7.7,Best film this year.,2024-12-08,56,positive
2693,153,21,7.1,Absolutely loved it!,2024-10-12,22,positive
2694,553,41,7.6,Incredible performances all around.,2023-01-17,122,positive
2695,218,34,9.5,Couldn't stop watching.,2024-11-04,15,positive
2696,957,5,5.3,Decent but forgettable.,2023-09-28,160,neutral
2697,204,48,6.4,Worth a watch on a lazy evening.,2023-12-25,32,neutral
2698,973,7,7.1,A masterpiece of modern cinema.,2024-10-16,69,positive
2699,341,12,1.2,Not worth the subscription fee.,2024-12-21,13,negative
2700,36,38,1.3,Comedy that wasn't funny at all.,2024-10-05,185,negative
2701,473,8,7.1,A masterpiece of modern cinema.,2024-01-16,160,positive
2702,127,6,1.3,Not worth the subscription fee.,2023-01-24,170,negative
2703,717,20,9.5,Emotional and thought-provoking.,2023-12-18,15,positive
2704,860,5,7.5,Couldn't stop watching.,2024-04-11,199,positive
2705,784,22,8.6,Stunning visuals and gripping story.,2024-04-23,10,positive
2706,200,37,8.5,Couldn't stop watching.,2023-01-09,112,positive
2707,632,38,8.8,Incredible performances all around.,2024-05-19,27,positive
2708,615,6,8.1,Best film this year.,2023-05-06,65,positive
2709,391,46,6.6,"It was okay, nothing special.",2025-03-17,126,neutral
2710,326,49,7.1,Best film this year.,2024-07-22,58,positive
2711,813,19,7.7,Couldn't stop watching.,2023-03-08,40,positive
2712,479,22,4.8,Overhyped and underdelivered.,2023-07-09,77,negative
2713,946,31,6.2,"It was okay, nothing special.",2023-12-29,46,neutral
2714,784,15,6.9,"Some good moments, some slow parts.",2024-05-02,86,neutral
2715,14,49,6.7,Worth a watch on a lazy evening.,2024-07-17,49,neutral
2716,365,47,9.8,Stunning visuals and gripping story.,2023-10-04,8,positive
2717,646,41,6.1,"Some good moments, some slow parts.",2024-06-02,141,neutral
2718,75,7,8.1,Stunning visuals and gripping story.,2023-03-28,120,positive
2719,24,29,5.7,Worth a watch on a lazy evening.,2024-03-19,33,neutral
2720,933,30,9.6,Emotional and thought-provoking.,2024-02-04,26,positive
2721,969,3,9.3,Absolutely loved it!,2023-09-13,5,positive
2722,485,14,3.9,Weak plot and flat characters.,2024-07-29,99,negative
2723,542,10,1.3,Comedy that wasn't funny at all.,2025-04-29,119,negative
2724,550,2,8.4,A masterpiece of modern cinema.,2024-10-29,143,positive
2725,394,8,2.7,Disappointing compared to the trailer.,2023-03-05,133,negative
2726,326,16,8.4,Best film this year.,2023-03-04,191,positive
2727,450,20,1.4,Not worth the subscription fee.,2023-11-10,60,negative
2728,782,38,8.2,Couldn't stop watching.,2023-06-22,102,positive
2729,409,12,7.7,Best film this year.,2023-04-09,149,positive
2730,988,45,9.1,Incredible performances all around.,2024-07-01,59,positive
2731,194,18,4.5,Overhyped and underdelivered.,2023-11-08,20,negative
2732,327,22,3.3,Comedy that wasn't funny at all.,2023-06-13,118,negative
2733,473,31,2.8,Weak plot and flat characters.,2024-01-14,136,negative
2734,633,39,3.6,Disappointing compared to the trailer.,2025-04-08,100,negative
2735,24,4,7.3,Incredible performances all around.,2025-04-21,200,positive
2736,690,41,8.3,A masterpiece of modern cinema.,2024-07-07,120,positive
2737,675,39,3.7,Comedy that wasn't funny at all.,2024-10-18,148,negative
2738,170,37,1.2,Disappointing compared to the trailer.,2025-03-08,115,negative
2739,975,31,8.0,Best film this year.,2023-02-19,13,positive
2740,621,42,8.2,Incredible performances all around.,2024-10-10,84,positive
2741,27,38,2.1,Overhyped and underdelivered.,2024-01-29,170,negative
2742,405,1,9.7,Absolutely loved it!,2024-03-02,132,positive
2743,581,2,4.6,Not worth the subscription fee.,2025-01-28,94,negative
2744,752,11,3.1,Comedy that wasn't funny at all.,2024-04-11,50,negative
2745,472,41,7.1,Emotional and thought-provoking.,2023-01-12,67,positive
2746,905,8,5.3,"Some good moments, some slow parts.",2025-04-21,30,neutral
2747,421,44,5.2,Worth a watch on a lazy evening.,2023-05-20,48,neutral
2748,968,32,8.3,Incredible performances all around.,2023-02-02,145,positive
2749,867,1,7.7,A masterpiece of modern cinema.,2023-07-19,194,positive
2750,58,8,1.6,Disappointing compared to the trailer.,2024-06-23,109,negative
2751,289,29,8.6,Emotional and thought-provoking.,2025-03-06,81,positive
2752,47,11,7.7,Stunning visuals and gripping story.,2025-02-11,197,positive
2753,748,19,6.7,"It was okay, nothing special.",2023-12-19,96,neutral
2754,367,4,8.4,Best film this year.,2025-01-24,181,positive
2755,930,2,7.8,Couldn't stop watching.,2023-08-15,130,positive
2756,153,28,9.5,Absolutely loved it!,2023-05-27,8,positive
2757,148,46,4.6,Not worth the subscription fee.,2025-04-06,36,negative
2758,415,12,9.0,Emotional and thought-provoking.,2025-03-07,108,positive
2759,702,31,9.1,Stunning visuals and gripping story.,2023-11-17,173,positive
2760,474,7,6.0,Worth a watch on a lazy evening.,2023-05-25,94,neutral
2761,17,2,8.8,Incredible performances all around.,2024-03-09,87,positive
2762,961,33,9.2,Emotional and thought-provoking.,2024-08-19,66,positive
2763,604,45,9.7,Incredible performances all around.,2023-05-03,161,positive
2764,355,7,9.6,Emotional and thought-provoking.,2024-07-25,20,positive
2765,826,32,7.2,Incredible performances all around.,2023-12-04,117,positive
2766,73,40,9.1,Emotional and thought-provoking.,2025-02-28,104,positive
2767,436,47,10.0,Best film this year.,2024-06-03,129,positive
2768,88,34,6.8,Decent but forgettable.,2025-04-02,119,neutral
2769,855,25,2.7,Overhyped and underdelivered.,2024-12-20,115,negative
2770,80,9,2.4,Disappointing compared to the trailer.,2024-04-06,88,negative
2771,554,17,8.8,A masterpiece of modern cinema.,2024-11-17,122,positive
2772,980,35,9.5,Stunning visuals and gripping story.,2023-09-30,14,positive
2773,803,36,2.1,Overhyped and underdelivered.,2023-10-07,78,negative
2774,213,18,9.7,Couldn't stop watching.,2023-12-09,176,positive
2775,872,21,9.9,Absolutely loved it!,2024-06-07,116,positive
2776,464,7,9.5,Stunning visuals and gripping story.,2025-01-15,174,positive
2777,253,21,7.0,Incredible performances all around.,2025-04-28,189,positive
2778,520,5,6.5,Decent but forgettable.,2023-06-15,15,neutral
2779,10,30,1.8,Overhyped and underdelivered.,2024-12-02,100,negative
2780,337,19,7.0,Absolutely loved it!,2023-05-16,100,positive
2781,832,39,6.1,Worth a watch on a lazy evening.,2024-10-25,34,neutral
2782,137,17,8.3,Absolutely loved it!,2024-09-17,199,positive
2783,696,15,8.6,Stunning visuals and gripping story.,2024-10-21,174,positive
2784,391,3,7.3,Emotional and thought-provoking.,2024-10-01,136,positive
2785,945,28,8.1,Absolutely loved it!,2023-05-07,80,positive
2786,773,32,9.8,A masterpiece of modern cinema.,2024-02-04,85,positive
2787,138,12,1.5,Disappointing compared to the trailer.,2024-02-17,135,negative
2788,267,27,6.7,Worth a watch on a lazy evening.,2024-01-01,106,neutral
2789,375,35,7.9,Emotional and thought-provoking.,2025-01-01,148,positive
2790,86,42,9.5,Best film this year.,2024-08-20,115,positive
2791,199,28,8.2,Absolutely loved it!,2023-06-13,20,positive
2792,720,11,8.7,A masterpiece of modern cinema.,2024-04-01,110,positive
2793,656,20,8.1,A masterpiece of modern cinema.,2025-01-30,171,positive
2794,140,8,4.8,Disappointing compared to the trailer.,2024-12-13,159,negative
2795,86,16,8.1,Incredible performances all around.,2025-04-01,151,positive
2796,893,45,1.7,Comedy that wasn't funny at all.,2023-06-13,147,negative
2797,463,28,7.5,A masterpiece of modern cinema.,2023-01-17,126,positive
2798,830,6,6.3,Decent but forgettable.,2024-01-10,7,neutral
2799,834,42,5.4,Worth a watch on a lazy evening.,2024-06-15,192,neutral
2800,879,38,8.8,Couldn't stop watching.,2023-05-25,126,positive
2801,574,14,8.4,Best film this year.,2024-05-17,48,positive
2802,174,19,7.3,Couldn't stop watching.,2023-12-05,93,positive
2803,278,37,5.9,"Some good moments, some slow parts.",2024-05-02,40,neutral
2804,468,44,7.8,Emotional and thought-provoking.,2023-06-28,139,positive
2805,95,31,8.5,Stunning visuals and gripping story.,2024-08-22,151,positive
2806,997,19,7.6,Couldn't stop watching.,2023-07-12,149,positive
2807,388,14,1.7,"Too predictable, fell asleep halfway.",2023-02-11,2,negative
2808,318,11,9.0,Best film this year.,2023-11-26,185,positive
2809,728,18,2.9,Disappointing compared to the trailer.,2023-06-19,12,negative
2810,38,29,9.9,Stunning visuals and gripping story.,2024-07-22,10,positive
2811,550,3,8.7,Best film this year.,2023-05-25,62,positive
2812,634,41,6.3,Worth a watch on a lazy evening.,2024-12-11,123,neutral
2813,991,21,9.8,Couldn't stop watching.,2024-08-03,137,positive
2814,228,37,8.4,Best film this year.,2024-09-13,146,positive
2815,53,24,7.9,Absolutely loved it!,2024-08-20,194,positive
2816,664,49,6.0,"Some good moments, some slow parts.",2024-03-03,75,neutral
2817,700,8,8.6,Absolutely loved it!,2023-08-26,185,positive
2818,277,26,9.1,Stunning visuals and gripping story.,2023-04-20,192,positive
2819,433,39,9.4,Stunning visuals and gripping story.,2023-09-02,130,positive
2820,75,2,5.8,Worth a watch on a lazy evening.,2023-01-05,175,neutral
2821,450,11,8.1,Couldn't stop watching.,2023-05-11,35,positive
2822,403,5,5.6,"Some good moments, some slow parts.",2023-10-16,99,neutral
2823,293,40,8.0,Couldn't stop watching.,2023-01-21,193,positive
2824,115,31,7.5,Best film this year.,2023-03-04,178,positive
2825,9,5,5.7,"Some good moments, some slow parts.",2024-08-29,170,neutral
2826,244,21,7.3,Absolutely loved it!,2023-06-04,120,positive
2827,965,32,9.5,Emotional and thought-provoking.,2024-01-05,61,positive
2828,199,34,9.8,Emotional and thought-provoking.,2024-07-05,61,positive
2829,861,38,7.4,Incredible performances all around.,2025-04-23,61,positive
2830,515,44,9.7,Emotional and thought-provoking.,2024-07-20,125,positive
2831,285,42,5.1,Worth a watch on a lazy evening.,2023-09-16,57,neutral
2832,772,10,8.6,Emotional and thought-provoking.,2024-10-07,64,positive
2833,218,11,3.6,"Too predictable, fell asleep halfway.",2023-02-12,186,negative
2834,647,14,8.4,Incredible performances all around.,2024-08-30,71,positive
2835,281,10,8.4,A masterpiece of modern cinema.,2023-05-22,40,positive
2836,925,28,8.4,Couldn't stop watching.,2023-09-11,164,positive
2837,251,15,7.7,Emotional and thought-provoking.,2024-01-23,11,positive
2838,792,44,5.4,Decent but forgettable.,2024-11-05,114,neutral
2839,339,25,9.0,Best film this year.,2024-06-24,54,positive
2840,313,44,9.7,A masterpiece of modern cinema.,2024-04-12,56,positive
2841,26,40,6.0,"It was okay, nothing special.",2025-01-18,131,neutral
2842,770,6,6.1,Decent but forgettable.,2023-10-23,187,neutral
2843,932,43,7.3,A masterpiece of modern cinema.,2023-06-24,153,positive
2844,448,15,8.8,Best film this year.,2023-06-14,35,positive
2845,526,45,7.4,A masterpiece of modern cinema.,2024-09-26,56,positive
2846,603,32,6.2,"It was okay, nothing special.",2025-04-17,6,neutral
2847,842,39,7.7,Stunning visuals and gripping story.,2024-03-25,136,positive
2848,377,6,8.0,Best film this year.,2025-02-27,188,positive
2849,609,20,9.2,Incredible performances all around.,2025-03-14,153,positive
2850,926,42,7.7,Incredible performances all around.,2024-03-14,143,positive
2851,193,11,5.4,"Some good moments, some slow parts.",2024-06-29,54,neutral
2852,208,32,5.7,Worth a watch on a lazy evening.,2024-10-15,161,neutral
2853,870,15,8.0,Incredible performances all around.,2024-08-31,50,positive
2854,923,5,9.7,Stunning visuals and gripping story.,2023-12-04,55,positive
2855,117,10,2.7,Not worth the subscription fee.,2024-01-26,177,negative
2856,761,40,9.7,A masterpiece of modern cinema.,2024-03-29,8,positive
2857,363,31,9.6,Absolutely loved it!,2024-01-06,159,positive
2858,662,6,5.4,Decent but forgettable.,2025-03-19,57,neutral
2859,238,24,9.3,Emotional and thought-provoking.,2025-03-27,95,positive
2860,345,2,8.0,Couldn't stop watching.,2023-11-09,28,positive
2861,780,4,5.5,"Some good moments, some slow parts.",2023-03-27,19,neutral
2862,917,15,9.5,Incredible performances all around.,2023-01-25,169,positive
2863,651,42,7.1,Stunning visuals and gripping story.,2023-08-22,138,positive
2864,180,9,6.5,"It was okay, nothing special.",2025-03-29,101,neutral
2865,552,26,6.7,Worth a watch on a lazy evening.,2024-03-07,58,neutral
2866,1,49,8.9,Stunning visuals and gripping story.,2025-04-06,72,positive
2867,557,35,5.5,Worth a watch on a lazy evening.,2023-11-17,109,neutral
2868,575,7,8.9,A masterpiece of modern cinema.,2023-12-06,146,positive
2869,801,6,7.1,Couldn't stop watching.,2024-06-22,78,positive
2870,596,42,9.6,Best film this year.,2023-01-15,145,positive
2871,251,10,2.5,Weak plot and flat characters.,2024-09-24,184,negative
2872,398,39,8.5,Stunning visuals and gripping story.,2023-07-15,175,positive
2873,677,9,9.8,A masterpiece of modern cinema.,2023-09-06,185,positive
2874,961,49,8.2,Best film this year.,2025-03-10,50,positive
2875,207,11,9.1,Stunning visuals and gripping story.,2024-09-15,18,positive
2876,846,7,5.8,"Some good moments, some slow parts.",2024-11-29,195,neutral
2877,114,5,10.0,Stunning visuals and gripping story.,2023-10-28,179,positive
2878,794,43,6.8,"Some good moments, some slow parts.",2024-09-11,37,neutral
2879,197,40,8.1,Couldn't stop watching.,2024-04-28,143,positive
2880,155,28,7.2,Absolutely loved it!,2023-01-04,72,positive
2881,467,1,7.5,Absolutely loved it!,2025-01-30,3,positive
2882,848,34,9.6,Best film this year.,2024-11-06,48,positive
2883,935,37,9.1,Best film this year.,2024-09-26,117,positive
2884,252,8,4.3,Not worth the subscription fee.,2023-08-06,143,negative
2885,531,34,6.2,"It was okay, nothing special.",2025-02-19,41,neutral
2886,639,46,9.6,Emotional and thought-provoking.,2023-10-06,41,positive
2887,515,10,8.3,Stunning visuals and gripping story.,2023-02-04,195,positive
2888,88,2,6.2,Worth a watch on a lazy evening.,2023-06-01,191,neutral
2889,862,36,6.9,Decent but forgettable.,2023-03-12,32,neutral
2890,867,48,5.2,"It was okay, nothing special.",2024-01-06,193,neutral
2891,102,1,6.9,Worth a watch on a lazy evening.,2025-04-07,131,neutral
2892,310,37,7.1,Emotional and thought-provoking.,2024-10-17,39,positive
2893,717,3,9.0,Stunning visuals and gripping story.,2024-11-20,103,positive
2894,865,28,5.5,"It was okay, nothing special.",2023-02-21,154,neutral
2895,978,20,7.2,Emotional and thought-provoking.,2025-03-19,181,positive
2896,648,18,9.7,Stunning visuals and gripping story.,2023-12-01,190,positive
2897,828,16,7.2,A masterpiece of modern cinema.,2024-05-08,198,positive
2898,711,12,5.7,Worth a watch on a lazy evening.,2024-01-23,39,neutral
2899,201,15,7.0,Worth a watch on a lazy evening.,2024-01-17,10,neutral
2900,596,43,7.9,Best film this year.,2024-06-10,56,positive
2901,86,32,4.1,Overhyped and underdelivered.,2023-10-21,191,negative
2902,596,14,1.0,Disappointing compared to the trailer.,2024-02-12,20,negative
2903,447,46,6.9,Worth a watch on a lazy evening.,2023-08-17,188,neutral
2904,32,32,7.5,A masterpiece of modern cinema.,2024-11-04,80,positive
2905,493,24,8.6,Stunning visuals and gripping story.,2023-08-02,153,positive
2906,122,29,5.2,Decent but forgettable.,2025-03-17,131,neutral
2907,630,36,7.0,Couldn't stop watching.,2023-11-26,113,positive
2908,569,34,10.0,Incredible performances all around.,2023-08-26,173,positive
2909,875,22,7.4,Best film this year.,2023-05-26,168,positive
2910,135,15,6.8,Decent but forgettable.,2023-05-28,106,neutral
2911,310,5,7.8,Best film this year.,2025-03-30,36,positive
2912,197,1,9.5,A masterpiece of modern cinema.,2023-12-12,193,positive
2913,449,29,9.2,Stunning visuals and gripping story.,2023-04-21,161,positive
2914,654,10,7.4,Best film this year.,2023-09-01,77,positive
2915,177,8,7.9,Couldn't stop watching.,2024-07-03,131,positive
2916,955,37,3.8,Comedy that wasn't funny at all.,2023-01-28,63,negative
2917,722,7,8.2,Stunning visuals and gripping story.,2024-03-18,132,positive
2918,11,10,5.8,Worth a watch on a lazy evening.,2023-10-26,190,neutral
2919,573,23,8.9,Stunning visuals and gripping story.,2025-04-26,108,positive
2920,680,46,1.5,Not worth the subscription fee.,2024-05-18,175,negative
2921,385,42,2.3,Overhyped and underdelivered.,2024-08-22,116,negative
2922,388,28,8.3,Incredible performances all around.,2024-03-19,94,positive
2923,613,44,4.9,Weak plot and flat characters.,2024-07-17,40,negative
2924,485,30,5.8,"Some good moments, some slow parts.",2025-01-02,139,neutral
2925,188,22,6.6,Worth a watch on a lazy evening.,2024-01-24,62,neutral
2926,302,19,6.3,Decent but forgettable.,2023-02-11,12,neutral
2927,112,13,5.8,Decent but forgettable.,2024-01-06,40,neutral
2928,994,47,6.0,Decent but forgettable.,2024-05-11,33,neutral
2929,692,17,9.3,Best film this year.,2024-03-05,191,positive
2930,376,15,2.3,Disappointing compared to the trailer.,2024-11-02,126,negative
2931,652,4,4.2,"Too predictable, fell asleep halfway.",2023-05-18,96,negative
2932,815,32,8.7,Absolutely loved it!,2025-04-06,12,positive
2933,149,47,5.4,"Some good moments, some slow parts.",2023-07-15,51,neutral
2934,50,32,9.5,Emotional and thought-provoking.,2023-01-29,163,positive
2935,95,9,4.4,Weak plot and flat characters.,2023-07-04,63,negative
2936,515,35,9.6,Couldn't stop watching.,2023-12-13,94,positive
2937,347,1,5.9,Decent but forgettable.,2024-05-12,31,neutral
2938,571,8,7.6,Couldn't stop watching.,2024-07-01,93,positive
2939,292,18,5.1,Worth a watch on a lazy evening.,2024-04-05,186,neutral
2940,391,18,5.9,"It was okay, nothing special.",2024-11-12,198,neutral
2941,730,27,8.2,Absolutely loved it!,2023-05-16,102,positive
2942,327,17,4.4,"Too predictable, fell asleep halfway.",2023-02-08,69,negative
2943,169,42,7.9,Best film this year.,2023-05-28,60,positive
2944,569,29,9.4,Couldn't stop watching.,2024-05-19,15,positive
2945,786,2,8.6,Best film this year.,2023-12-21,14,positive
2946,417,41,9.4,Emotional and thought-provoking.,2024-05-01,102,positive
2947,246,43,9.6,Absolutely loved it!,2023-07-10,49,positive
2948,909,21,6.9,Decent but forgettable.,2024-10-30,54,neutral
2949,441,3,1.6,Weak plot and flat characters.,2024-05-20,105,negative
2950,58,9,5.1,Worth a watch on a lazy evening.,2023-02-02,114,neutral
2951,253,31,8.2,A masterpiece of modern cinema.,2024-07-03,11,positive
2952,248,6,8.8,Stunning visuals and gripping story.,2024-03-21,4,positive
2953,460,46,5.5,Worth a watch on a lazy evening.,2024-10-21,110,neutral
2954,23,3,8.8,Incredible performances all around.,2025-01-27,16,positive
2955,598,38,9.9,Best film this year.,2023-10-02,156,positive
2956,727,39,9.0,Absolutely loved it!,2024-01-08,158,positive
2957,45,12,5.9,Decent but forgettable.,2024-03-02,167,neutral
2958,178,9,2.3,Not worth the subscription fee.,2024-04-01,77,negative
2959,903,7,5.5,"Some good moments, some slow parts.",2024-10-10,11,neutral
2960,534,41,1.2,"Too predictable, fell asleep halfway.",2023-01-26,59,negative
2961,426,15,8.7,Absolutely loved it!,2024-12-27,193,positive
2962,390,6,3.3,Disappointing compared to the trailer.,2023-09-09,50,negative
2963,255,25,8.0,A masterpiece of modern cinema.,2023-06-26,136,positive
2964,32,18,5.4,Worth a watch on a lazy evening.,2023-09-21,71,neutral
2965,274,24,5.2,"Some good moments, some slow parts.",2024-08-22,69,neutral
2966,426,7,6.8,Worth a watch on a lazy evening.,2024-07-18,29,neutral
2967,336,40,8.2,Best film this year.,2024-10-29,192,positive
2968,19,41,9.5,Best film this year.,2024-08-07,24,positive
2969,450,42,6.2,"It was okay, nothing special.",2024-03-09,4,neutral
2970,686,47,4.9,Disappointing compared to the trailer.,2023-05-23,88,negative
2971,451,4,7.5,Couldn't stop watching.,2024-06-27,184,positive
2972,170,10,8.6,Emotional and thought-provoking.,2024-03-24,17,positive
2973,320,31,8.2,Best film this year.,2024-09-15,100,positive
2974,836,22,9.3,Absolutely loved it!,2025-03-04,172,positive
2975,675,2,7.3,Couldn't stop watching.,2025-02-01,115,positive
2976,636,29,4.0,"Too predictable, fell asleep halfway.",2023-11-07,165,negative
2977,456,1,9.1,Stunning visuals and gripping story.,2024-11-09,7,positive
2978,85,26,7.2,Best film this year.,2024-03-22,105,positive
2979,138,22,8.7,Absolutely loved it!,2023-05-25,95,positive
2980,69,28,6.7,"It was okay, nothing special.",2023-06-29,97,neutral
2981,929,7,6.6,"Some good moments, some slow parts.",2023-07-03,38,neutral
2982,833,34,3.7,"Too predictable, fell asleep halfway.",2023-10-21,98,negative
2983,601,32,9.7,Incredible performances all around.,2024-03-08,135,positive
2984,76,39,9.3,Absolutely loved it!,2024-10-18,70,positive
2985,273,47,9.7,Emotional and thought-provoking.,2024-07-17,9,positive
2986,839,3,6.3,Worth a watch on a lazy evening.,2025-04-12,35,neutral
2987,626,6,7.8,Absolutely loved it!,2023-05-18,27,positive
2988,994,12,7.0,"Some good moments, some slow parts.",2024-06-18,128,neutral
2989,959,47,7.2,Incredible performances all around.,2024-02-05,162,positive
2990,648,47,2.5,Overhyped and underdelivered.,2023-08-04,23,negative
2991,793,15,2.2,Not worth the subscription fee.,2024-03-10,7,negative
2992,478,33,8.5,Couldn't stop watching.,2023-12-12,32,positive
2993,112,38,6.1,"Some good moments, some slow parts.",2023-06-17,34,neutral
2994,171,40,9.9,Best film this year.,2023-07-09,57,positive
2995,82,6,9.9,Stunning visuals and gripping story.,2025-04-17,148,positive
2996,709,29,6.7,"It was okay, nothing special.",2023-09-21,159,neutral
2997,750,41,6.5,Decent but forgettable.,2023-03-22,181,neutral
2998,956,12,9.0,Best film this year.,2025-04-25,58,positive
2999,597,22,2.2,Overhyped and underdelivered.,2023-06-20,131,negative
3000,284,23,5.2,Decent but forgettable.,2024-09-03,170,neutral
3001,777,37,8.4,Couldn't stop watching.,2024-06-06,69,positive
3002,207,5,7.9,Absolutely loved it!,2023-09-27,135,positive
3003,462,27,1.7,Weak plot and flat characters.,2023-01-05,1,negative
3004,599,11,9.3,Couldn't stop watching.,2024-07-28,124,positive
3005,63,27,6.2,Decent but forgettable.,2023-06-01,192,neutral
3006,585,10,5.1,"It was okay, nothing special.",2024-01-22,44,neutral
3007,863,33,1.4,"Too predictable, fell asleep halfway.",2024-07-07,8,negative
3008,960,30,7.5,Couldn't stop watching.,2023-04-18,147,positive
3009,475,24,6.3,"It was okay, nothing special.",2024-04-10,125,neutral
3010,154,5,6.7,"It was okay, nothing special.",2024-03-17,107,neutral
3011,929,23,6.3,Worth a watch on a lazy evening.,2024-01-06,94,neutral
3012,239,18,4.7,Disappointing compared to the trailer.,2025-03-28,38,negative
3013,446,44,1.3,Disappointing compared to the trailer.,2024-04-10,34,negative
3014,821,30,7.7,Couldn't stop watching.,2024-08-02,84,positive
3015,266,14,6.4,Worth a watch on a lazy evening.,2023-04-07,18,neutral
3016,553,27,5.2,"Some good moments, some slow parts.",2025-03-06,182,neutral
3017,923,12,5.2,"Some good moments, some slow parts.",2024-08-13,46,neutral
3018,581,16,7.1,Best film this year.,2024-11-23,70,positive
3019,621,10,8.7,Stunning visuals and gripping story.,2025-03-27,141,positive
3020,640,30,7.3,A masterpiece of modern cinema.,2024-02-25,198,positive
3021,128,8,5.9,"It was okay, nothing special.",2023-04-06,5,neutral
3022,868,37,9.8,A masterpiece of modern cinema.,2024-05-01,59,positive
3023,454,36,2.7,Not worth the subscription fee.,2024-01-03,171,negative
3024,922,31,3.4,Not worth the subscription fee.,2024-05-09,42,negative
3025,581,3,7.2,Incredible performances all around.,2024-07-13,107,positive
3026,832,21,8.2,Stunning visuals and gripping story.,2024-11-25,168,positive
3027,970,42,3.6,Weak plot and flat characters.,2024-10-26,122,negative
3028,153,32,9.5,A masterpiece of modern cinema.,2025-01-01,7,positive
3029,408,13,9.1,Absolutely loved it!,2023-06-10,197,positive
3030,121,45,9.0,Absolutely loved it!,2023-02-01,155,positive
3031,613,39,8.9,Couldn't stop watching.,2024-06-23,46,positive
3032,745,18,9.9,Absolutely loved it!,2023-08-12,175,positive
3033,86,7,9.6,Couldn't stop watching.,2023-01-27,116,positive
3034,477,45,9.7,Absolutely loved it!,2023-06-20,14,positive
3035,960,44,8.0,Emotional and thought-provoking.,2024-08-17,58,positive
3036,524,31,6.2,Worth a watch on a lazy evening.,2023-08-20,133,neutral
3037,674,20,8.0,Best film this year.,2024-02-05,139,positive
3038,951,8,5.8,Decent but forgettable.,2025-04-15,184,neutral
3039,696,4,9.6,Incredible performances all around.,2024-02-05,50,positive
3040,477,44,2.4,Disappointing compared to the trailer.,2024-06-14,17,negative
3041,340,5,4.3,Overhyped and underdelivered.,2023-01-13,187,negative
3042,808,30,9.6,Incredible performances all around.,2023-08-08,197,positive
3043,438,34,7.2,Emotional and thought-provoking.,2025-01-01,77,positive
3044,407,17,4.3,Not worth the subscription fee.,2024-04-03,89,negative
3045,914,15,9.7,Incredible performances all around.,2024-02-25,109,positive
3046,978,36,5.9,Decent but forgettable.,2024-04-30,81,neutral
3047,456,5,8.8,Absolutely loved it!,2023-06-30,95,positive
3048,359,9,6.4,"Some good moments, some slow parts.",2023-07-27,200,neutral
3049,624,32,7.8,Best film this year.,2023-01-10,16,positive
3050,683,47,3.2,"Too predictable, fell asleep halfway.",2025-04-18,106,negative
3051,539,19,4.3,"Too predictable, fell asleep halfway.",2025-04-01,40,negative
3052,370,17,9.3,A masterpiece of modern cinema.,2024-06-26,48,positive
3053,860,47,1.6,Disappointing compared to the trailer.,2025-04-12,35,negative
3054,193,3,3.9,Overhyped and underdelivered.,2023-03-16,34,negative
3055,166,48,7.6,Stunning visuals and gripping story.,2023-04-18,191,positive
3056,321,3,7.4,Emotional and thought-provoking.,2023-09-10,146,positive
3057,306,8,7.4,Emotional and thought-provoking.,2024-08-26,14,positive
3058,64,37,7.4,A masterpiece of modern cinema.,2024-05-09,186,positive
3059,267,40,5.2,Decent but forgettable.,2024-06-05,51,neutral
3060,144,19,9.5,Absolutely loved it!,2023-01-07,151,positive
3061,733,28,4.4,"Too predictable, fell asleep halfway.",2023-02-01,174,negative
3062,823,12,3.5,Disappointing compared to the trailer.,2025-02-09,106,negative
3063,592,39,7.9,Stunning visuals and gripping story.,2024-10-21,142,positive
3064,786,29,7.4,Stunning visuals and gripping story.,2023-10-07,190,positive
3065,937,25,7.6,Absolutely loved it!,2024-12-12,118,positive
3066,151,8,3.9,"Too predictable, fell asleep halfway.",2024-07-21,44,negative
3067,76,42,9.0,Incredible performances all around.,2024-05-10,154,positive
3068,805,2,5.1,"Some good moments, some slow parts.",2024-02-07,74,neutral
3069,182,35,5.5,"Some good moments, some slow parts.",2024-11-08,113,neutral
3070,956,25,9.9,Couldn't stop watching.,2025-01-16,117,positive
3071,198,7,9.6,Best film this year.,2023-10-23,186,positive
3072,627,12,8.1,Best film this year.,2023-11-24,104,positive
3073,813,19,7.7,Incredible performances all around.,2023-06-17,137,positive
3074,114,48,8.2,Incredible performances all around.,2024-03-06,128,positive
3075,191,15,4.9,Overhyped and underdelivered.,2023-05-29,159,negative
3076,728,3,7.0,"It was okay, nothing special.",2024-06-13,74,neutral
3077,396,44,2.8,Not worth the subscription fee.,2023-02-04,120,negative
3078,137,19,6.1,"It was okay, nothing special.",2025-02-15,183,neutral
3079,112,33,8.9,Stunning visuals and gripping story.,2023-04-15,200,positive
3080,955,32,4.7,Comedy that wasn't funny at all.,2025-03-28,65,negative
3081,571,6,9.1,Incredible performances all around.,2024-05-16,115,positive
3082,714,7,9.2,Incredible performances all around.,2024-05-20,82,positive
3083,720,1,9.2,Incredible performances all around.,2025-02-14,108,positive
3084,85,16,7.9,A masterpiece of modern cinema.,2024-02-12,63,positive
3085,794,11,5.4,Decent but forgettable.,2024-10-20,129,neutral
3086,98,42,6.5,Worth a watch on a lazy evening.,2024-07-30,159,neutral
3087,959,6,6.6,Decent but forgettable.,2023-01-27,121,neutral
3088,235,27,6.6,Worth a watch on a lazy evening.,2024-04-13,28,neutral
3089,593,29,9.9,A masterpiece of modern cinema.,2024-08-31,112,positive
3090,537,5,5.8,Worth a watch on a lazy evening.,2023-04-07,193,neutral
3091,278,5,6.1,Worth a watch on a lazy evening.,2024-11-10,176,neutral
3092,373,38,7.2,Incredible performances all around.,2023-06-15,28,positive
3093,830,9,9.0,Incredible performances all around.,2023-03-29,90,positive
3094,127,40,6.8,"It was okay, nothing special.",2024-09-13,103,neutral
3095,773,10,7.3,Stunning visuals and gripping story.,2024-05-01,52,positive
3096,852,17,3.5,Comedy that wasn't funny at all.,2023-09-23,36,negative
3097,442,32,9.2,A masterpiece of modern cinema.,2024-04-03,128,positive
3098,865,18,7.9,Best film this year.,2024-10-27,28,positive
3099,132,2,7.4,Stunning visuals and gripping story.,2024-06-08,121,positive
3100,898,16,7.3,Best film this year.,2024-09-25,173,positive
3101,872,33,7.3,Emotional and thought-provoking.,2024-12-08,93,positive
3102,539,42,3.4,Weak plot and flat characters.,2025-02-16,126,negative
3103,569,7,1.6,Not worth the subscription fee.,2024-09-02,129,negative
3104,240,14,6.1,"It was okay, nothing special.",2024-08-28,125,neutral
3105,909,47,5.4,Worth a watch on a lazy evening.,2025-04-18,68,neutral
3106,163,8,7.2,Emotional and thought-provoking.,2023-05-17,181,positive
3107,826,26,7.0,Emotional and thought-provoking.,2023-03-09,185,positive
3108,139,34,6.0,"Some good moments, some slow parts.",2024-01-22,168,neutral
3109,934,23,8.7,Couldn't stop watching.,2024-12-20,54,positive
3110,1000,32,8.9,Stunning visuals and gripping story.,2023-08-22,40,positive
3111,432,49,5.6,Decent but forgettable.,2024-03-22,169,neutral
3112,426,29,7.1,Best film this year.,2023-05-17,51,positive
3113,349,43,9.0,Emotional and thought-provoking.,2023-10-02,61,positive
3114,290,3,2.8,Overhyped and underdelivered.,2025-01-29,191,negative
3115,416,10,6.0,Worth a watch on a lazy evening.,2023-09-23,123,neutral
3116,542,46,2.2,"Too predictable, fell asleep halfway.",2023-01-29,164,negative
3117,323,25,9.9,Incredible performances all around.,2023-03-23,181,positive
3118,24,26,9.7,Absolutely loved it!,2025-01-11,39,positive
3119,628,45,1.6,Not worth the subscription fee.,2023-12-08,30,negative
3120,208,47,8.2,Couldn't stop watching.,2024-08-29,13,positive
3121,78,43,8.6,Stunning visuals and gripping story.,2024-07-21,18,positive
3122,60,28,6.7,"Some good moments, some slow parts.",2024-12-04,0,neutral
3123,985,14,6.7,Decent but forgettable.,2024-03-16,43,neutral
3124,233,31,8.0,Emotional and thought-provoking.,2024-10-08,75,positive
3125,215,10,3.9,Disappointing compared to the trailer.,2023-06-12,123,negative
3126,574,18,4.8,Weak plot and flat characters.,2023-10-18,14,negative
3127,385,45,9.9,A masterpiece of modern cinema.,2023-12-10,152,positive
3128,768,17,6.1,"It was okay, nothing special.",2025-03-27,36,neutral
3129,219,49,8.9,Absolutely loved it!,2023-02-14,191,positive
3130,337,25,9.2,Stunning visuals and gripping story.,2024-04-05,78,positive
3131,109,24,8.5,Best film this year.,2024-11-20,33,positive
3132,294,47,8.6,Emotional and thought-provoking.,2023-10-07,25,positive
3133,324,49,4.9,Overhyped and underdelivered.,2024-01-14,4,negative
3134,465,22,8.2,Best film this year.,2024-08-14,96,positive
3135,642,16,3.3,Disappointing compared to the trailer.,2023-11-08,142,negative
3136,817,8,5.6,"Some good moments, some slow parts.",2025-01-03,15,neutral
3137,879,19,5.8,"Some good moments, some slow parts.",2025-02-01,82,neutral
3138,82,38,3.8,"Too predictable, fell asleep halfway.",2023-02-21,12,negative
3139,656,12,5.3,"Some good moments, some slow parts.",2024-12-29,108,neutral
3140,505,39,5.8,Decent but forgettable.,2023-11-06,58,neutral
3141,877,18,3.9,Disappointing compared to the trailer.,2024-04-19,139,negative
3142,674,5,3.1,Overhyped and underdelivered.,2023-02-13,137,negative
3143,625,46,2.4,Overhyped and underdelivered.,2024-10-27,142,negative
3144,392,7,8.8,Emotional and thought-provoking.,2025-04-24,29,positive
3145,709,5,1.9,Overhyped and underdelivered.,2024-01-26,137,negative
3146,476,49,7.8,Absolutely loved it!,2023-06-24,44,positive
3147,732,33,8.5,Emotional and thought-provoking.,2023-09-14,68,positive
3148,316,31,6.1,"Some good moments, some slow parts.",2024-11-06,16,neutral
3149,233,39,7.1,Absolutely loved it!,2024-06-03,104,positive
3150,144,46,4.0,Overhyped and underdelivered.,2023-08-26,81,negative
3151,746,45,8.4,Best film this year.,2023-07-08,119,positive
3152,33,38,7.3,Absolutely loved it!,2025-01-14,46,positive
3153,952,46,8.0,Emotional and thought-provoking.,2024-08-19,85,positive
3154,235,22,7.4,Best film this year.,2023-05-03,42,positive
3155,884,28,9.1,Emotional and thought-provoking.,2023-02-16,108,positive
3156,576,21,9.3,A masterpiece of modern cinema.,2023-02-14,192,positive
3157,629,1,8.5,Best film this year.,2025-03-25,77,positive
3158,71,5,3.9,Overhyped and underdelivered.,2023-05-15,7,negative
3159,93,23,9.3,Absolutely loved it!,2023-12-10,94,positive
3160,894,17,5.9,Worth a watch on a lazy evening.,2024-11-17,23,neutral
3161,662,18,7.2,Best film this year.,2023-05-20,133,positive
3162,549,31,9.2,Couldn't stop watching.,2024-06-07,5,positive
3163,826,40,9.0,Couldn't stop watching.,2024-12-11,82,positive
3164,160,25,9.1,Absolutely loved it!,2025-01-27,189,positive
3165,514,24,6.5,Worth a watch on a lazy evening.,2023-10-11,24,neutral
3166,888,13,6.6,"It was okay, nothing special.",2023-04-19,32,neutral
3167,172,14,7.8,Couldn't stop watching.,2024-02-20,58,positive
3168,426,28,7.5,Best film this year.,2024-01-12,68,positive
3169,943,35,10.0,Couldn't stop watching.,2024-12-21,190,positive
3170,788,41,2.8,Weak plot and flat characters.,2024-02-26,88,negative
3171,896,49,9.5,Best film this year.,2024-02-25,35,positive
3172,537,45,9.6,Incredible performances all around.,2025-03-11,37,positive
3173,637,42,9.8,Couldn't stop watching.,2023-04-01,180,positive
3174,96,28,9.5,Stunning visuals and gripping story.,2023-07-02,157,positive
3175,703,16,8.0,A masterpiece of modern cinema.,2025-02-05,163,positive
3176,445,6,7.3,A masterpiece of modern cinema.,2023-04-15,2,positive
3177,925,1,7.8,Emotional and thought-provoking.,2024-08-08,175,positive
3178,152,8,5.0,Comedy that wasn't funny at all.,2024-03-05,157,negative
3179,948,33,5.1,Worth a watch on a lazy evening.,2024-04-22,175,neutral
3180,336,29,2.4,Not worth the subscription fee.,2024-01-30,35,negative
3181,707,13,5.6,Worth a watch on a lazy evening.,2023-11-13,104,neutral
3182,868,46,6.5,"Some good moments, some slow parts.",2024-04-12,130,neutral
3183,815,24,6.4,"It was okay, nothing special.",2024-08-16,86,neutral
3184,123,39,4.7,Disappointing compared to the trailer.,2024-08-23,80,negative
3185,611,40,5.1,Worth a watch on a lazy evening.,2023-01-19,55,neutral
3186,842,9,9.6,Stunning visuals and gripping story.,2025-02-21,34,positive
3187,746,45,7.3,Incredible performances all around.,2023-04-10,93,positive
3188,874,16,8.4,Absolutely loved it!,2023-09-02,58,positive
3189,1,11,8.5,Stunning visuals and gripping story.,2024-03-04,170,positive
3190,640,48,9.0,A masterpiece of modern cinema.,2024-04-01,187,positive
3191,6,28,1.4,Comedy that wasn't funny at all.,2023-02-24,159,negative
3192,677,5,9.0,Couldn't stop watching.,2024-09-20,187,positive
3193,445,32,7.9,Couldn't stop watching.,2023-12-13,89,positive
3194,119,22,5.9,Decent but forgettable.,2023-09-22,51,neutral
3195,290,37,9.4,Absolutely loved it!,2024-11-10,12,positive
3196,55,15,6.9,Worth a watch on a lazy evening.,2024-10-02,10,neutral
3197,343,35,7.7,Emotional and thought-provoking.,2025-03-25,78,positive
3198,858,38,2.0,"Too predictable, fell asleep halfway.",2023-10-19,125,negative
3199,384,4,8.2,Couldn't stop watching.,2023-12-12,53,positive
3200,578,40,3.8,Weak plot and flat characters.,2024-06-03,102,negative
3201,739,14,8.7,Emotional and thought-provoking.,2023-08-27,64,positive
3202,691,6,4.2,Weak plot and flat characters.,2023-12-31,107,negative
3203,276,7,5.7,"It was okay, nothing special.",2024-03-17,75,neutral
3204,217,46,9.9,Best film this year.,2023-10-30,15,positive
3205,770,47,8.3,Absolutely loved it!,2023-10-10,130,positive
3206,145,25,3.2,"Too predictable, fell asleep halfway.",2023-05-25,86,negative
3207,417,49,4.4,Comedy that wasn't funny at all.,2023-09-11,9,negative
3208,64,38,5.3,Decent but forgettable.,2023-10-13,198,neutral
3209,75,6,7.4,Best film this year.,2024-12-21,49,positive
3210,440,32,9.1,A masterpiece of modern cinema.,2023-10-25,40,positive
3211,805,5,7.4,A masterpiece of modern cinema.,2024-12-12,148,positive
3212,945,41,8.3,Couldn't stop watching.,2023-09-01,107,positive
3213,8,37,7.1,Incredible performances all around.,2024-09-23,158,positive
3214,380,24,7.3,A masterpiece of modern cinema.,2023-09-04,161,positive
3215,870,37,9.3,Couldn't stop watching.,2025-02-27,109,positive
3216,200,22,7.3,Incredible performances all around.,2023-01-10,171,positive
3217,816,31,2.5,"Too predictable, fell asleep halfway.",2023-11-05,80,negative
3218,256,30,3.0,Comedy that wasn't funny at all.,2024-02-09,64,negative
3219,160,9,7.6,A masterpiece of modern cinema.,2024-01-08,17,positive
3220,446,2,1.4,Disappointing compared to the trailer.,2025-03-05,158,negative
3221,84,20,9.2,Couldn't stop watching.,2023-03-22,79,positive
3222,340,18,7.4,Emotional and thought-provoking.,2023-10-06,26,positive
3223,351,17,7.5,Best film this year.,2024-01-14,145,positive
3224,143,9,9.7,Incredible performances all around.,2024-10-07,2,positive
3225,482,20,9.0,Best film this year.,2024-11-21,132,positive
3226,395,11,6.3,Worth a watch on a lazy evening.,2024-06-04,48,neutral
3227,135,41,7.9,Incredible performances all around.,2024-06-17,29,positive
3228,776,11,6.5,Worth a watch on a lazy evening.,2024-03-20,14,neutral
3229,879,18,6.8,"It was okay, nothing special.",2025-01-25,148,neutral
3230,571,38,3.9,Comedy that wasn't funny at all.,2025-01-21,114,negative
3231,43,5,5.2,"Some good moments, some slow parts.",2024-12-11,22,neutral
3232,546,17,6.8,Worth a watch on a lazy evening.,2025-02-12,72,neutral
3233,266,3,8.0,Emotional and thought-provoking.,2023-09-13,164,positive
3234,93,43,7.5,A masterpiece of modern cinema.,2024-03-03,76,positive
3235,598,12,8.3,Best film this year.,2024-10-11,78,positive
3236,798,44,5.7,"It was okay, nothing special.",2023-08-16,128,neutral
3237,592,14,8.3,Best film this year.,2024-09-28,149,positive
3238,329,12,5.4,"Some good moments, some slow parts.",2023-07-24,186,neutral
3239,485,31,6.6,Decent but forgettable.,2024-10-17,105,neutral
3240,777,29,7.9,Best film this year.,2023-09-05,194,positive
3241,353,8,9.7,Emotional and thought-provoking.,2024-11-20,103,positive
3242,138,25,8.0,Couldn't stop watching.,2024-01-07,90,positive
3243,359,35,7.0,"It was okay, nothing special.",2025-01-21,162,neutral
3244,543,37,5.1,"Some good moments, some slow parts.",2024-04-28,117,neutral
3245,701,17,8.9,Best film this year.,2025-03-15,142,positive
3246,343,14,6.5,"It was okay, nothing special.",2023-05-07,192,neutral
3247,885,5,7.2,Couldn't stop watching.,2025-04-19,53,positive
3248,149,48,5.2,Decent but forgettable.,2023-04-18,197,neutral
3249,438,7,4.6,Overhyped and underdelivered.,2024-04-08,107,negative
3250,143,23,4.0,Comedy that wasn't funny at all.,2024-04-11,52,negative
3251,861,44,7.1,A masterpiece of modern cinema.,2024-10-15,169,positive
3252,616,34,5.5,"It was okay, nothing special.",2023-05-27,111,neutral
3253,334,10,5.2,"It was okay, nothing special.",2024-03-31,72,neutral
3254,821,49,3.2,Overhyped and underdelivered.,2024-10-31,137,negative
3255,491,5,2.4,Comedy that wasn't funny at all.,2023-10-26,9,negative
3256,281,16,4.2,Disappointing compared to the trailer.,2023-02-28,138,negative
3257,955,25,8.0,Emotional and thought-provoking.,2023-03-21,80,positive
3258,869,14,6.9,Worth a watch on a lazy evening.,2023-06-09,37,neutral
3259,898,16,6.9,Decent but forgettable.,2024-01-30,70,neutral
3260,793,28,7.8,Emotional and thought-provoking.,2023-11-15,110,positive
3261,949,24,6.8,Decent but forgettable.,2023-01-16,92,neutral
3262,308,34,8.1,Stunning visuals and gripping story.,2023-08-06,38,positive
3263,378,30,5.8,"It was okay, nothing special.",2024-05-07,122,neutral
3264,170,27,5.7,Decent but forgettable.,2023-05-13,10,neutral
3265,617,40,5.8,Worth a watch on a lazy evening.,2023-05-17,87,neutral
3266,809,3,7.2,A masterpiece of modern cinema.,2023-02-08,3,positive
3267,874,36,8.4,Couldn't stop watching.,2024-06-08,41,positive
3268,134,10,9.0,Couldn't stop watching.,2023-11-25,151,positive
3269,632,15,3.0,Not worth the subscription fee.,2024-06-01,120,negative
3270,518,43,1.8,Disappointing compared to the trailer.,2023-12-26,59,negative
3271,554,26,5.0,"Too predictable, fell asleep halfway.",2024-03-25,116,negative
3272,931,1,9.6,Emotional and thought-provoking.,2025-04-17,48,positive
3273,453,37,6.9,Decent but forgettable.,2024-07-22,10,neutral
3274,208,27,5.2,"Some good moments, some slow parts.",2024-12-01,103,neutral
3275,760,24,5.2,Decent but forgettable.,2023-12-11,123,neutral
3276,539,10,1.8,Comedy that wasn't funny at all.,2023-10-06,156,negative
3277,758,30,4.7,Weak plot and flat characters.,2023-11-10,12,negative
3278,446,10,8.9,Emotional and thought-provoking.,2023-08-26,101,positive
3279,320,20,8.6,Stunning visuals and gripping story.,2025-03-24,125,positive
3280,451,41,8.7,Couldn't stop watching.,2023-10-10,31,positive
3281,514,35,8.5,Emotional and thought-provoking.,2023-01-06,138,positive
3282,595,34,3.1,Overhyped and underdelivered.,2025-02-05,15,negative
3283,601,49,7.1,Couldn't stop watching.,2024-02-04,72,positive
3284,300,47,9.6,Stunning visuals and gripping story.,2025-05-01,90,positive
3285,974,23,4.3,Overhyped and underdelivered.,2023-08-24,153,negative
3286,989,5,6.5,"Some good moments, some slow parts.",2023-11-26,35,neutral
3287,938,21,7.1,A masterpiece of modern cinema.,2023-07-17,13,positive
3288,558,37,5.9,Decent but forgettable.,2025-01-20,121,neutral
3289,890,27,7.5,Couldn't stop watching.,2024-04-30,14,positive
3290,977,13,2.0,Disappointing compared to the trailer.,2024-10-21,86,negative
3291,896,33,6.3,Decent but forgettable.,2023-02-10,50,neutral
3292,724,40,9.5,Couldn't stop watching.,2025-01-22,109,positive
3293,477,18,8.9,Absolutely loved it!,2023-10-26,128,positive
3294,702,40,7.7,Stunning visuals and gripping story.,2023-05-21,188,positive
3295,562,44,6.9,Worth a watch on a lazy evening.,2025-01-19,81,neutral
3296,7,28,1.2,Comedy that wasn't funny at all.,2023-10-28,182,negative
3297,994,30,1.3,Comedy that wasn't funny at all.,2024-06-13,3,negative
3298,691,43,8.9,Emotional and thought-provoking.,2023-12-20,18,positive
3299,867,15,7.4,A masterpiece of modern cinema.,2023-10-10,41,positive
3300,579,27,5.4,"It was okay, nothing special.",2024-04-02,64,neutral
3301,401,36,6.5,Worth a watch on a lazy evening.,2023-10-31,99,neutral
3302,858,5,9.9,Stunning visuals and gripping story.,2024-07-15,176,positive
3303,776,7,8.4,Couldn't stop watching.,2023-09-21,158,positive
3304,126,31,9.6,Best film this year.,2024-06-08,156,positive
3305,566,33,9.7,Absolutely loved it!,2024-02-24,183,positive
3306,149,31,8.9,Best film this year.,2024-10-18,30,positive
3307,535,49,5.8,Decent but forgettable.,2023-09-01,60,neutral
3308,925,14,9.7,Incredible performances all around.,2023-04-23,102,positive
3309,511,12,7.1,Stunning visuals and gripping story.,2023-05-24,174,positive
3310,315,42,7.2,Emotional and thought-provoking.,2024-08-21,169,positive
3311,261,8,4.9,Disappointing compared to the trailer.,2023-07-20,13,negative
3312,501,20,7.4,Couldn't stop watching.,2023-02-05,162,positive
3313,9,13,6.7,"It was okay, nothing special.",2024-01-11,122,neutral
3314,663,3,1.8,Overhyped and underdelivered.,2023-05-15,168,negative
3315,159,27,9.2,Incredible performances all around.,2023-02-25,127,positive
3316,517,49,8.5,A masterpiece of modern cinema.,2024-10-19,104,positive
3317,806,17,8.8,A masterpiece of modern cinema.,2025-01-17,103,positive
3318,104,10,5.7,Worth a watch on a lazy evening.,2024-09-16,137,neutral
3319,680,43,9.1,Incredible performances all around.,2023-07-14,200,positive
3320,847,8,4.9,Weak plot and flat characters.,2023-02-22,138,negative
3321,731,40,6.4,"Some good moments, some slow parts.",2024-02-17,61,neutral
3322,915,44,7.3,Absolutely loved it!,2023-06-24,186,positive
3323,97,23,7.1,Couldn't stop watching.,2025-04-05,3,positive
3324,828,19,8.4,Stunning visuals and gripping story.,2023-03-15,119,positive
3325,914,32,7.3,A masterpiece of modern cinema.,2024-12-08,131,positive
3326,604,16,7.7,Best film this year.,2023-09-20,35,positive
3327,678,10,5.4,"It was okay, nothing special.",2025-02-04,122,neutral
3328,697,32,9.8,Incredible performances all around.,2025-03-29,28,positive
3329,747,18,2.9,Not worth the subscription fee.,2024-10-29,110,negative
3330,347,29,6.0,Decent but forgettable.,2023-03-11,176,neutral
3331,261,8,6.7,"It was okay, nothing special.",2024-11-25,35,neutral
3332,66,19,9.7,Stunning visuals and gripping story.,2024-10-28,30,positive
3333,125,17,4.9,Overhyped and underdelivered.,2024-02-04,72,negative
3334,330,22,1.7,Disappointing compared to the trailer.,2024-11-30,146,negative
3335,261,49,7.4,Best film this year.,2023-09-17,91,positive
3336,128,25,8.8,A masterpiece of modern cinema.,2024-02-22,85,positive
3337,254,30,7.5,Emotional and thought-provoking.,2024-06-07,171,positive
3338,483,39,4.3,Weak plot and flat characters.,2024-10-02,57,negative
3339,174,49,5.5,Worth a watch on a lazy evening.,2024-03-27,112,neutral
3340,860,2,8.7,Best film this year.,2023-07-28,76,positive
3341,151,23,5.1,"It was okay, nothing special.",2023-05-05,49,neutral
3342,830,46,8.6,Absolutely loved it!,2024-11-25,40,positive
3343,124,24,9.3,Best film this year.,2023-05-18,67,positive
3344,573,37,6.7,Worth a watch on a lazy evening.,2023-05-07,52,neutral
3345,14,49,7.3,Couldn't stop watching.,2024-06-19,6,positive
3346,317,49,5.2,Decent but forgettable.,2023-03-09,169,neutral
3347,134,25,8.8,Emotional and thought-provoking.,2024-10-16,1,positive
3348,436,45,9.1,Incredible performances all around.,2025-01-12,146,positive
3349,797,25,9.8,A masterpiece of modern cinema.,2024-12-22,152,positive
3350,481,29,7.6,Couldn't stop watching.,2025-03-12,49,positive
3351,108,28,6.4,Decent but forgettable.,2024-12-13,77,neutral
3352,557,16,8.3,Couldn't stop watching.,2023-01-31,138,positive
3353,350,29,9.7,Absolutely loved it!,2024-05-17,113,positive
3354,110,21,7.9,Couldn't stop watching.,2024-12-08,96,positive
3355,259,16,9.1,A masterpiece of modern cinema.,2024-02-06,150,positive
3356,396,15,8.6,Emotional and thought-provoking.,2023-04-14,83,positive
3357,943,35,5.8,Decent but forgettable.,2024-12-21,165,neutral
3358,647,11,7.8,Absolutely loved it!,2024-09-05,38,positive
3359,442,11,7.8,Incredible performances all around.,2023-09-15,5,positive
3360,115,23,8.4,Incredible performances all around.,2024-07-06,28,positive
3361,52,5,4.3,"Too predictable, fell asleep halfway.",2023-09-02,189,negative
3362,211,45,5.6,Worth a watch on a lazy evening.,2023-04-11,87,neutral
3363,676,11,9.8,A masterpiece of modern cinema.,2024-08-22,157,positive
3364,939,39,2.6,"Too predictable, fell asleep halfway.",2025-04-26,59,negative
3365,630,4,9.3,Couldn't stop watching.,2024-04-01,199,positive
3366,181,34,8.6,A masterpiece of modern cinema.,2024-06-06,94,positive
3367,660,35,8.4,A masterpiece of modern cinema.,2023-10-24,58,positive
3368,85,37,9.8,Emotional and thought-provoking.,2024-07-16,90,positive
3369,643,29,5.6,Worth a watch on a lazy evening.,2024-12-25,118,neutral
3370,348,44,8.8,Absolutely loved it!,2023-04-06,84,positive
3371,733,45,6.8,Decent but forgettable.,2024-11-08,160,neutral
3372,505,3,6.8,"Some good moments, some slow parts.",2024-01-19,121,neutral
3373,467,42,5.3,"It was okay, nothing special.",2025-01-07,82,neutral
3374,712,15,8.6,Couldn't stop watching.,2025-01-07,199,positive
3375,611,4,8.3,Incredible performances all around.,2023-11-17,182,positive
3376,771,16,5.4,"It was okay, nothing special.",2024-07-06,120,neutral
3377,501,27,5.2,"Some good moments, some slow parts.",2024-10-29,64,neutral
3378,748,5,2.5,Overhyped and underdelivered.,2023-01-03,157,negative
3379,111,10,6.5,Worth a watch on a lazy evening.,2023-07-18,98,neutral
3380,410,12,9.9,Emotional and thought-provoking.,2025-04-02,196,positive
3381,909,10,7.8,Best film this year.,2024-04-10,3,positive
3382,846,37,9.3,Stunning visuals and gripping story.,2024-04-26,66,positive
3383,374,1,8.3,Incredible performances all around.,2024-08-28,39,positive
3384,916,23,9.0,Emotional and thought-provoking.,2025-04-06,93,positive
3385,341,45,6.9,Worth a watch on a lazy evening.,2024-02-22,170,neutral
3386,527,8,9.5,A masterpiece of modern cinema.,2023-01-08,9,positive
3387,892,23,8.0,Best film this year.,2023-12-21,62,positive
3388,50,48,5.0,"Some good moments, some slow parts.",2023-07-23,160,neutral
3389,908,39,8.4,Emotional and thought-provoking.,2024-04-05,2,positive
3390,487,42,3.4,Weak plot and flat characters.,2023-08-21,90,negative
3391,635,42,5.6,Decent but forgettable.,2024-07-25,76,neutral
3392,257,36,1.5,Overhyped and underdelivered.,2023-06-04,139,negative
3393,604,1,8.4,Absolutely loved it!,2024-02-11,51,positive
3394,499,34,3.8,Disappointing compared to the trailer.,2024-07-12,110,negative
3395,535,38,6.1,"Some good moments, some slow parts.",2025-02-26,66,neutral
3396,196,18,6.9,Worth a watch on a lazy evening.,2024-12-12,176,neutral
3397,80,9,5.6,Decent but forgettable.,2025-02-15,129,neutral
3398,270,49,8.1,Couldn't stop watching.,2024-04-20,200,positive
3399,7,17,3.9,Disappointing compared to the trailer.,2024-08-04,50,negative
3400,831,8,5.9,Decent but forgettable.,2023-08-27,189,neutral
3401,197,21,9.7,Absolutely loved it!,2024-09-22,106,positive
3402,988,9,7.7,Best film this year.,2023-01-27,172,positive
3403,373,48,6.5,Decent but forgettable.,2024-07-20,187,neutral
3404,631,35,9.9,Incredible performances all around.,2024-04-01,173,positive
3405,534,32,9.0,Best film this year.,2025-02-02,134,positive
3406,61,21,6.1,"Some good moments, some slow parts.",2024-08-05,191,neutral
3407,516,5,8.6,Absolutely loved it!,2023-11-28,157,positive
3408,343,5,8.2,Best film this year.,2024-02-18,77,positive
3409,137,12,7.2,Stunning visuals and gripping story.,2023-09-03,100,positive
3410,301,30,9.4,Stunning visuals and gripping story.,2023-03-03,75,positive
3411,855,9,8.9,Best film this year.,2024-11-15,138,positive
3412,920,40,7.4,Best film this year.,2024-10-06,69,positive
3413,454,28,8.9,Stunning visuals and gripping story.,2024-05-15,197,positive
3414,617,37,3.0,Not worth the subscription fee.,2025-03-09,114,negative
3415,804,3,9.5,Incredible performances all around.,2024-04-09,110,positive
3416,882,1,6.2,"It was okay, nothing special.",2025-01-25,126,neutral
3417,610,37,9.4,Stunning visuals and gripping story.,2024-08-16,172,positive
3418,459,14,8.5,Emotional and thought-provoking.,2023-06-27,124,positive
3419,762,5,4.8,Weak plot and flat characters.,2025-04-20,46,negative
3420,929,21,8.6,Absolutely loved it!,2024-07-31,2,positive
3421,256,10,7.2,Incredible performances all around.,2025-04-24,178,positive
3422,520,33,8.9,Emotional and thought-provoking.,2023-03-11,142,positive
3423,415,28,4.5,Disappointing compared to the trailer.,2024-09-22,78,negative
3424,82,45,5.6,Worth a watch on a lazy evening.,2023-06-13,196,neutral
3425,259,6,3.2,Overhyped and underdelivered.,2024-06-03,169,negative
3426,653,17,9.4,Emotional and thought-provoking.,2024-02-04,145,positive
3427,989,33,1.3,Disappointing compared to the trailer.,2023-12-24,51,negative
3428,748,20,7.7,Stunning visuals and gripping story.,2023-10-20,145,positive
3429,188,41,6.9,"It was okay, nothing special.",2024-12-04,138,neutral
3430,68,4,8.9,A masterpiece of modern cinema.,2023-08-26,69,positive
3431,363,26,9.6,Couldn't stop watching.,2024-11-13,6,positive
3432,859,31,1.7,"Too predictable, fell asleep halfway.",2025-04-30,76,negative
3433,874,43,6.7,Decent but forgettable.,2024-09-21,96,neutral
3434,135,21,6.2,"It was okay, nothing special.",2024-03-27,140,neutral
3435,863,2,6.8,Worth a watch on a lazy evening.,2023-04-11,81,neutral
3436,191,9,8.4,A masterpiece of modern cinema.,2024-12-19,41,positive
3437,749,9,1.8,Comedy that wasn't funny at all.,2024-03-08,28,negative
3438,958,30,8.7,Incredible performances all around.,2025-02-13,140,positive
3439,855,13,7.3,Stunning visuals and gripping story.,2024-06-03,24,positive
3440,30,23,8.9,Best film this year.,2023-01-13,48,positive
3441,322,30,3.1,Not worth the subscription fee.,2023-11-15,45,negative
3442,74,49,9.1,Incredible performances all around.,2024-10-29,199,positive
3443,646,22,9.4,Absolutely loved it!,2023-11-14,67,positive
3444,304,2,8.4,Couldn't stop watching.,2024-05-14,154,positive
3445,562,20,9.6,Incredible performances all around.,2023-06-16,124,positive
3446,728,40,7.0,Stunning visuals and gripping story.,2023-11-09,111,positive
3447,360,22,2.6,Weak plot and flat characters.,2023-01-10,45,negative
3448,670,1,8.6,Stunning visuals and gripping story.,2025-03-20,88,positive
3449,668,11,7.2,Incredible performances all around.,2023-01-23,164,positive
3450,296,11,7.8,A masterpiece of modern cinema.,2023-01-10,66,positive
3451,161,34,5.0,Comedy that wasn't funny at all.,2023-11-20,12,negative
3452,78,13,5.3,"Some good moments, some slow parts.",2023-01-21,143,neutral
3453,631,16,7.2,Absolutely loved it!,2024-06-24,81,positive
3454,917,48,6.4,Worth a watch on a lazy evening.,2023-11-27,37,neutral
3455,67,37,8.1,Best film this year.,2023-10-11,169,positive
3456,385,20,7.1,Couldn't stop watching.,2023-04-29,189,positive
3457,904,9,8.5,Emotional and thought-provoking.,2023-12-16,133,positive
3458,220,41,7.3,Emotional and thought-provoking.,2024-04-26,133,positive
3459,782,28,8.6,Couldn't stop watching.,2023-06-26,117,positive
3460,593,37,7.6,Couldn't stop watching.,2023-08-07,44,positive
3461,584,17,8.5,Incredible performances all around.,2024-02-16,128,positive
3462,640,1,8.1,Absolutely loved it!,2024-04-22,122,positive
3463,357,18,8.0,Incredible performances all around.,2024-10-22,19,positive
3464,429,41,6.7,"It was okay, nothing special.",2024-01-02,117,neutral
3465,196,28,9.2,Emotional and thought-provoking.,2024-09-15,188,positive
3466,428,36,7.5,Absolutely loved it!,2023-08-04,144,positive
3467,22,34,5.2,Worth a watch on a lazy evening.,2025-01-16,14,neutral
3468,688,20,5.7,"Some good moments, some slow parts.",2023-10-31,73,neutral
3469,917,3,8.7,Best film this year.,2023-01-12,50,positive
3470,822,32,9.8,Couldn't stop watching.,2023-07-29,6,positive
3471,315,6,7.1,Emotional and thought-provoking.,2023-11-02,142,positive
3472,136,38,5.0,"Some good moments, some slow parts.",2024-03-05,40,neutral
3473,58,36,9.6,Best film this year.,2023-08-14,35,positive
3474,172,7,8.2,A masterpiece of modern cinema.,2023-10-31,50,positive
3475,620,46,6.7,Decent but forgettable.,2024-10-05,89,neutral
3476,132,16,8.0,Best film this year.,2024-04-29,78,positive
3477,937,14,6.6,"Some good moments, some slow parts.",2023-11-30,114,neutral
3478,363,21,9.5,Incredible performances all around.,2024-01-07,7,positive
3479,447,23,5.5,Decent but forgettable.,2025-03-22,147,neutral
3480,835,2,2.9,Not worth the subscription fee.,2023-09-15,63,negative
3481,131,37,7.4,A masterpiece of modern cinema.,2023-01-03,47,positive
3482,916,49,4.7,Disappointing compared to the trailer.,2025-03-01,36,negative
3483,241,44,6.8,"It was okay, nothing special.",2024-11-04,58,neutral
3484,160,41,6.4,Worth a watch on a lazy evening.,2025-03-25,15,neutral
3485,695,12,3.9,Disappointing compared to the trailer.,2023-03-01,162,negative
3486,361,9,9.5,Absolutely loved it!,2023-02-01,193,positive
3487,857,34,9.6,A masterpiece of modern cinema.,2025-04-02,98,positive
3488,780,38,3.8,"Too predictable, fell asleep halfway.",2024-12-04,164,negative
3489,474,22,7.4,Couldn't stop watching.,2024-02-07,49,positive
3490,681,41,7.6,Stunning visuals and gripping story.,2025-01-18,75,positive
3491,149,8,5.7,Worth a watch on a lazy evening.,2023-06-14,43,neutral
3492,528,47,5.0,"Some good moments, some slow parts.",2024-12-22,178,neutral
3493,229,26,5.9,"Some good moments, some slow parts.",2023-07-11,188,neutral
3494,218,36,4.0,Overhyped and underdelivered.,2024-07-02,111,negative
3495,618,6,7.2,Absolutely loved it!,2024-08-10,137,positive
3496,107,31,8.0,Incredible performances all around.,2025-01-01,115,positive
3497,791,21,6.0,"It was okay, nothing special.",2023-01-25,64,neutral
3498,952,8,1.7,Weak plot and flat characters.,2023-08-13,98,negative
3499,792,11,7.9,Absolutely loved it!,2023-03-12,100,positive
3500,903,39,8.4,Absolutely loved it!,2023-09-07,141,positive
3501,609,15,5.1,Decent but forgettable.,2024-12-14,169,neutral
3502,930,28,6.2,Decent but forgettable.,2024-03-18,182,neutral
3503,336,29,8.6,Couldn't stop watching.,2024-05-16,37,positive
3504,605,42,8.8,Absolutely loved it!,2023-02-09,21,positive
3505,556,23,2.1,Not worth the subscription fee.,2025-02-14,124,negative
3506,772,17,8.5,Absolutely loved it!,2023-08-14,142,positive
3507,88,45,1.4,Not worth the subscription fee.,2024-05-10,74,negative
3508,616,2,6.5,Decent but forgettable.,2023-09-07,36,neutral
3509,539,24,9.7,Incredible performances all around.,2024-02-11,37,positive
3510,204,2,6.5,Worth a watch on a lazy evening.,2023-06-04,176,neutral
3511,52,45,5.3,Worth a watch on a lazy evening.,2025-04-18,154,neutral
3512,249,8,3.9,Comedy that wasn't funny at all.,2025-03-03,86,negative
3513,178,46,4.8,"Too predictable, fell asleep halfway.",2023-05-26,94,negative
3514,228,39,5.8,"Some good moments, some slow parts.",2024-11-26,137,neutral
3515,504,19,7.8,Emotional and thought-provoking.,2023-10-27,149,positive
3516,59,38,6.7,"Some good moments, some slow parts.",2023-05-26,98,neutral
3517,774,38,5.8,"Some good moments, some slow parts.",2023-09-18,76,neutral
3518,575,14,7.3,Absolutely loved it!,2024-01-15,78,positive
3519,346,42,4.6,Comedy that wasn't funny at all.,2024-02-04,2,negative
3520,72,39,8.4,A masterpiece of modern cinema.,2023-06-23,141,positive
3521,399,32,9.3,Stunning visuals and gripping story.,2025-01-27,137,positive
3522,25,32,8.0,Emotional and thought-provoking.,2025-02-01,117,positive
3523,852,8,7.3,Couldn't stop watching.,2023-01-23,104,positive
3524,361,21,5.3,"Some good moments, some slow parts.",2024-05-02,34,neutral
3525,137,13,9.7,Emotional and thought-provoking.,2023-10-28,39,positive
3526,48,10,8.3,Best film this year.,2024-05-14,146,positive
3527,441,26,5.7,"It was okay, nothing special.",2024-12-08,52,neutral
3528,307,15,6.4,Worth a watch on a lazy evening.,2024-03-28,189,neutral
3529,390,48,8.2,Emotional and thought-provoking.,2024-08-05,98,positive
3530,418,44,8.6,Stunning visuals and gripping story.,2023-05-03,46,positive
3531,988,1,6.9,Worth a watch on a lazy evening.,2024-05-23,198,neutral
3532,420,31,6.3,"Some good moments, some slow parts.",2023-02-28,64,neutral
3533,635,23,1.1,Overhyped and underdelivered.,2024-09-04,42,negative
3534,358,6,6.2,"It was okay, nothing special.",2023-03-30,88,neutral
3535,677,24,9.9,A masterpiece of modern cinema.,2023-07-01,157,positive
3536,881,10,8.7,Emotional and thought-provoking.,2023-07-14,103,positive
3537,148,17,5.0,"Some good moments, some slow parts.",2024-03-19,123,neutral
3538,481,39,7.6,Incredible performances all around.,2024-08-20,86,positive
3539,807,47,8.9,Stunning visuals and gripping story.,2024-07-27,98,positive
3540,985,43,3.7,"Too predictable, fell asleep halfway.",2023-07-26,173,negative
3541,890,7,7.3,Best film this year.,2025-01-31,8,positive
3542,198,45,5.9,"Some good moments, some slow parts.",2023-03-25,76,neutral
3543,838,5,9.5,Absolutely loved it!,2023-03-17,196,positive
3544,596,2,9.8,Incredible performances all around.,2024-03-03,139,positive
3545,327,12,5.9,"Some good moments, some slow parts.",2024-04-20,106,neutral
3546,125,8,8.6,Best film this year.,2024-08-21,170,positive
3547,780,31,6.0,"Some good moments, some slow parts.",2023-01-10,0,neutral
3548,532,8,7.2,A masterpiece of modern cinema.,2023-05-25,23,positive
3549,172,17,9.7,Stunning visuals and gripping story.,2025-01-10,105,positive
3550,494,34,9.4,Couldn't stop watching.,2024-06-28,99,positive
3551,779,25,7.6,Couldn't stop watching.,2023-07-24,116,positive
3552,233,14,9.4,A masterpiece of modern cinema.,2024-10-06,77,positive
3553,449,26,7.6,Absolutely loved it!,2024-04-25,113,positive
3554,469,13,5.5,Worth a watch on a lazy evening.,2023-09-28,20,neutral
3555,277,20,8.4,A masterpiece of modern cinema.,2024-01-14,122,positive
3556,836,37,7.0,Stunning visuals and gripping story.,2025-02-10,35,positive
3557,59,40,6.4,"Some good moments, some slow parts.",2023-06-17,93,neutral
3558,74,10,8.9,Stunning visuals and gripping story.,2025-04-30,91,positive
3559,349,20,2.6,Overhyped and underdelivered.,2023-02-27,2,negative
3560,294,31,8.6,Absolutely loved it!,2025-04-19,25,positive
3561,136,48,10.0,Stunning visuals and gripping story.,2023-02-03,49,positive
3562,281,7,4.5,"Too predictable, fell asleep halfway.",2023-07-20,137,negative
3563,429,5,7.0,Incredible performances all around.,2023-02-24,26,positive
3564,381,13,9.8,Emotional and thought-provoking.,2023-05-22,114,positive
3565,999,36,9.4,Best film this year.,2024-02-23,9,positive
3566,522,35,6.6,"Some good moments, some slow parts.",2023-03-29,153,neutral
3567,982,25,8.6,A masterpiece of modern cinema.,2023-04-19,153,positive
3568,268,17,8.2,Absolutely loved it!,2025-01-10,92,positive
3569,508,38,7.5,Emotional and thought-provoking.,2023-03-06,197,positive
3570,556,13,6.0,"Some good moments, some slow parts.",2023-07-21,135,neutral
3571,621,15,8.1,Emotional and thought-provoking.,2023-10-01,28,positive
3572,623,23,9.7,Couldn't stop watching.,2024-02-16,60,positive
3573,102,35,4.7,"Too predictable, fell asleep halfway.",2024-06-14,97,negative
3574,634,36,5.8,Worth a watch on a lazy evening.,2025-01-09,145,neutral
3575,394,45,7.6,Emotional and thought-provoking.,2024-09-02,186,positive
3576,858,40,8.6,A masterpiece of modern cinema.,2023-02-03,187,positive
3577,966,34,9.1,Emotional and thought-provoking.,2024-02-22,111,positive
3578,358,10,8.1,Incredible performances all around.,2024-12-05,163,positive
3579,646,20,6.1,Worth a watch on a lazy evening.,2025-02-05,68,neutral
3580,888,34,7.2,Absolutely loved it!,2024-10-27,23,positive
3581,518,19,5.3,Worth a watch on a lazy evening.,2023-11-08,31,neutral
3582,759,1,9.4,Absolutely loved it!,2024-01-10,136,positive
3583,246,21,10.0,Emotional and thought-provoking.,2024-05-02,197,positive
3584,567,34,8.6,Best film this year.,2023-05-18,96,positive
3585,878,12,5.9,Decent but forgettable.,2024-03-28,101,neutral
3586,995,2,9.1,Absolutely loved it!,2024-02-12,37,positive
3587,375,1,5.2,Worth a watch on a lazy evening.,2025-01-17,167,neutral
3588,631,11,4.9,Disappointing compared to the trailer.,2024-09-25,181,negative
3589,552,46,3.4,Not worth the subscription fee.,2024-03-23,179,negative
3590,62,25,6.2,Decent but forgettable.,2023-09-08,35,neutral
3591,754,13,6.4,Decent but forgettable.,2024-02-14,178,neutral
3592,349,44,9.9,Absolutely loved it!,2023-03-25,192,positive
3593,577,47,7.4,Absolutely loved it!,2025-02-27,43,positive
3594,24,47,8.4,Incredible performances all around.,2023-04-27,100,positive
3595,248,5,6.3,"It was okay, nothing special.",2024-09-25,152,neutral
3596,872,15,3.3,Overhyped and underdelivered.,2024-04-06,62,negative
3597,230,18,1.1,Overhyped and underdelivered.,2023-12-10,137,negative
3598,405,16,8.3,Incredible performances all around.,2023-09-13,200,positive
3599,143,25,6.7,Decent but forgettable.,2023-09-21,38,neutral
3600,596,47,9.6,Stunning visuals and gripping story.,2024-01-21,57,positive
3601,606,2,2.8,Weak plot and flat characters.,2024-11-08,98,negative
3602,434,14,9.8,Couldn't stop watching.,2023-03-28,44,positive
3603,152,34,1.1,Weak plot and flat characters.,2025-04-23,56,negative
3604,658,31,9.3,A masterpiece of modern cinema.,2024-11-25,186,positive
3605,888,27,9.4,A masterpiece of modern cinema.,2024-12-02,50,positive
3606,74,19,9.0,Emotional and thought-provoking.,2023-09-12,99,positive
3607,116,11,7.7,Couldn't stop watching.,2023-04-04,140,positive
3608,606,17,8.9,Emotional and thought-provoking.,2024-10-31,149,positive
3609,953,29,7.2,A masterpiece of modern cinema.,2024-11-28,86,positive
3610,162,16,6.4,Worth a watch on a lazy evening.,2023-06-04,89,neutral
3611,22,25,7.2,Incredible performances all around.,2023-05-17,174,positive
3612,778,15,9.8,Emotional and thought-provoking.,2023-01-17,148,positive
3613,17,16,7.9,Stunning visuals and gripping story.,2023-11-16,74,positive
3614,937,15,6.4,"Some good moments, some slow parts.",2024-11-23,58,neutral
3615,227,37,3.2,Weak plot and flat characters.,2024-12-09,34,negative
3616,833,43,7.1,Couldn't stop watching.,2023-01-14,30,positive
3617,179,34,7.9,A masterpiece of modern cinema.,2024-06-30,156,positive
3618,228,41,8.0,A masterpiece of modern cinema.,2025-04-07,15,positive
3619,253,44,7.2,Stunning visuals and gripping story.,2025-03-11,147,positive
3620,607,5,4.5,Not worth the subscription fee.,2024-02-23,143,negative
3621,756,3,9.4,Stunning visuals and gripping story.,2023-12-22,101,positive
3622,67,10,9.7,A masterpiece of modern cinema.,2023-11-15,120,positive
3623,143,27,5.4,"It was okay, nothing special.",2024-03-20,138,neutral
3624,560,46,5.3,"Some good moments, some slow parts.",2024-10-17,50,neutral
3625,562,27,6.2,Worth a watch on a lazy evening.,2024-12-25,14,neutral
3626,456,14,5.6,Decent but forgettable.,2023-04-15,137,neutral
3627,924,2,6.0,Decent but forgettable.,2023-04-22,101,neutral
3628,944,39,6.8,Decent but forgettable.,2025-01-07,127,neutral
3629,591,38,5.5,"Some good moments, some slow parts.",2023-05-17,174,neutral
3630,651,2,8.2,Absolutely loved it!,2024-04-12,57,positive
3631,935,23,5.3,Worth a watch on a lazy evening.,2023-11-21,99,neutral
3632,362,12,6.9,"It was okay, nothing special.",2024-01-19,62,neutral
3633,666,3,5.8,"It was okay, nothing special.",2025-04-12,4,neutral
3634,914,18,6.9,"It was okay, nothing special.",2025-04-25,187,neutral
3635,341,7,7.1,Couldn't stop watching.,2025-01-05,159,positive
3636,350,1,9.4,Couldn't stop watching.,2025-02-02,120,positive
3637,174,26,8.3,Stunning visuals and gripping story.,2023-04-15,106,positive
3638,925,30,7.4,Absolutely loved it!,2024-01-05,146,positive
3639,251,49,4.4,Not worth the subscription fee.,2023-09-27,20,negative
3640,379,32,5.5,Worth a watch on a lazy evening.,2023-09-24,47,neutral
3641,258,30,1.6,Not worth the subscription fee.,2024-07-07,150,negative
3642,99,40,3.8,Comedy that wasn't funny at all.,2024-05-18,193,negative
3643,317,28,1.4,Comedy that wasn't funny at all.,2023-10-31,108,negative
3644,698,24,9.7,Absolutely loved it!,2025-03-16,101,positive
3645,31,14,8.7,Couldn't stop watching.,2024-06-07,150,positive
3646,923,17,6.9,Worth a watch on a lazy evening.,2024-07-25,156,neutral
3647,311,7,6.8,Decent but forgettable.,2024-03-16,195,neutral
3648,232,45,5.3,Decent but forgettable.,2024-05-29,2,neutral
3649,696,44,9.6,Absolutely loved it!,2023-11-16,49,positive
3650,679,46,9.9,Best film this year.,2023-06-02,10,positive
3651,12,42,9.9,A masterpiece of modern cinema.,2024-12-08,132,positive
3652,639,2,9.0,Couldn't stop watching.,2024-12-12,140,positive
3653,47,35,5.3,"Some good moments, some slow parts.",2023-08-31,66,neutral
3654,387,32,6.2,Worth a watch on a lazy evening.,2024-11-07,129,neutral
3655,767,22,6.5,"It was okay, nothing special.",2024-01-28,17,neutral
3656,256,8,4.8,"Too predictable, fell asleep halfway.",2024-06-24,136,negative
3657,679,47,6.4,"It was okay, nothing special.",2024-03-20,165,neutral
3658,189,26,8.2,Couldn't stop watching.,2024-05-02,68,positive
3659,775,9,7.7,A masterpiece of modern cinema.,2023-08-22,135,positive
3660,947,19,7.9,Absolutely loved it!,2023-04-04,117,positive
3661,582,47,5.6,"Some good moments, some slow parts.",2025-02-01,117,neutral
3662,837,5,4.3,"Too predictable, fell asleep halfway.",2025-03-09,2,negative
3663,302,40,3.6,Not worth the subscription fee.,2024-10-27,162,negative
3664,73,24,2.5,Disappointing compared to the trailer.,2023-09-21,85,negative
3665,876,5,3.6,Comedy that wasn't funny at all.,2025-02-09,55,negative
3666,76,15,9.5,Couldn't stop watching.,2023-04-23,179,positive
3667,387,31,5.6,"It was okay, nothing special.",2024-01-04,100,neutral
3668,856,7,7.2,Stunning visuals and gripping story.,2023-05-11,110,positive
3669,64,30,3.0,Not worth the subscription fee.,2023-03-14,107,negative
3670,899,19,4.5,Disappointing compared to the trailer.,2024-10-18,108,negative
3671,295,3,1.2,Comedy that wasn't funny at all.,2025-02-21,190,negative
3672,995,46,7.9,Absolutely loved it!,2025-01-10,34,positive
3673,515,11,4.1,Weak plot and flat characters.,2024-09-28,66,negative
3674,813,11,3.5,Disappointing compared to the trailer.,2023-04-23,108,negative
3675,964,28,5.6,Worth a watch on a lazy evening.,2023-06-16,171,neutral
3676,277,34,6.6,"Some good moments, some slow parts.",2025-03-26,153,neutral
3677,330,32,8.7,Couldn't stop watching.,2023-04-22,192,positive
3678,988,15,8.5,Couldn't stop watching.,2024-08-15,197,positive
3679,204,15,9.4,Incredible performances all around.,2025-03-09,53,positive
3680,562,35,8.5,Stunning visuals and gripping story.,2024-08-28,64,positive
3681,393,48,8.0,Couldn't stop watching.,2025-03-09,156,positive
3682,684,49,8.8,A masterpiece of modern cinema.,2023-07-06,79,positive
3683,663,30,7.1,Incredible performances all around.,2023-12-04,120,positive
3684,679,37,9.5,Absolutely loved it!,2023-07-14,23,positive
3685,332,48,7.6,Stunning visuals and gripping story.,2024-11-02,108,positive
3686,979,10,9.1,A masterpiece of modern cinema.,2023-01-13,110,positive
3687,152,40,9.1,Best film this year.,2023-09-30,119,positive
3688,643,12,5.3,"Some good moments, some slow parts.",2023-11-27,170,neutral
3689,499,25,8.8,A masterpiece of modern cinema.,2024-05-26,80,positive
3690,69,7,6.1,Decent but forgettable.,2024-11-21,51,neutral
3691,735,15,9.7,Incredible performances all around.,2024-09-23,144,positive
3692,837,28,4.9,Not worth the subscription fee.,2023-10-06,126,negative
3693,117,24,4.0,Comedy that wasn't funny at all.,2024-12-04,117,negative
3694,508,43,6.2,"Some good moments, some slow parts.",2023-12-03,159,neutral
3695,373,45,5.2,"It was okay, nothing special.",2024-09-20,116,neutral
3696,465,20,8.5,Absolutely loved it!,2025-04-29,36,positive
3697,941,25,7.1,A masterpiece of modern cinema.,2023-09-10,92,positive
3698,139,39,7.5,Stunning visuals and gripping story.,2024-02-20,150,positive
3699,717,32,9.0,Best film this year.,2025-03-15,116,positive
3700,185,8,5.6,Decent but forgettable.,2023-05-13,168,neutral
3701,446,6,6.2,Worth a watch on a lazy evening.,2025-04-10,65,neutral
3702,587,37,9.1,Best film this year.,2023-12-20,164,positive
3703,167,11,9.9,A masterpiece of modern cinema.,2023-04-13,132,positive
3704,821,1,9.4,A masterpiece of modern cinema.,2024-05-18,13,positive
3705,57,46,4.7,Comedy that wasn't funny at all.,2024-06-25,124,negative
3706,986,16,5.0,Decent but forgettable.,2025-04-10,144,neutral
3707,428,42,9.4,Emotional and thought-provoking.,2024-02-23,165,positive
3708,253,15,4.4,Disappointing compared to the trailer.,2025-03-01,148,negative
3709,464,27,8.6,Incredible performances all around.,2024-03-29,21,positive
3710,949,43,9.4,Couldn't stop watching.,2023-06-30,193,positive
3711,848,27,7.1,Couldn't stop watching.,2024-02-20,192,positive
3712,560,30,2.5,Not worth the subscription fee.,2023-02-17,112,negative
3713,505,48,9.8,Couldn't stop watching.,2025-01-09,193,positive
3714,865,5,4.6,"Too predictable, fell asleep halfway.",2024-06-03,38,negative
3715,954,1,7.5,Couldn't stop watching.,2023-04-04,34,positive
3716,473,32,9.3,A masterpiece of modern cinema.,2024-04-19,75,positive
3717,696,11,6.1,"Some good moments, some slow parts.",2023-07-13,122,neutral
3718,558,44,7.5,Incredible performances all around.,2024-04-17,89,positive
3719,514,6,9.1,Best film this year.,2023-02-28,185,positive
3720,340,35,9.2,Couldn't stop watching.,2024-10-15,94,positive
3721,220,7,7.9,Absolutely loved it!,2024-01-18,156,positive
3722,919,41,9.4,A masterpiece of modern cinema.,2024-04-22,86,positive
3723,196,45,8.4,Emotional and thought-provoking.,2024-10-02,55,positive
3724,185,35,5.7,Decent but forgettable.,2023-05-28,35,neutral
3725,863,34,9.7,Absolutely loved it!,2023-02-06,140,positive
3726,192,10,4.3,Disappointing compared to the trailer.,2024-08-02,68,negative
3727,58,14,8.7,Stunning visuals and gripping story.,2024-04-13,91,positive
3728,654,41,6.8,Decent but forgettable.,2024-01-29,113,neutral
3729,798,35,8.5,A masterpiece of modern cinema.,2023-10-16,87,positive
3730,281,38,8.6,Stunning visuals and gripping story.,2024-10-10,134,positive
3731,97,14,9.4,Incredible performances all around.,2025-02-07,59,positive
3732,707,45,9.1,Absolutely loved it!,2024-09-18,104,positive
3733,829,46,6.4,"Some good moments, some slow parts.",2024-04-07,80,neutral
3734,683,34,7.0,Decent but forgettable.,2023-12-31,96,neutral
3735,389,16,9.0,A masterpiece of modern cinema.,2023-06-20,130,positive
3736,170,12,10.0,Emotional and thought-provoking.,2024-10-08,148,positive
3737,928,31,8.5,Absolutely loved it!,2024-06-29,79,positive
3738,185,38,5.6,"It was okay, nothing special.",2024-04-06,112,neutral
3739,40,41,8.3,Absolutely loved it!,2024-11-19,13,positive
3740,738,43,8.3,Incredible performances all around.,2024-02-01,170,positive
3741,251,10,5.2,"Some good moments, some slow parts.",2025-04-13,76,neutral
3742,385,5,7.8,Couldn't stop watching.,2023-04-04,187,positive
3743,180,41,10.0,Emotional and thought-provoking.,2024-02-29,173,positive
3744,458,13,8.8,Emotional and thought-provoking.,2023-05-04,163,positive
3745,671,37,4.3,Weak plot and flat characters.,2024-10-22,106,negative
3746,944,47,6.4,"It was okay, nothing special.",2024-06-28,84,neutral
3747,717,33,7.5,Incredible performances all around.,2024-10-26,54,positive
3748,95,21,6.3,"It was okay, nothing special.",2024-11-14,179,neutral
3749,760,42,8.7,Stunning visuals and gripping story.,2023-03-13,39,positive
3750,318,40,9.9,Couldn't stop watching.,2025-01-07,76,positive
3751,762,15,9.2,Stunning visuals and gripping story.,2025-03-13,57,positive
3752,13,40,8.2,Stunning visuals and gripping story.,2023-05-30,123,positive
3753,903,13,5.2,"Some good moments, some slow parts.",2024-07-19,78,neutral
3754,872,24,7.5,Best film this year.,2023-12-21,73,positive
3755,762,1,7.7,Absolutely loved it!,2024-02-14,83,positive
3756,433,33,8.0,Emotional and thought-provoking.,2023-01-09,153,positive
3757,534,24,5.2,Worth a watch on a lazy evening.,2023-07-06,162,neutral
3758,868,37,9.8,Couldn't stop watching.,2023-07-10,58,positive
3759,740,44,9.4,Stunning visuals and gripping story.,2023-04-20,138,positive
3760,309,18,9.0,Incredible performances all around.,2023-05-24,115,positive
3761,305,16,8.3,Emotional and thought-provoking.,2024-11-18,161,positive
3762,677,46,6.7,"Some good moments, some slow parts.",2024-10-07,1,neutral
3763,963,1,8.6,Emotional and thought-provoking.,2023-11-04,118,positive
3764,819,43,2.7,"Too predictable, fell asleep halfway.",2024-08-22,153,negative
3765,843,48,8.0,Stunning visuals and gripping story.,2023-01-25,113,positive
3766,984,6,9.7,A masterpiece of modern cinema.,2023-02-24,140,positive
3767,258,43,8.1,Incredible performances all around.,2023-01-30,196,positive
3768,692,23,7.6,Best film this year.,2025-02-18,116,positive
3769,128,35,9.9,A masterpiece of modern cinema.,2024-06-12,135,positive
3770,845,5,4.4,Overhyped and underdelivered.,2023-09-03,116,negative
3771,106,4,3.9,Not worth the subscription fee.,2024-10-20,133,negative
3772,192,25,8.2,Absolutely loved it!,2023-01-27,186,positive
3773,466,21,9.1,Couldn't stop watching.,2024-04-09,86,positive
3774,797,10,7.2,Couldn't stop watching.,2023-01-10,105,positive
3775,420,32,7.9,Couldn't stop watching.,2023-03-13,130,positive
3776,593,13,8.9,Stunning visuals and gripping story.,2023-07-27,176,positive
3777,686,28,9.9,Incredible performances all around.,2024-03-10,61,positive
3778,950,14,8.6,Couldn't stop watching.,2023-04-07,60,positive
3779,325,22,4.6,Overhyped and underdelivered.,2024-03-21,93,negative
3780,469,11,8.6,A masterpiece of modern cinema.,2024-07-19,28,positive
3781,673,47,9.7,Emotional and thought-provoking.,2023-04-28,185,positive
3782,312,30,9.4,Emotional and thought-provoking.,2023-08-31,130,positive
3783,38,11,9.3,Absolutely loved it!,2025-03-13,152,positive
3784,297,27,8.3,Emotional and thought-provoking.,2024-05-10,22,positive
3785,900,48,9.3,Absolutely loved it!,2024-06-15,31,positive
3786,270,27,9.7,Emotional and thought-provoking.,2024-08-12,148,positive
3787,90,10,9.7,Stunning visuals and gripping story.,2023-07-24,197,positive
3788,149,10,9.7,Emotional and thought-provoking.,2023-06-21,155,positive
3789,459,39,1.0,Disappointing compared to the trailer.,2023-08-06,195,negative
3790,305,32,9.5,Couldn't stop watching.,2024-03-20,125,positive
3791,931,16,9.8,Stunning visuals and gripping story.,2024-05-09,88,positive
3792,70,40,7.6,A masterpiece of modern cinema.,2024-02-02,117,positive
3793,26,16,4.5,Weak plot and flat characters.,2024-05-07,77,negative
3794,636,39,7.7,Couldn't stop watching.,2023-08-31,157,positive
3795,978,29,6.6,"Some good moments, some slow parts.",2023-08-13,3,neutral
3796,564,41,9.5,A masterpiece of modern cinema.,2023-02-07,26,positive
3797,301,28,4.3,Disappointing compared to the trailer.,2023-12-25,19,negative
3798,85,41,8.7,Couldn't stop watching.,2024-12-26,47,positive
3799,899,32,7.5,A masterpiece of modern cinema.,2023-06-23,75,positive
3800,740,33,5.5,"It was okay, nothing special.",2023-11-10,49,neutral
3801,460,18,8.3,Stunning visuals and gripping story.,2024-03-22,198,positive
3802,944,47,9.6,Absolutely loved it!,2024-07-02,21,positive
3803,585,9,10.0,A masterpiece of modern cinema.,2023-10-08,181,positive
3804,534,11,8.1,Best film this year.,2025-04-29,115,positive
3805,619,12,5.9,"It was okay, nothing special.",2023-03-27,151,neutral
3806,155,17,5.9,"Some good moments, some slow parts.",2024-05-10,157,neutral
3807,646,25,8.4,Emotional and thought-provoking.,2023-03-15,153,positive
3808,206,21,8.4,Couldn't stop watching.,2024-04-11,28,positive
3809,427,21,9.4,Absolutely loved it!,2024-04-23,12,positive
3810,209,44,2.6,Weak plot and flat characters.,2023-12-02,41,negative
3811,295,10,7.3,Couldn't stop watching.,2023-10-09,84,positive
3812,247,45,5.5,"Some good moments, some slow parts.",2023-11-01,41,neutral
3813,651,41,5.9,"Some good moments, some slow parts.",2023-10-06,163,neutral
3814,887,29,7.6,Couldn't stop watching.,2024-10-04,141,positive
3815,459,41,6.4,Decent but forgettable.,2024-11-07,8,neutral
3816,92,19,3.1,Comedy that wasn't funny at all.,2023-06-21,50,negative
3817,989,31,6.7,Decent but forgettable.,2024-01-11,173,neutral
3818,587,47,3.4,Comedy that wasn't funny at all.,2024-02-25,170,negative
3819,330,1,7.1,A masterpiece of modern cinema.,2023-03-29,102,positive
3820,354,22,9.8,Best film this year.,2023-04-07,20,positive
3821,355,2,8.1,Couldn't stop watching.,2023-04-16,139,positive
3822,694,4,6.4,"It was okay, nothing special.",2024-03-01,102,neutral
3823,671,2,9.5,A masterpiece of modern cinema.,2024-05-10,122,positive
3824,675,12,5.4,Worth a watch on a lazy evening.,2023-01-19,10,neutral
3825,551,18,6.7,"It was okay, nothing special.",2023-01-25,187,neutral
3826,436,16,6.2,Decent but forgettable.,2024-05-20,135,neutral
3827,142,16,9.1,Absolutely loved it!,2023-01-14,154,positive
3828,696,40,6.0,Worth a watch on a lazy evening.,2023-06-22,16,neutral
3829,591,7,5.4,"It was okay, nothing special.",2024-12-05,169,neutral
3830,779,40,2.7,Disappointing compared to the trailer.,2024-03-05,139,negative
3831,43,2,8.4,Absolutely loved it!,2023-12-01,50,positive
3832,339,31,1.1,Comedy that wasn't funny at all.,2023-08-01,84,negative
3833,521,29,2.9,Disappointing compared to the trailer.,2023-07-10,2,negative
3834,54,43,6.9,"Some good moments, some slow parts.",2023-01-15,167,neutral
3835,908,7,5.9,"It was okay, nothing special.",2023-02-28,167,neutral
3836,333,12,9.3,Incredible performances all around.,2023-08-19,33,positive
3837,364,23,6.8,Decent but forgettable.,2024-10-23,50,neutral
3838,264,39,9.3,Incredible performances all around.,2024-10-22,200,positive
3839,86,12,5.4,"It was okay, nothing special.",2023-05-25,84,neutral
3840,528,43,5.4,"It was okay, nothing special.",2023-08-12,102,neutral
3841,645,5,7.4,Stunning visuals and gripping story.,2024-03-08,187,positive
3842,594,1,6.6,Worth a watch on a lazy evening.,2024-11-01,67,neutral
3843,306,32,4.5,Disappointing compared to the trailer.,2024-09-11,162,negative
3844,739,33,9.5,A masterpiece of modern cinema.,2025-01-29,113,positive
3845,932,41,5.0,Worth a watch on a lazy evening.,2024-03-05,97,neutral
3846,493,34,7.6,Incredible performances all around.,2023-10-25,163,positive
3847,667,13,2.4,"Too predictable, fell asleep halfway.",2024-06-08,76,negative
3848,225,30,7.2,Absolutely loved it!,2024-06-03,194,positive
3849,972,44,7.6,Stunning visuals and gripping story.,2023-03-27,52,positive
3850,402,14,10.0,Absolutely loved it!,2024-03-07,5,positive
3851,321,4,9.9,Best film this year.,2023-04-10,28,positive
3852,405,16,6.5,Worth a watch on a lazy evening.,2024-07-23,193,neutral
3853,920,19,2.4,"Too predictable, fell asleep halfway.",2024-10-02,60,negative
3854,423,11,9.5,Absolutely loved it!,2023-09-08,68,positive
3855,679,42,8.3,A masterpiece of modern cinema.,2023-01-04,43,positive
3856,452,16,7.4,Couldn't stop watching.,2024-09-15,33,positive
3857,966,29,8.6,Absolutely loved it!,2023-05-14,47,positive
3858,619,20,1.1,Overhyped and underdelivered.,2024-05-15,84,negative
3859,84,5,7.6,Incredible performances all around.,2024-09-11,161,positive
3860,869,45,7.0,A masterpiece of modern cinema.,2025-03-20,147,positive
3861,423,23,9.6,Couldn't stop watching.,2024-08-04,91,positive
3862,647,25,9.2,Couldn't stop watching.,2024-11-21,134,positive
3863,676,6,5.9,Decent but forgettable.,2023-02-08,56,neutral
3864,165,38,8.7,Best film this year.,2023-06-27,184,positive
3865,171,7,7.9,Incredible performances all around.,2023-08-11,32,positive
3866,96,16,1.9,Disappointing compared to the trailer.,2023-03-04,165,negative
3867,52,19,5.3,"Some good moments, some slow parts.",2024-01-20,0,neutral
3868,195,2,6.2,"It was okay, nothing special.",2024-08-18,86,neutral
3869,892,33,7.5,Incredible performances all around.,2023-01-25,197,positive
3870,464,23,7.1,Emotional and thought-provoking.,2023-06-26,83,positive
3871,366,26,7.3,Stunning visuals and gripping story.,2023-01-08,111,positive
3872,724,11,8.9,Absolutely loved it!,2023-09-30,61,positive
3873,540,31,7.7,A masterpiece of modern cinema.,2023-09-09,1,positive
3874,359,15,3.5,Weak plot and flat characters.,2024-05-14,105,negative
3875,242,1,8.8,Stunning visuals and gripping story.,2024-01-27,195,positive
3876,235,41,7.4,Emotional and thought-provoking.,2023-09-08,155,positive
3877,451,25,9.3,Couldn't stop watching.,2024-07-15,22,positive
3878,238,38,7.4,Absolutely loved it!,2023-08-25,127,positive
3879,372,26,5.6,"Some good moments, some slow parts.",2023-09-12,17,neutral
3880,857,20,7.7,Couldn't stop watching.,2024-07-28,120,positive
3881,716,36,9.9,Best film this year.,2023-09-04,181,positive
3882,800,13,2.8,Comedy that wasn't funny at all.,2024-08-23,65,negative
3883,910,49,9.7,Absolutely loved it!,2025-03-22,137,positive
3884,715,41,9.3,Couldn't stop watching.,2024-01-11,105,positive
3885,690,15,7.5,Couldn't stop watching.,2025-03-07,85,positive
3886,153,5,7.2,A masterpiece of modern cinema.,2023-10-21,164,positive
3887,93,26,8.7,A masterpiece of modern cinema.,2024-12-17,92,positive
3888,727,6,2.5,Comedy that wasn't funny at all.,2024-02-20,66,negative
3889,554,31,5.4,Decent but forgettable.,2023-05-04,132,neutral
3890,475,1,8.1,Absolutely loved it!,2025-01-13,170,positive
3891,562,36,7.8,A masterpiece of modern cinema.,2023-08-26,170,positive
3892,873,24,5.0,"It was okay, nothing special.",2024-02-26,147,neutral
3893,554,45,8.3,Absolutely loved it!,2023-08-21,87,positive
3894,643,25,9.1,Stunning visuals and gripping story.,2023-05-30,36,positive
3895,277,44,9.3,Stunning visuals and gripping story.,2023-12-08,93,positive
3896,422,8,6.0,Worth a watch on a lazy evening.,2023-05-12,58,neutral
3897,347,43,7.3,Stunning visuals and gripping story.,2023-05-16,118,positive
3898,288,45,8.4,Couldn't stop watching.,2024-11-29,47,positive
3899,479,3,3.3,Not worth the subscription fee.,2023-10-12,96,negative
3900,101,29,7.7,Absolutely loved it!,2024-03-05,180,positive
3901,513,19,3.0,Overhyped and underdelivered.,2023-01-03,108,negative
3902,741,45,7.0,Emotional and thought-provoking.,2023-03-06,175,positive
3903,161,25,8.9,Stunning visuals and gripping story.,2024-10-15,13,positive
3904,24,47,2.8,Disappointing compared to the trailer.,2023-04-21,6,negative
3905,440,19,9.7,Incredible performances all around.,2025-03-06,49,positive
3906,149,23,6.0,"It was okay, nothing special.",2023-03-05,198,neutral
3907,556,35,4.9,Not worth the subscription fee.,2024-06-21,76,negative
3908,555,41,5.8,"Some good moments, some slow parts.",2023-09-26,18,neutral
3909,717,5,10.0,Incredible performances all around.,2023-05-28,153,positive
3910,422,4,8.9,Incredible performances all around.,2025-03-16,142,positive
3911,186,47,9.1,Emotional and thought-provoking.,2025-03-02,159,positive
3912,321,10,6.1,Worth a watch on a lazy evening.,2024-03-30,132,neutral
3913,871,10,9.7,Couldn't stop watching.,2024-02-21,123,positive
3914,331,28,5.8,"Some good moments, some slow parts.",2024-08-21,74,neutral
3915,702,36,8.3,Stunning visuals and gripping story.,2025-04-23,164,positive
3916,677,34,8.8,Stunning visuals and gripping story.,2023-04-23,20,positive
3917,789,34,6.0,Decent but forgettable.,2023-10-17,183,neutral
3918,532,8,5.9,Worth a watch on a lazy evening.,2023-07-23,55,neutral
3919,490,41,8.4,Stunning visuals and gripping story.,2023-06-06,181,positive
3920,422,29,5.3,Worth a watch on a lazy evening.,2025-02-03,132,neutral
3921,113,15,8.0,Emotional and thought-provoking.,2025-01-19,157,positive
3922,228,26,8.4,Stunning visuals and gripping story.,2023-05-17,11,positive
3923,716,41,6.9,Decent but forgettable.,2025-04-26,182,neutral
3924,30,31,10.0,Best film this year.,2024-12-28,157,positive
3925,419,12,5.6,Decent but forgettable.,2025-03-10,36,neutral
3926,287,22,9.2,Emotional and thought-provoking.,2023-05-13,61,positive
3927,694,5,9.0,Best film this year.,2023-06-23,20,positive
3928,832,23,8.0,A masterpiece of modern cinema.,2023-09-19,198,positive
3929,351,48,6.6,"Some good moments, some slow parts.",2023-08-13,78,neutral
3930,224,35,2.4,Disappointing compared to the trailer.,2024-06-23,186,negative
3931,392,44,6.5,Decent but forgettable.,2023-02-06,89,neutral
3932,71,4,9.1,Absolutely loved it!,2024-01-04,151,positive
3933,311,49,4.1,Overhyped and underdelivered.,2025-02-19,35,negative
3934,736,35,8.7,Incredible performances all around.,2024-06-13,63,positive
3935,362,9,8.3,Stunning visuals and gripping story.,2024-05-08,165,positive
3936,745,42,8.8,Stunning visuals and gripping story.,2024-02-10,74,positive
3937,147,15,8.8,Stunning visuals and gripping story.,2024-10-20,11,positive
3938,241,9,7.5,Best film this year.,2023-03-13,117,positive
3939,975,42,9.9,A masterpiece of modern cinema.,2023-06-05,195,positive
3940,707,48,9.0,Stunning visuals and gripping story.,2023-03-02,9,positive
3941,374,11,9.6,Stunning visuals and gripping story.,2023-01-14,159,positive
3942,25,7,8.4,Absolutely loved it!,2024-05-07,43,positive
3943,861,3,8.6,Absolutely loved it!,2023-06-10,113,positive
3944,794,3,6.1,Decent but forgettable.,2023-04-04,89,neutral
3945,175,8,9.4,A masterpiece of modern cinema.,2025-02-11,158,positive
3946,849,32,10.0,A masterpiece of modern cinema.,2024-03-02,184,positive
3947,188,23,4.9,Overhyped and underdelivered.,2023-04-03,94,negative
3948,418,16,8.6,Stunning visuals and gripping story.,2023-10-07,171,positive
3949,396,41,6.3,"Some good moments, some slow parts.",2025-02-16,82,neutral
3950,385,37,9.3,Stunning visuals and gripping story.,2023-06-13,132,positive
3951,359,15,9.5,Emotional and thought-provoking.,2024-11-06,184,positive
3952,500,20,6.1,"It was okay, nothing special.",2024-06-25,120,neutral
3953,988,5,1.3,Overhyped and underdelivered.,2023-07-26,181,negative
3954,421,15,7.9,Absolutely loved it!,2023-08-27,62,positive
3955,973,8,7.4,Stunning visuals and gripping story.,2025-02-02,13,positive
3956,448,47,5.6,Worth a watch on a lazy evening.,2024-06-25,52,neutral
3957,919,37,6.1,"It was okay, nothing special.",2023-10-13,148,neutral
3958,486,39,1.1,Disappointing compared to the trailer.,2025-01-18,53,negative
3959,232,31,7.3,Absolutely loved it!,2024-06-09,85,positive
3960,734,1,8.4,Stunning visuals and gripping story.,2023-02-23,199,positive
3961,439,17,7.0,Incredible performances all around.,2025-02-16,7,positive
3962,719,49,8.3,A masterpiece of modern cinema.,2025-01-02,166,positive
3963,89,19,2.5,Overhyped and underdelivered.,2023-06-07,100,negative
3964,23,3,7.5,Stunning visuals and gripping story.,2023-08-09,88,positive
3965,501,18,8.7,A masterpiece of modern cinema.,2024-11-07,86,positive
3966,110,29,7.9,Absolutely loved it!,2023-09-07,195,positive
3967,540,35,2.3,Overhyped and underdelivered.,2023-07-05,184,negative
3968,252,43,7.4,Incredible performances all around.,2024-04-15,52,positive
3969,252,35,5.0,"Too predictable, fell asleep halfway.",2025-02-21,25,negative
3970,508,31,6.0,"It was okay, nothing special.",2023-10-17,194,neutral
3971,214,35,4.7,Disappointing compared to the trailer.,2024-02-11,55,negative
3972,111,1,8.8,Emotional and thought-provoking.,2025-04-14,196,positive
3973,361,2,8.2,Best film this year.,2023-01-05,171,positive
3974,270,33,8.4,A masterpiece of modern cinema.,2024-11-06,111,positive
3975,611,4,9.4,A masterpiece of modern cinema.,2023-08-19,142,positive
3976,150,7,7.5,Absolutely loved it!,2024-09-28,27,positive
3977,120,18,6.1,Decent but forgettable.,2023-04-30,175,neutral
3978,392,36,7.1,Couldn't stop watching.,2024-09-08,71,positive
3979,474,40,8.6,Emotional and thought-provoking.,2023-08-14,171,positive
3980,395,17,3.4,Overhyped and underdelivered.,2024-03-07,162,negative
3981,116,1,7.1,Incredible performances all around.,2024-06-16,186,positive
3982,159,49,9.5,Couldn't stop watching.,2024-10-08,181,positive
3983,170,12,7.6,Best film this year.,2023-11-30,173,positive
3984,509,9,7.1,Couldn't stop watching.,2023-05-16,193,positive
3985,654,21,7.2,Couldn't stop watching.,2024-10-06,137,positive
3986,455,10,8.9,Best film this year.,2025-02-28,112,positive
3987,509,26,9.2,Stunning visuals and gripping story.,2024-07-13,200,positive
3988,517,31,9.6,Couldn't stop watching.,2024-10-03,65,positive
3989,837,33,8.5,Absolutely loved it!,2023-02-10,100,positive
3990,721,28,8.9,Stunning visuals and gripping story.,2024-06-04,144,positive
3991,554,25,7.9,A masterpiece of modern cinema.,2024-08-23,194,positive
3992,800,16,9.6,Emotional and thought-provoking.,2023-01-19,110,positive
3993,768,5,6.7,Worth a watch on a lazy evening.,2024-01-02,2,neutral
3994,3,14,9.4,Best film this year.,2024-10-25,14,positive
3995,264,14,3.2,Disappointing compared to the trailer.,2023-12-29,52,negative
3996,72,23,1.0,Not worth the subscription fee.,2024-12-11,136,negative
3997,216,24,5.6,"Some good moments, some slow parts.",2024-10-30,142,neutral
3998,301,12,8.2,Best film this year.,2023-03-06,188,positive
3999,453,34,9.6,A masterpiece of modern cinema.,2025-03-29,115,positive
4000,400,2,8.6,Incredible performances all around.,2023-07-11,199,positive
