activity_id,viewer_id,movie_id,watch_date,watch_year,watch_month,watch_duration_min,completion_pct,device
1,427,8,2025-02-27,2025,2,62.1,66.1,Desktop
2,951,1,2024-10-11,2024,10,98.6,83.6,Tablet
3,56,20,2024-06-20,2024,6,54.1,61.5,Smart TV
4,335,33,2024-12-15,2024,12,62.0,53.9,Mobile
5,690,47,2024-02-07,2024,2,111.0,94.1,Desktop
6,590,33,2023-04-03,2023,4,62.1,54.0,Laptop
7,806,26,2023-06-01,2023,6,53.6,46.2,Mobile
8,488,37,2025-02-02,2025,2,45.7,36.0,Tablet
9,269,6,2024-02-13,2024,2,81.8,71.1,Smart TV
10,781,9,2024-05-07,2024,5,94.6,73.9,Tablet
11,405,42,2024-08-08,2024,8,57.1,51.9,Desktop
12,754,34,2023-09-10,2023,9,65.5,55.5,Laptop
13,796,28,2023-11-28,2023,11,107.6,79.7,Desktop
14,92,8,2024-11-18,2024,11,50.0,53.2,Smart TV
15,329,23,2024-08-31,2024,8,87.8,78.4,Laptop
16,174,23,2024-09-23,2024,9,95.6,85.4,Tablet
17,639,10,2024-03-27,2024,3,36.0,35.3,Smart TV
18,205,44,2024-01-18,2024,1,72.8,48.5,Mobile
19,116,48,2023-02-25,2023,2,67.8,55.6,Desktop
20,949,10,2025-04-19,2025,4,59.9,58.7,Laptop
21,711,8,2023-11-09,2023,11,23.0,24.5,Smart TV
22,758,35,2023-08-05,2023,8,55.3,60.8,Laptop
23,562,31,2024-09-29,2024,9,78.3,81.6,Smart TV
24,712,45,2024-11-15,2024,11,33.4,29.8,Desktop
25,928,43,2024-06-23,2024,6,34.6,35.0,Smart TV
26,62,19,2023-07-25,2023,7,99.2,84.1,Desktop
27,278,4,2024-04-21,2024,4,86.2,78.4,Mobile
28,69,25,2024-11-07,2024,11,83.5,57.6,Laptop
29,886,7,2023-01-20,2023,1,76.7,59.0,Tablet
30,237,25,2024-06-04,2024,6,137.3,94.7,Mobile
31,926,21,2024-05-11,2024,5,101.4,87.4,Desktop
32,91,12,2023-07-23,2023,7,85.2,71.0,Tablet
33,575,46,2023-01-23,2023,1,71.5,81.3,Laptop
34,342,32,2024-02-07,2024,2,115.1,82.2,Mobile
35,356,44,2023-12-27,2023,12,94.5,63.0,Laptop
36,242,33,2023-10-10,2023,10,97.8,85.0,Laptop
37,900,25,2025-04-14,2025,4,140.1,96.6,Desktop
38,972,18,2023-08-19,2023,8,60.6,48.1,Tablet
39,673,9,2023-03-31,2023,3,104.4,81.6,Desktop
40,984,44,2024-09-19,2024,9,131.4,87.6,Smart TV
41,428,16,2024-08-09,2024,8,47.2,48.2,Laptop
42,932,39,2023-12-04,2023,12,35.0,38.0,Smart TV
43,595,35,2024-12-01,2024,12,69.9,76.8,Laptop
44,706,46,2024-06-20,2024,6,49.7,56.5,Smart TV
45,672,37,2023-06-11,2023,6,77.0,60.6,Desktop
46,546,47,2023-05-02,2023,5,60.1,50.9,Smart TV
47,745,2,2025-02-22,2025,2,75.3,60.7,Tablet
48,985,27,2023-11-07,2023,11,70.0,82.4,Laptop
49,156,13,2023-04-20,2023,4,22.7,25.2,Desktop
50,632,18,2024-09-12,2024,9,93.6,74.3,Smart TV
51,611,15,2023-08-25,2023,8,91.0,79.8,Laptop
52,82,45,2025-03-09,2025,3,78.2,69.8,Desktop
53,867,39,2024-04-25,2024,4,49.4,53.7,Tablet
54,504,31,2023-05-21,2023,5,47.2,49.2,Smart TV
55,34,27,2025-02-21,2025,2,69.4,81.6,Tablet
56,228,48,2024-11-18,2024,11,117.4,96.2,Smart TV
57,68,12,2024-03-25,2024,3,104.9,87.4,Tablet
58,705,21,2024-04-13,2024,4,102.5,88.4,Tablet
59,415,3,2024-09-14,2024,9,116.2,81.8,Tablet
60,738,21,2024-02-08,2024,2,88.6,76.4,Desktop
61,609,35,2024-06-21,2024,6,62.2,68.4,Mobile
62,534,7,2024-04-07,2024,4,89.3,68.7,Mobile
63,899,16,2024-06-15,2024,6,71.4,72.9,Mobile
64,572,25,2024-06-12,2024,6,120.5,83.1,Mobile
65,195,19,2024-03-26,2024,3,77.3,65.5,Laptop
66,793,19,2024-04-17,2024,4,58.3,49.4,Laptop
67,628,4,2024-12-07,2024,12,79.0,71.8,Smart TV
68,475,42,2024-04-07,2024,4,45.9,41.7,Desktop
69,116,12,2025-03-08,2025,3,90.2,75.2,Desktop
70,139,26,2024-02-28,2024,2,70.8,61.0,Mobile
71,184,30,2024-08-27,2024,8,101.3,88.9,Smart TV
72,904,30,2023-04-03,2023,4,64.0,56.1,Smart TV
73,736,47,2023-05-07,2023,5,49.3,41.8,Tablet
74,650,24,2023-03-29,2023,3,72.2,72.2,Tablet
75,745,33,2024-09-18,2024,9,106.0,92.2,Tablet
76,564,25,2023-02-14,2023,2,120.6,83.2,Laptop
77,580,43,2023-06-03,2023,6,48.5,49.0,Smart TV
78,184,46,2023-02-22,2023,2,44.2,50.2,Tablet
79,296,41,2023-07-05,2023,7,52.7,44.7,Smart TV
80,984,13,2023-01-04,2023,1,42.1,46.8,Tablet
81,510,32,2024-07-10,2024,7,118.7,84.8,Desktop
82,904,32,2023-09-01,2023,9,75.0,53.6,Tablet
83,465,27,2024-03-28,2024,3,54.4,64.0,Smart TV
84,904,36,2023-10-12,2023,10,96.8,76.8,Desktop
85,840,14,2023-02-20,2023,2,75.5,51.0,Mobile
86,669,23,2023-02-07,2023,2,53.2,47.5,Mobile
87,684,37,2024-09-09,2024,9,75.4,59.4,Mobile
88,51,7,2024-03-02,2024,3,126.5,97.3,Smart TV
89,689,19,2024-09-17,2024,9,92.7,78.6,Desktop
90,587,36,2023-07-01,2023,7,117.9,93.6,Desktop
91,369,3,2023-04-06,2023,4,118.1,83.2,Laptop
92,378,25,2025-04-19,2025,4,56.3,38.8,Tablet
93,864,36,2023-03-08,2023,3,74.3,59.0,Smart TV
94,125,45,2023-10-09,2023,10,68.8,61.4,Tablet
95,538,14,2024-12-13,2024,12,78.4,53.0,Mobile
96,112,37,2025-01-17,2025,1,120.7,95.0,Desktop
97,90,31,2025-01-11,2025,1,76.6,79.8,Laptop
98,438,39,2023-11-21,2023,11,58.0,63.0,Desktop
99,363,9,2024-09-21,2024,9,94.8,74.1,Desktop
100,747,41,2024-05-24,2024,5,83.3,70.6,Smart TV
101,905,40,2023-08-27,2023,8,116.2,80.7,Smart TV
102,2,8,2023-01-25,2023,1,68.5,72.9,Smart TV
103,819,40,2024-02-29,2024,2,95.6,66.4,Laptop
104,359,36,2025-04-05,2025,4,97.8,77.6,Mobile
105,656,13,2024-12-07,2024,12,65.3,72.6,Laptop
106,308,33,2024-07-17,2024,7,70.2,61.0,Mobile
107,117,44,2023-12-08,2023,12,93.2,62.1,Desktop
108,631,2,2023-06-29,2023,6,64.2,51.8,Laptop
109,945,44,2024-05-05,2024,5,135.0,90.0,Mobile
110,662,9,2024-05-08,2024,5,62.0,48.4,Tablet
111,914,35,2023-12-10,2023,12,67.2,73.9,Mobile
112,856,34,2023-11-03,2023,11,87.6,74.2,Laptop
113,569,35,2023-01-20,2023,1,61.4,67.5,Laptop
114,68,10,2023-10-15,2023,10,87.9,86.2,Laptop
115,385,41,2024-07-01,2024,7,101.7,86.2,Desktop
116,621,25,2023-07-11,2023,7,109.6,75.6,Laptop
117,723,21,2024-12-27,2024,12,38.0,32.8,Tablet
118,89,32,2023-09-01,2023,9,89.6,64.0,Laptop
119,222,34,2023-11-06,2023,11,59.2,50.2,Laptop
120,804,3,2025-03-07,2025,3,74.4,52.4,Mobile
121,455,33,2023-01-26,2023,1,97.2,84.5,Desktop
122,158,13,2023-12-15,2023,12,62.7,69.7,Desktop
123,318,21,2023-05-27,2023,5,96.6,83.3,Mobile
124,842,34,2024-11-23,2024,11,114.5,97.0,Smart TV
125,742,3,2024-04-15,2024,4,92.2,64.9,Desktop
126,119,1,2023-11-15,2023,11,107.4,91.0,Desktop
127,893,6,2023-12-08,2023,12,79.7,69.3,Mobile
128,106,34,2025-02-23,2025,2,92.6,78.5,Laptop
129,24,37,2025-02-15,2025,2,76.6,60.3,Smart TV
130,329,13,2023-07-17,2023,7,55.0,61.1,Tablet
131,688,8,2023-10-07,2023,10,45.2,48.1,Mobile
132,982,40,2024-07-27,2024,7,103.2,71.7,Smart TV
133,556,23,2024-07-16,2024,7,68.0,60.7,Smart TV
134,966,46,2025-04-03,2025,4,40.7,46.3,Mobile
135,319,40,2023-12-13,2023,12,105.1,73.0,Mobile
136,134,2,2024-04-27,2024,4,110.6,89.2,Mobile
137,109,25,2023-02-25,2023,2,59.7,41.2,Tablet
138,184,46,2024-09-02,2024,9,57.4,65.2,Tablet
139,632,23,2023-11-16,2023,11,69.0,61.6,Smart TV
140,731,49,2024-11-17,2024,11,106.1,84.9,Mobile
141,998,49,2025-02-21,2025,2,86.5,69.2,Smart TV
142,96,45,2024-04-24,2024,4,47.6,42.5,Laptop
143,701,42,2024-12-28,2024,12,91.4,83.1,Tablet
144,238,15,2023-05-28,2023,5,99.3,87.1,Desktop
145,265,24,2024-02-06,2024,2,50.9,50.9,Laptop
146,808,21,2024-04-09,2024,4,81.5,70.3,Mobile
147,487,8,2023-12-26,2023,12,71.3,75.8,Laptop
148,787,23,2024-09-10,2024,9,83.7,74.7,Desktop
149,106,26,2025-04-17,2025,4,93.8,80.9,Mobile
150,334,36,2024-10-27,2024,10,49.4,39.2,Laptop
151,546,30,2024-02-15,2024,2,86.0,75.4,Smart TV
152,636,16,2024-07-15,2024,7,47.8,48.8,Tablet
153,394,5,2023-12-15,2023,12,66.5,67.9,Tablet
154,804,28,2024-08-03,2024,8,113.4,84.0,Desktop
155,711,16,2023-06-27,2023,6,77.1,78.7,Mobile
156,758,46,2024-08-10,2024,8,32.0,36.4,Desktop
157,475,21,2024-07-22,2024,7,49.3,42.5,Tablet
158,181,20,2024-02-20,2024,2,31.6,35.9,Desktop
159,790,25,2023-12-02,2023,12,102.5,70.7,Mobile
160,93,14,2025-04-16,2025,4,69.4,46.9,Desktop
161,925,49,2024-10-13,2024,10,106.1,84.9,Smart TV
162,677,10,2024-04-08,2024,4,74.1,72.6,Tablet
163,631,37,2024-04-02,2024,4,65.9,51.9,Laptop
164,307,37,2025-03-24,2025,3,114.0,89.8,Laptop
165,941,28,2025-01-05,2025,1,128.8,95.4,Laptop
166,92,38,2023-01-09,2023,1,93.2,76.4,Desktop
167,414,9,2023-10-29,2023,10,48.6,38.0,Desktop
168,992,4,2023-01-01,2023,1,88.5,80.5,Laptop
169,113,19,2023-02-01,2023,2,64.9,55.0,Desktop
170,404,41,2023-11-22,2023,11,95.3,80.8,Tablet
171,391,28,2024-07-12,2024,7,71.7,53.1,Smart TV
172,487,9,2023-07-12,2023,7,94.3,73.7,Laptop
173,861,27,2023-06-07,2023,6,65.9,77.5,Smart TV
174,138,1,2023-03-15,2023,3,92.2,78.1,Smart TV
175,739,32,2024-11-04,2024,11,94.8,67.7,Smart TV
176,87,9,2024-10-19,2024,10,108.4,84.7,Tablet
177,916,45,2024-09-10,2024,9,101.8,90.9,Desktop
178,185,30,2024-06-05,2024,6,76.4,67.0,Tablet
179,394,23,2023-08-20,2023,8,57.2,51.1,Desktop
180,8,37,2024-05-25,2024,5,109.7,86.4,Smart TV
181,730,33,2023-10-03,2023,10,76.1,66.2,Desktop
182,591,24,2023-02-04,2023,2,94.9,94.9,Desktop
183,495,46,2024-01-13,2024,1,51.8,58.9,Mobile
184,146,47,2025-01-18,2025,1,85.3,72.3,Laptop
185,477,34,2023-03-22,2023,3,85.2,72.2,Desktop
186,91,16,2024-04-28,2024,4,75.8,77.3,Mobile
187,701,41,2024-07-06,2024,7,99.6,84.4,Laptop
188,628,4,2023-12-18,2023,12,80.0,72.7,Mobile
189,481,30,2024-06-08,2024,6,101.9,89.4,Desktop
190,752,22,2024-03-07,2024,3,78.5,62.8,Laptop
191,297,11,2023-02-06,2023,2,105.7,80.1,Desktop
192,768,20,2025-01-14,2025,1,41.6,47.3,Tablet
193,593,11,2024-08-09,2024,8,48.0,36.4,Laptop
194,829,48,2024-10-01,2024,10,38.9,31.9,Tablet
195,85,9,2024-06-01,2024,6,51.2,40.0,Laptop
196,259,9,2024-09-22,2024,9,74.5,58.2,Laptop
197,15,48,2023-04-25,2023,4,92.7,76.0,Desktop
198,757,10,2024-11-05,2024,11,69.6,68.2,Smart TV
199,268,45,2023-08-30,2023,8,78.6,70.2,Desktop
200,883,3,2023-12-18,2023,12,135.8,95.6,Smart TV
201,610,10,2024-05-22,2024,5,84.3,82.6,Tablet
202,789,25,2023-09-01,2023,9,114.0,78.6,Smart TV
203,216,37,2025-01-21,2025,1,109.5,86.2,Mobile
204,658,17,2025-02-12,2025,2,102.4,85.3,Mobile
205,172,30,2024-02-13,2024,2,79.6,69.8,Tablet
206,765,49,2024-06-29,2024,6,68.6,54.9,Tablet
207,486,17,2023-05-29,2023,5,87.0,72.5,Tablet
208,13,19,2025-03-27,2025,3,80.6,68.3,Laptop
209,985,34,2024-11-30,2024,11,109.4,92.7,Mobile
210,940,35,2024-10-14,2024,10,68.9,75.7,Desktop
211,941,42,2023-10-07,2023,10,67.9,61.7,Laptop
212,822,7,2023-09-19,2023,9,101.8,78.3,Tablet
213,473,44,2025-02-06,2025,2,83.2,55.5,Desktop
214,789,13,2024-06-16,2024,6,60.9,67.7,Smart TV
215,321,36,2023-01-11,2023,1,99.7,79.1,Mobile
216,13,27,2023-04-11,2023,4,57.4,67.5,Laptop
217,225,47,2023-10-18,2023,10,66.3,56.2,Mobile
218,25,40,2023-04-05,2023,4,53.6,37.2,Desktop
219,673,14,2024-09-05,2024,9,114.8,77.6,Mobile
220,89,39,2023-05-14,2023,5,65.5,71.2,Desktop
221,823,12,2023-04-24,2023,4,96.1,80.1,Laptop
222,302,30,2024-11-07,2024,11,104.0,91.2,Tablet
223,945,18,2025-02-26,2025,2,84.5,67.1,Laptop
224,264,11,2025-03-10,2025,3,52.3,39.6,Mobile
225,392,25,2023-12-07,2023,12,141.8,97.8,Laptop
226,979,17,2023-07-02,2023,7,81.5,67.9,Tablet
227,951,13,2024-09-16,2024,9,59.2,65.8,Mobile
228,148,35,2025-02-26,2025,2,58.8,64.6,Mobile
229,935,29,2025-01-02,2025,1,63.5,56.7,Mobile
230,75,5,2024-08-08,2024,8,70.5,71.9,Mobile
231,919,32,2023-06-02,2023,6,109.6,78.3,Mobile
232,956,3,2024-11-11,2024,11,92.4,65.1,Smart TV
233,717,22,2024-02-05,2024,2,93.4,74.7,Desktop
234,725,32,2024-05-04,2024,5,94.6,67.6,Mobile
235,554,15,2023-01-04,2023,1,73.8,64.7,Tablet
236,125,37,2024-07-02,2024,7,115.8,91.2,Laptop
237,342,44,2023-11-07,2023,11,98.4,65.6,Mobile
238,375,35,2023-12-15,2023,12,52.7,57.9,Laptop
239,664,13,2023-06-30,2023,6,77.6,86.2,Smart TV
240,307,45,2024-02-04,2024,2,99.6,88.9,Laptop
241,499,6,2024-10-09,2024,10,77.9,67.7,Smart TV
242,144,3,2023-07-17,2023,7,44.7,31.5,Desktop
243,245,32,2024-02-03,2024,2,53.3,38.1,Desktop
244,659,20,2024-05-26,2024,5,66.1,75.1,Tablet
245,990,2,2023-02-07,2023,2,76.9,62.0,Laptop
246,807,47,2023-02-13,2023,2,77.8,65.9,Smart TV
247,827,42,2024-11-14,2024,11,79.4,72.2,Desktop
248,153,48,2024-08-16,2024,8,66.9,54.8,Mobile
249,38,48,2023-05-25,2023,5,85.9,70.4,Mobile
250,483,40,2023-02-16,2023,2,79.9,55.5,Smart TV
251,15,12,2024-10-09,2024,10,43.3,36.1,Laptop
252,841,7,2024-04-12,2024,4,99.3,76.4,Desktop
253,66,7,2023-04-27,2023,4,92.0,70.8,Desktop
254,226,5,2025-04-03,2025,4,50.7,51.7,Tablet
255,333,8,2024-12-01,2024,12,36.1,38.4,Smart TV
256,783,3,2024-08-30,2024,8,71.0,50.0,Mobile
257,124,18,2023-05-25,2023,5,104.3,82.8,Smart TV
258,714,24,2024-07-20,2024,7,49.3,49.3,Smart TV
259,948,38,2023-02-11,2023,2,56.5,46.3,Desktop
260,386,11,2023-01-17,2023,1,116.2,88.0,Mobile
261,7,1,2023-07-03,2023,7,106.9,90.6,Desktop
262,909,19,2024-03-02,2024,3,94.5,80.1,Tablet
263,709,9,2023-07-31,2023,7,60.5,47.3,Laptop
264,536,29,2024-02-26,2024,2,61.9,55.3,Smart TV
265,626,45,2023-02-08,2023,2,84.8,75.7,Tablet
266,627,6,2024-10-04,2024,10,98.4,85.6,Laptop
267,357,27,2023-01-05,2023,1,36.3,42.7,Desktop
268,98,40,2024-01-06,2024,1,125.6,87.2,Desktop
269,520,15,2024-04-20,2024,4,95.0,83.3,Smart TV
270,284,4,2023-07-18,2023,7,48.6,44.2,Smart TV
271,702,31,2024-05-24,2024,5,48.3,50.3,Mobile
272,56,42,2024-01-08,2024,1,64.3,58.5,Tablet
273,258,22,2024-09-23,2024,9,105.9,84.7,Tablet
274,45,7,2025-01-28,2025,1,47.5,36.5,Desktop
275,181,11,2025-03-15,2025,3,42.6,32.3,Desktop
276,119,5,2023-08-29,2023,8,62.4,63.7,Laptop
277,430,13,2025-02-04,2025,2,46.0,51.1,Mobile
278,334,15,2023-04-11,2023,4,62.8,55.1,Tablet
279,891,13,2024-01-20,2024,1,28.9,32.1,Desktop
280,497,4,2024-03-22,2024,3,52.2,47.5,Desktop
281,466,12,2024-02-01,2024,2,76.9,64.1,Tablet
282,738,13,2024-10-09,2024,10,43.0,47.8,Laptop
283,131,3,2024-12-09,2024,12,105.6,74.4,Laptop
284,140,8,2024-04-21,2024,4,38.7,41.2,Laptop
285,226,19,2024-09-10,2024,9,57.3,48.6,Desktop
286,928,11,2024-08-14,2024,8,124.1,94.0,Smart TV
287,89,27,2024-06-18,2024,6,78.0,91.8,Desktop
288,485,30,2023-10-13,2023,10,32.7,28.7,Tablet
289,754,16,2023-09-11,2023,9,60.1,61.3,Desktop
290,228,38,2023-06-02,2023,6,109.6,89.8,Mobile
291,428,3,2023-02-11,2023,2,137.5,96.8,Desktop
292,35,28,2024-06-27,2024,6,88.2,65.3,Mobile
293,464,32,2023-09-04,2023,9,57.1,40.8,Mobile
294,710,47,2024-02-21,2024,2,108.8,92.2,Smart TV
295,368,19,2023-09-02,2023,9,92.0,78.0,Mobile
296,17,31,2024-11-16,2024,11,57.4,59.8,Tablet
297,879,37,2025-02-04,2025,2,95.4,75.1,Tablet
298,475,9,2024-12-21,2024,12,84.4,65.9,Laptop
299,642,30,2024-12-21,2024,12,88.2,77.4,Mobile
300,395,45,2023-12-07,2023,12,81.2,72.5,Laptop
301,437,49,2023-10-04,2023,10,100.2,80.2,Desktop
302,556,37,2025-03-24,2025,3,67.1,52.8,Mobile
303,636,22,2025-01-23,2025,1,113.8,91.0,Desktop
304,969,44,2024-01-08,2024,1,132.6,88.4,Mobile
305,393,24,2024-04-21,2024,4,76.7,76.7,Laptop
306,376,12,2024-10-25,2024,10,88.7,73.9,Mobile
307,575,46,2025-03-03,2025,3,77.7,88.3,Smart TV
308,553,8,2024-10-26,2024,10,77.9,82.9,Desktop
309,893,45,2023-08-03,2023,8,92.5,82.6,Smart TV
310,329,23,2023-10-01,2023,10,79.7,71.2,Tablet
311,284,4,2023-03-06,2023,3,70.4,64.0,Tablet
312,498,33,2024-06-23,2024,6,98.6,85.7,Tablet
313,727,35,2024-11-25,2024,11,72.3,79.5,Tablet
314,636,24,2025-03-30,2025,3,79.2,79.2,Mobile
315,193,30,2023-03-31,2023,3,46.1,40.4,Smart TV
316,296,5,2023-04-22,2023,4,35.5,36.2,Smart TV
317,509,10,2023-07-29,2023,7,73.4,72.0,Mobile
318,301,27,2024-11-29,2024,11,32.3,38.0,Laptop
319,431,29,2025-01-25,2025,1,87.2,77.9,Laptop
320,194,5,2023-01-23,2023,1,44.6,45.5,Desktop
321,661,22,2024-02-26,2024,2,93.6,74.9,Laptop
322,498,38,2024-11-12,2024,11,97.8,80.2,Desktop
323,456,30,2023-11-08,2023,11,84.7,74.3,Laptop
324,176,17,2023-08-21,2023,8,84.2,70.2,Laptop
325,789,4,2023-06-01,2023,6,69.2,62.9,Tablet
326,980,11,2024-09-25,2024,9,119.5,90.5,Desktop
327,293,12,2023-06-29,2023,6,103.3,86.1,Smart TV
328,166,16,2023-04-30,2023,4,33.9,34.6,Laptop
329,589,9,2024-03-27,2024,3,72.7,56.8,Smart TV
330,211,36,2024-12-25,2024,12,42.1,33.4,Laptop
331,353,10,2024-01-17,2024,1,69.7,68.3,Smart TV
332,547,20,2023-05-05,2023,5,48.6,55.2,Tablet
333,787,10,2024-04-14,2024,4,92.5,90.7,Smart TV
334,5,48,2024-07-13,2024,7,115.4,94.6,Laptop
335,663,46,2023-10-30,2023,10,43.1,49.0,Desktop
336,683,10,2025-03-29,2025,3,75.7,74.2,Tablet
337,347,45,2023-04-26,2023,4,91.5,81.7,Mobile
338,143,44,2024-07-18,2024,7,67.0,44.7,Mobile
339,412,40,2023-08-14,2023,8,98.2,68.2,Mobile
340,335,4,2024-09-14,2024,9,85.5,77.7,Desktop
341,540,15,2025-03-11,2025,3,104.0,91.2,Laptop
342,201,2,2023-03-27,2023,3,90.4,72.9,Tablet
343,694,43,2023-03-31,2023,3,93.7,94.6,Tablet
344,200,32,2023-11-22,2023,11,106.4,76.0,Desktop
345,967,4,2024-11-13,2024,11,69.6,63.3,Smart TV
346,734,28,2024-01-14,2024,1,87.5,64.8,Mobile
347,292,23,2023-12-26,2023,12,67.2,60.0,Tablet
348,896,36,2023-03-31,2023,3,67.4,53.5,Tablet
349,760,27,2025-04-02,2025,4,34.5,40.6,Tablet
350,747,27,2023-05-23,2023,5,54.3,63.9,Smart TV
351,213,20,2024-05-01,2024,5,53.5,60.8,Laptop
352,68,38,2025-02-13,2025,2,78.3,64.2,Mobile
353,420,41,2023-10-07,2023,10,78.4,66.4,Desktop
354,474,46,2024-08-04,2024,8,33.8,38.4,Smart TV
355,853,25,2023-10-24,2023,10,106.9,73.7,Mobile
356,843,20,2024-08-22,2024,8,54.8,62.3,Tablet
357,230,2,2025-03-21,2025,3,29.3,23.6,Laptop
358,308,41,2024-10-13,2024,10,82.1,69.6,Laptop
359,428,12,2024-05-18,2024,5,107.3,89.4,Smart TV
360,30,8,2025-02-22,2025,2,85.8,91.3,Mobile
361,614,48,2024-01-06,2024,1,91.5,75.0,Desktop
362,447,17,2024-10-05,2024,10,95.6,79.7,Mobile
363,383,33,2025-01-20,2025,1,85.9,74.7,Laptop
364,167,38,2023-03-01,2023,3,58.1,47.6,Tablet
365,900,45,2023-05-19,2023,5,70.7,63.1,Mobile
366,280,24,2024-03-05,2024,3,77.5,77.5,Laptop
367,50,19,2023-10-26,2023,10,85.5,72.5,Mobile
368,527,13,2025-02-23,2025,2,64.1,71.2,Desktop
369,771,11,2024-07-10,2024,7,80.5,61.0,Laptop
370,847,44,2025-03-30,2025,3,89.4,59.6,Laptop
371,99,35,2024-08-16,2024,8,35.5,39.0,Smart TV
372,531,19,2024-01-17,2024,1,98.6,83.6,Tablet
373,349,11,2023-04-15,2023,4,70.9,53.7,Desktop
374,227,13,2025-03-25,2025,3,58.0,64.5,Desktop
375,867,35,2024-12-30,2024,12,64.4,70.8,Mobile
376,428,30,2023-03-20,2023,3,50.8,44.6,Smart TV
377,946,2,2024-05-06,2024,5,77.6,62.6,Laptop
378,143,29,2024-09-03,2024,9,80.9,72.2,Laptop
379,177,46,2023-11-08,2023,11,65.0,73.9,Smart TV
380,132,45,2023-05-26,2023,5,89.4,79.8,Laptop
381,129,14,2023-05-14,2023,5,140.9,95.2,Tablet
382,708,49,2025-03-13,2025,3,55.1,44.1,Mobile
383,794,31,2025-02-14,2025,2,64.7,67.4,Smart TV
384,111,3,2025-03-23,2025,3,111.6,78.6,Desktop
385,61,31,2023-05-02,2023,5,85.9,89.5,Mobile
386,68,20,2024-11-14,2024,11,30.4,34.6,Mobile
387,943,39,2023-07-30,2023,7,39.8,43.3,Laptop
388,30,6,2023-05-30,2023,5,99.4,86.4,Laptop
389,972,38,2023-12-23,2023,12,76.6,62.8,Desktop
390,800,47,2024-09-19,2024,9,65.5,55.5,Desktop
391,70,7,2025-04-19,2025,4,97.2,74.8,Mobile
392,542,14,2025-01-02,2025,1,76.4,51.6,Laptop
393,176,49,2024-07-04,2024,7,30.9,24.7,Mobile
394,947,14,2024-05-31,2024,5,128.2,86.6,Tablet
395,376,45,2024-08-26,2024,8,57.1,51.0,Mobile
396,186,23,2024-01-24,2024,1,75.0,67.0,Desktop
397,234,27,2023-04-26,2023,4,42.9,50.5,Tablet
398,113,34,2023-05-20,2023,5,83.5,70.8,Laptop
399,722,19,2024-07-24,2024,7,95.9,81.3,Mobile
400,336,32,2023-04-29,2023,4,90.6,64.7,Tablet
401,615,48,2023-11-16,2023,11,97.4,79.8,Tablet
402,232,36,2024-02-22,2024,2,74.2,58.9,Tablet
403,194,5,2025-04-01,2025,4,65.9,67.2,Smart TV
404,14,44,2024-05-18,2024,5,118.7,79.1,Tablet
405,449,34,2024-11-05,2024,11,93.6,79.3,Mobile
406,147,26,2024-02-15,2024,2,92.9,80.1,Mobile
407,760,11,2023-03-08,2023,3,83.8,63.5,Smart TV
408,347,13,2024-09-01,2024,9,49.7,55.2,Smart TV
409,859,28,2025-01-12,2025,1,95.7,70.9,Desktop
410,608,18,2025-02-13,2025,2,106.0,84.1,Tablet
411,365,31,2024-11-13,2024,11,73.0,76.0,Tablet
412,497,33,2023-10-13,2023,10,54.9,47.7,Tablet
413,111,8,2023-09-14,2023,9,42.7,45.4,Smart TV
414,31,7,2025-01-25,2025,1,47.6,36.6,Mobile
415,511,44,2023-01-28,2023,1,141.3,94.2,Tablet
416,620,44,2023-12-01,2023,12,72.3,48.2,Desktop
417,639,7,2025-02-17,2025,2,51.9,39.9,Desktop
418,786,32,2025-03-22,2025,3,96.9,69.2,Laptop
419,678,32,2024-05-17,2024,5,99.7,71.2,Desktop
420,352,35,2024-07-13,2024,7,64.8,71.2,Tablet
421,902,8,2024-01-28,2024,1,71.6,76.2,Tablet
422,471,3,2023-02-03,2023,2,71.4,50.3,Laptop
423,906,46,2023-06-18,2023,6,33.6,38.2,Tablet
424,500,49,2023-04-23,2023,4,93.0,74.4,Tablet
425,676,36,2024-12-02,2024,12,92.0,73.0,Tablet
426,488,36,2023-06-10,2023,6,89.8,71.3,Tablet
427,270,32,2024-08-28,2024,8,131.7,94.1,Desktop
428,693,23,2025-02-23,2025,2,106.2,94.8,Laptop
429,63,2,2024-08-27,2024,8,43.8,35.3,Laptop
430,358,48,2024-08-20,2024,8,38.8,31.8,Laptop
431,390,7,2024-03-14,2024,3,81.1,62.4,Laptop
432,422,23,2023-02-27,2023,2,88.0,78.6,Smart TV
433,241,42,2023-11-16,2023,11,83.0,75.5,Mobile
434,890,20,2023-04-28,2023,4,21.0,23.9,Laptop
435,39,30,2024-11-04,2024,11,99.4,87.2,Desktop
436,528,27,2023-10-01,2023,10,49.6,58.3,Mobile
437,325,25,2024-08-07,2024,8,94.4,65.1,Desktop
438,101,32,2023-04-13,2023,4,111.9,79.9,Smart TV
439,345,32,2024-05-29,2024,5,119.0,85.0,Laptop
440,171,40,2023-11-03,2023,11,91.4,63.5,Tablet
441,207,32,2024-10-12,2024,10,121.1,86.5,Mobile
442,861,35,2023-08-08,2023,8,26.2,28.8,Desktop
443,412,15,2024-10-01,2024,10,93.7,82.2,Mobile
444,735,38,2023-04-08,2023,4,92.1,75.5,Laptop
445,69,37,2025-03-31,2025,3,92.2,72.6,Tablet
446,215,23,2025-03-25,2025,3,44.8,40.0,Laptop
447,517,20,2024-03-19,2024,3,44.4,50.4,Tablet
448,412,17,2024-10-01,2024,10,86.2,71.8,Desktop
449,185,2,2024-10-04,2024,10,99.8,80.5,Smart TV
450,591,32,2023-08-07,2023,8,110.0,78.6,Tablet
451,275,41,2024-06-29,2024,6,100.2,84.9,Tablet
452,958,37,2025-01-14,2025,1,97.9,77.1,Desktop
453,206,24,2024-04-18,2024,4,47.7,47.7,Smart TV
454,765,44,2025-02-22,2025,2,89.2,59.5,Tablet
455,421,21,2025-04-30,2025,4,104.1,89.7,Smart TV
456,867,27,2023-10-01,2023,10,56.0,65.9,Laptop
457,704,39,2023-08-30,2023,8,33.4,36.3,Smart TV
458,29,16,2025-03-27,2025,3,83.9,85.6,Tablet
459,498,36,2024-03-22,2024,3,84.2,66.8,Mobile
460,207,11,2023-10-07,2023,10,61.5,46.6,Laptop
461,809,18,2024-11-05,2024,11,92.6,73.5,Mobile
462,987,47,2024-05-12,2024,5,98.9,83.8,Mobile
463,881,6,2023-11-18,2023,11,87.3,75.9,Mobile
464,923,27,2024-01-08,2024,1,66.6,78.4,Tablet
465,966,47,2023-05-24,2023,5,64.9,55.0,Desktop
466,753,33,2023-05-04,2023,5,82.9,72.1,Desktop
467,973,34,2023-09-15,2023,9,83.5,70.8,Mobile
468,244,39,2023-05-06,2023,5,46.4,50.4,Desktop
469,755,25,2025-04-05,2025,4,119.5,82.4,Smart TV
470,958,28,2023-08-12,2023,8,64.0,47.4,Smart TV
471,220,18,2024-03-26,2024,3,83.3,66.1,Desktop
472,58,32,2024-06-30,2024,6,89.7,64.1,Mobile
473,325,35,2024-03-09,2024,3,42.2,46.4,Laptop
474,901,10,2024-01-07,2024,1,71.1,69.7,Laptop
475,842,20,2023-01-22,2023,1,70.3,79.9,Mobile
476,862,48,2024-11-09,2024,11,103.1,84.5,Mobile
477,708,43,2023-09-03,2023,9,55.7,56.3,Tablet
478,317,41,2024-12-18,2024,12,74.8,63.4,Mobile
479,548,16,2024-03-29,2024,3,63.6,64.9,Tablet
480,950,17,2023-11-05,2023,11,50.0,41.7,Smart TV
481,305,14,2023-06-14,2023,6,133.2,90.0,Laptop
482,901,42,2024-02-21,2024,2,92.5,84.1,Laptop
483,888,6,2025-04-22,2025,4,96.3,83.7,Tablet
484,483,48,2024-02-27,2024,2,110.5,90.6,Laptop
485,735,28,2025-04-19,2025,4,57.8,42.8,Smart TV
486,716,17,2024-06-02,2024,6,46.3,38.6,Tablet
487,617,47,2025-04-12,2025,4,86.6,73.4,Laptop
488,465,45,2023-01-29,2023,1,92.8,82.9,Smart TV
489,646,29,2025-03-21,2025,3,87.0,77.7,Mobile
490,411,13,2024-10-05,2024,10,56.7,63.0,Mobile
491,162,16,2024-06-12,2024,6,79.3,80.9,Smart TV
492,868,39,2024-12-03,2024,12,76.3,82.9,Tablet
493,490,48,2023-05-17,2023,5,69.3,56.8,Desktop
494,847,21,2025-03-29,2025,3,67.6,58.3,Mobile
495,425,24,2023-07-06,2023,7,65.2,65.2,Tablet
496,968,37,2023-08-18,2023,8,38.6,30.4,Mobile
497,946,36,2024-10-24,2024,10,96.3,76.4,Smart TV
498,929,6,2024-04-18,2024,4,59.9,52.1,Smart TV
499,51,26,2024-09-24,2024,9,78.0,67.2,Laptop
500,153,6,2024-01-12,2024,1,57.2,49.7,Desktop
501,121,1,2025-01-05,2025,1,85.3,72.3,Tablet
502,848,44,2024-05-21,2024,5,67.2,44.8,Smart TV
503,196,18,2023-10-22,2023,10,103.7,82.3,Tablet
504,134,28,2023-07-31,2023,7,102.5,75.9,Laptop
505,745,44,2023-07-13,2023,7,99.9,66.6,Tablet
506,812,10,2023-01-30,2023,1,60.0,58.8,Laptop
507,242,40,2024-04-06,2024,4,128.9,89.5,Laptop
508,597,44,2024-10-24,2024,10,103.2,68.8,Mobile
509,481,9,2023-11-28,2023,11,121.0,94.5,Tablet
510,704,14,2024-12-31,2024,12,95.8,64.7,Tablet
511,754,39,2023-09-20,2023,9,57.2,62.2,Mobile
512,341,16,2024-04-27,2024,4,87.7,89.5,Desktop
513,962,43,2025-04-01,2025,4,75.0,75.8,Mobile
514,6,17,2024-05-31,2024,5,92.2,76.8,Laptop
515,405,43,2024-01-15,2024,1,45.7,46.2,Desktop
516,43,38,2023-07-03,2023,7,69.3,56.8,Desktop
517,505,22,2024-04-24,2024,4,57.8,46.2,Laptop
518,728,34,2024-03-19,2024,3,55.7,47.2,Mobile
519,321,3,2023-05-11,2023,5,100.7,70.9,Laptop
520,766,24,2024-03-16,2024,3,58.4,58.4,Laptop
521,628,49,2023-09-28,2023,9,89.8,71.8,Tablet
522,915,11,2023-11-20,2023,11,108.1,81.9,Tablet
523,783,10,2024-07-23,2024,7,88.4,86.7,Tablet
524,55,13,2023-06-02,2023,6,37.9,42.1,Tablet
525,267,11,2024-12-23,2024,12,91.5,69.3,Mobile
526,917,32,2023-02-11,2023,2,95.1,67.9,Desktop
527,497,30,2024-05-19,2024,5,50.4,44.2,Smart TV
528,127,23,2023-04-06,2023,4,58.8,52.5,Laptop
529,185,11,2025-02-06,2025,2,94.2,71.4,Laptop
530,577,43,2024-08-22,2024,8,52.7,53.2,Mobile
531,539,37,2023-07-04,2023,7,84.5,66.5,Mobile
532,253,32,2024-11-24,2024,11,58.9,42.1,Laptop
533,27,19,2024-11-28,2024,11,112.5,95.3,Mobile
534,404,24,2024-08-27,2024,8,90.8,90.8,Mobile
535,858,21,2023-06-07,2023,6,37.5,32.3,Tablet
536,851,46,2024-11-06,2024,11,57.3,65.1,Laptop
537,609,43,2023-01-06,2023,1,60.8,61.4,Mobile
538,672,40,2024-04-08,2024,4,88.0,61.1,Desktop
539,133,14,2023-02-19,2023,2,125.2,84.6,Laptop
540,331,4,2025-01-31,2025,1,43.1,39.2,Desktop
541,391,6,2024-02-13,2024,2,64.9,56.4,Smart TV
542,989,26,2023-04-02,2023,4,35.1,30.3,Smart TV
543,167,25,2025-03-09,2025,3,95.3,65.7,Smart TV
544,124,20,2024-05-17,2024,5,61.4,69.8,Laptop
545,926,44,2024-09-09,2024,9,69.2,46.1,Mobile
546,853,24,2024-06-08,2024,6,52.2,52.2,Tablet
547,907,25,2024-05-02,2024,5,83.2,57.4,Desktop
548,434,6,2025-02-13,2025,2,76.9,66.9,Laptop
549,629,12,2024-03-20,2024,3,92.8,77.3,Mobile
550,42,33,2023-12-16,2023,12,108.4,94.3,Smart TV
551,664,44,2024-12-31,2024,12,72.6,48.4,Tablet
552,540,41,2024-10-24,2024,10,85.2,72.2,Laptop
553,480,28,2023-03-23,2023,3,120.7,89.4,Tablet
554,308,10,2023-05-11,2023,5,81.3,79.7,Laptop
555,862,16,2024-06-19,2024,6,65.9,67.2,Desktop
556,49,36,2023-03-20,2023,3,113.4,90.0,Desktop
557,111,33,2024-03-11,2024,3,76.2,66.3,Tablet
558,677,47,2024-08-05,2024,8,100.3,85.0,Laptop
559,261,38,2023-03-25,2023,3,101.5,83.2,Mobile
560,117,48,2024-11-08,2024,11,84.3,69.1,Smart TV
561,864,26,2023-02-16,2023,2,47.3,40.8,Laptop
562,322,38,2025-01-11,2025,1,83.7,68.6,Tablet
563,639,17,2023-12-16,2023,12,112.4,93.7,Smart TV
564,217,12,2023-03-22,2023,3,98.8,82.3,Desktop
565,266,44,2023-04-19,2023,4,101.2,67.5,Mobile
566,6,26,2023-04-30,2023,4,32.8,28.3,Tablet
567,472,45,2024-02-19,2024,2,98.0,87.5,Desktop
568,744,32,2023-11-07,2023,11,107.4,76.7,Desktop
569,370,45,2024-11-20,2024,11,104.5,93.3,Tablet
570,824,20,2023-03-31,2023,3,19.8,22.5,Mobile
571,836,2,2024-12-13,2024,12,116.7,94.1,Mobile
572,215,31,2024-10-26,2024,10,45.6,47.5,Smart TV
573,447,41,2025-03-19,2025,3,86.0,72.9,Mobile
574,309,30,2023-06-01,2023,6,79.3,69.6,Mobile
575,120,11,2023-06-06,2023,6,108.2,82.0,Tablet
576,987,32,2024-04-27,2024,4,42.1,30.1,Tablet
577,600,16,2023-07-26,2023,7,58.0,59.2,Tablet
578,53,22,2023-01-09,2023,1,53.9,43.1,Tablet
579,426,32,2025-01-24,2025,1,104.9,74.9,Desktop
580,298,3,2024-05-14,2024,5,93.2,65.6,Desktop
581,606,47,2024-09-18,2024,9,107.6,91.2,Tablet
582,238,46,2023-03-04,2023,3,49.4,56.1,Laptop
583,567,5,2023-10-02,2023,10,54.7,55.8,Tablet
584,120,32,2024-09-29,2024,9,128.0,91.4,Laptop
585,460,45,2024-03-22,2024,3,34.0,30.4,Laptop
586,744,13,2024-04-25,2024,4,41.0,45.5,Smart TV
587,602,44,2023-12-14,2023,12,135.4,90.3,Tablet
588,135,19,2025-01-10,2025,1,95.3,80.8,Tablet
589,854,44,2024-10-30,2024,10,122.7,81.8,Tablet
590,819,11,2024-09-28,2024,9,69.7,52.8,Mobile
591,684,31,2023-05-13,2023,5,48.0,50.0,Smart TV
592,621,32,2023-04-14,2023,4,117.9,84.2,Tablet
593,311,16,2023-08-03,2023,8,72.3,73.8,Mobile
594,368,17,2024-01-01,2024,1,95.2,79.3,Smart TV
595,848,33,2023-02-02,2023,2,97.5,84.8,Laptop
596,441,8,2024-09-24,2024,9,58.7,62.4,Tablet
597,265,22,2025-03-14,2025,3,78.8,63.0,Mobile
598,789,36,2023-10-01,2023,10,111.9,88.8,Desktop
599,619,43,2023-04-17,2023,4,79.8,80.6,Tablet
600,819,30,2025-02-12,2025,2,50.2,44.0,Mobile
601,801,40,2024-09-16,2024,9,120.7,83.8,Mobile
602,844,36,2023-02-12,2023,2,90.0,71.4,Smart TV
603,646,8,2023-07-30,2023,7,37.7,40.1,Laptop
604,726,29,2025-02-19,2025,2,79.9,71.3,Mobile
605,158,42,2024-01-08,2024,1,67.9,61.7,Smart TV
606,126,13,2024-03-25,2024,3,64.3,71.5,Mobile
607,252,31,2023-12-16,2023,12,56.3,58.6,Smart TV
608,88,18,2024-01-17,2024,1,102.1,81.0,Tablet
609,370,41,2024-11-11,2024,11,65.7,55.7,Desktop
610,432,15,2023-05-22,2023,5,96.4,84.6,Tablet
611,941,27,2024-04-14,2024,4,51.3,60.4,Laptop
612,967,2,2024-03-29,2024,3,58.9,47.5,Mobile
613,735,34,2023-03-13,2023,3,48.4,41.0,Laptop
614,412,11,2024-03-20,2024,3,50.0,37.9,Mobile
615,677,42,2023-06-04,2023,6,98.1,89.2,Mobile
616,647,46,2025-03-29,2025,3,53.3,60.6,Laptop
617,430,26,2024-11-28,2024,11,93.3,80.4,Laptop
618,739,48,2023-11-18,2023,11,109.3,89.6,Mobile
619,847,18,2024-06-24,2024,6,96.1,76.3,Smart TV
620,718,26,2024-04-01,2024,4,90.4,77.9,Desktop
621,640,40,2024-10-29,2024,10,97.8,67.9,Laptop
622,909,42,2024-02-19,2024,2,91.8,83.5,Laptop
623,87,3,2024-07-04,2024,7,87.6,61.7,Smart TV
624,533,35,2023-10-18,2023,10,54.8,60.2,Laptop
625,534,22,2025-02-14,2025,2,96.9,77.5,Mobile
626,29,35,2024-08-29,2024,8,68.2,74.9,Laptop
627,744,28,2024-06-01,2024,6,59.4,44.0,Mobile
628,862,24,2023-09-23,2023,9,77.1,77.1,Laptop
629,127,4,2025-02-13,2025,2,86.0,78.2,Mobile
630,460,20,2024-08-09,2024,8,50.7,57.6,Smart TV
631,825,48,2024-08-18,2024,8,90.5,74.2,Desktop
632,865,39,2023-08-28,2023,8,44.8,48.7,Desktop
633,689,9,2025-01-01,2025,1,82.3,64.3,Smart TV
634,108,21,2024-06-12,2024,6,87.0,75.0,Laptop
635,466,7,2023-05-31,2023,5,105.0,80.8,Tablet
636,84,6,2023-03-05,2023,3,77.0,67.0,Smart TV
637,488,14,2024-04-01,2024,4,59.3,40.1,Desktop
638,413,38,2024-07-26,2024,7,87.7,71.9,Tablet
639,893,17,2024-08-21,2024,8,85.1,70.9,Tablet
640,451,45,2024-05-16,2024,5,91.5,81.7,Tablet
641,844,11,2023-05-28,2023,5,94.1,71.3,Tablet
642,729,30,2023-05-13,2023,5,106.9,93.8,Desktop
643,884,34,2023-05-01,2023,5,94.5,80.1,Tablet
644,485,3,2025-02-03,2025,2,69.0,48.6,Desktop
645,379,8,2024-09-08,2024,9,33.8,36.0,Laptop
646,586,19,2023-02-11,2023,2,85.1,72.1,Mobile
647,381,20,2024-01-19,2024,1,52.0,59.1,Smart TV
648,146,38,2024-03-07,2024,3,43.8,35.9,Laptop
649,911,19,2023-08-09,2023,8,60.1,50.9,Tablet
650,3,8,2024-07-14,2024,7,72.8,77.4,Tablet
651,493,37,2023-11-14,2023,11,94.2,74.2,Laptop
652,801,25,2024-05-01,2024,5,124.6,85.9,Desktop
653,136,49,2023-05-22,2023,5,89.0,71.2,Tablet
654,780,29,2024-11-14,2024,11,76.5,68.3,Laptop
655,92,40,2024-11-11,2024,11,110.7,76.9,Tablet
656,239,26,2023-12-14,2023,12,84.7,73.0,Tablet
657,754,18,2024-10-23,2024,10,52.3,41.5,Smart TV
658,725,2,2024-08-08,2024,8,95.7,77.2,Laptop
659,575,42,2023-05-07,2023,5,85.7,77.9,Mobile
660,198,40,2024-07-08,2024,7,107.7,74.8,Mobile
661,981,37,2024-06-18,2024,6,65.3,51.4,Tablet
662,515,2,2023-05-04,2023,5,97.3,78.5,Desktop
663,185,2,2023-10-09,2023,10,104.2,84.0,Smart TV
664,850,46,2024-08-16,2024,8,64.7,73.5,Desktop
665,329,26,2024-08-26,2024,8,40.9,35.3,Mobile
666,349,28,2023-07-04,2023,7,89.8,66.5,Desktop
667,325,25,2023-09-21,2023,9,60.6,41.8,Mobile
668,555,11,2023-10-20,2023,10,62.6,47.4,Laptop
669,787,6,2023-06-07,2023,6,68.9,59.9,Tablet
670,695,11,2023-03-02,2023,3,101.0,76.5,Laptop
671,186,2,2024-12-31,2024,12,46.4,37.4,Tablet
672,102,21,2023-05-26,2023,5,76.9,66.3,Laptop
673,265,25,2025-04-27,2025,4,129.1,89.0,Mobile
674,208,16,2025-02-09,2025,2,74.2,75.7,Smart TV
675,505,33,2025-02-09,2025,2,81.9,71.2,Mobile
676,276,4,2023-11-22,2023,11,76.1,69.2,Tablet
677,68,31,2023-01-30,2023,1,63.4,66.0,Smart TV
678,936,2,2023-10-03,2023,10,91.4,73.7,Desktop
679,692,7,2023-09-10,2023,9,107.9,83.0,Smart TV
680,312,37,2024-02-21,2024,2,86.6,68.2,Desktop
681,209,10,2024-01-18,2024,1,74.5,73.0,Smart TV
682,801,16,2024-07-04,2024,7,90.7,92.5,Desktop
683,463,3,2023-01-02,2023,1,120.7,85.0,Desktop
684,297,42,2023-06-21,2023,6,23.9,21.7,Tablet
685,280,39,2023-09-14,2023,9,49.7,54.0,Laptop
686,863,41,2023-08-06,2023,8,88.7,75.2,Desktop
687,289,3,2023-06-15,2023,6,116.4,82.0,Desktop
688,72,20,2023-04-02,2023,4,32.7,37.2,Smart TV
689,743,36,2023-10-14,2023,10,110.8,87.9,Smart TV
690,626,33,2025-04-01,2025,4,69.8,60.7,Laptop
691,651,17,2025-02-09,2025,2,96.8,80.7,Laptop
692,252,43,2023-11-26,2023,11,61.5,62.1,Tablet
693,983,39,2023-12-03,2023,12,62.4,67.8,Mobile
694,624,31,2023-01-05,2023,1,85.5,89.1,Smart TV
695,424,36,2024-12-14,2024,12,101.4,80.5,Tablet
696,552,6,2025-03-17,2025,3,101.0,87.8,Mobile
697,552,2,2025-04-15,2025,4,98.1,79.1,Mobile
698,362,25,2025-04-27,2025,4,110.1,75.9,Tablet
699,182,45,2023-01-09,2023,1,51.0,45.5,Laptop
700,959,13,2024-03-31,2024,3,63.2,70.2,Laptop
701,697,46,2024-01-02,2024,1,65.1,74.0,Laptop
702,828,46,2023-08-15,2023,8,52.3,59.4,Laptop
703,38,18,2024-05-19,2024,5,112.5,89.3,Desktop
704,215,1,2023-07-20,2023,7,112.9,95.7,Tablet
705,114,18,2024-08-05,2024,8,89.5,71.0,Smart TV
706,566,13,2024-11-06,2024,11,60.3,67.0,Desktop
707,579,12,2023-03-08,2023,3,90.4,75.3,Mobile
708,131,17,2024-08-06,2024,8,104.2,86.8,Desktop
709,747,18,2023-07-16,2023,7,109.0,86.5,Mobile
710,994,45,2024-11-25,2024,11,81.3,72.6,Laptop
711,698,36,2024-04-09,2024,4,29.2,23.2,Tablet
712,657,44,2024-10-27,2024,10,54.6,36.4,Laptop
713,443,27,2023-10-08,2023,10,51.4,60.5,Tablet
714,371,34,2025-02-16,2025,2,41.3,35.0,Smart TV
715,49,18,2024-03-06,2024,3,91.5,72.6,Laptop
716,6,26,2023-07-19,2023,7,71.6,61.7,Desktop
717,828,2,2025-01-25,2025,1,67.3,54.3,Tablet
718,981,5,2023-09-13,2023,9,50.3,51.3,Mobile
719,642,41,2023-04-10,2023,4,37.8,32.0,Tablet
720,828,2,2024-08-29,2024,8,104.7,84.4,Laptop
721,861,17,2023-09-11,2023,9,52.4,43.7,Smart TV
722,982,22,2023-02-25,2023,2,106.8,85.4,Desktop
723,814,16,2023-03-16,2023,3,81.8,83.5,Desktop
724,450,49,2023-04-08,2023,4,96.2,77.0,Desktop
725,128,6,2023-03-04,2023,3,103.5,90.0,Tablet
726,321,45,2023-03-08,2023,3,93.9,83.8,Mobile
727,942,29,2023-02-26,2023,2,66.8,59.6,Tablet
728,68,7,2024-11-24,2024,11,48.1,37.0,Mobile
729,302,25,2024-02-16,2024,2,61.3,42.3,Tablet
730,239,39,2025-03-17,2025,3,19.8,21.5,Tablet
731,476,28,2024-09-27,2024,9,103.5,76.7,Laptop
732,667,44,2025-03-12,2025,3,47.4,31.6,Desktop
733,337,38,2023-07-17,2023,7,53.3,43.7,Mobile
734,610,46,2023-03-11,2023,3,66.4,75.5,Desktop
735,130,41,2024-06-05,2024,6,66.7,56.5,Tablet
736,493,47,2024-09-27,2024,9,80.4,68.1,Smart TV
737,141,3,2023-03-03,2023,3,65.0,45.8,Desktop
738,447,33,2024-10-29,2024,10,95.0,82.6,Laptop
739,598,35,2025-03-05,2025,3,53.1,58.3,Desktop
740,352,19,2024-01-13,2024,1,110.9,94.0,Desktop
741,601,43,2024-11-25,2024,11,46.9,47.4,Smart TV
742,520,36,2023-02-25,2023,2,84.2,66.8,Smart TV
743,1000,13,2024-10-17,2024,10,65.1,72.3,Laptop
744,194,43,2024-05-02,2024,5,79.3,80.1,Tablet
745,615,45,2023-12-06,2023,12,97.1,86.7,Desktop
746,987,22,2024-09-22,2024,9,74.4,59.5,Laptop
747,167,7,2024-04-10,2024,4,114.1,87.8,Mobile
748,508,15,2023-01-04,2023,1,88.5,77.6,Smart TV
749,478,40,2023-08-07,2023,8,79.6,55.3,Laptop
750,827,48,2024-01-20,2024,1,64.3,52.7,Smart TV
751,846,1,2024-01-07,2024,1,32.1,27.2,Laptop
752,31,36,2023-04-28,2023,4,59.5,47.2,Tablet
753,200,41,2024-08-22,2024,8,106.0,89.8,Laptop
754,45,2,2023-07-23,2023,7,64.6,52.1,Smart TV
755,225,17,2025-01-06,2025,1,60.1,50.1,Desktop
756,252,12,2023-07-20,2023,7,36.7,30.6,Laptop
757,933,7,2023-01-22,2023,1,111.5,85.8,Smart TV
758,389,42,2025-03-17,2025,3,97.1,88.3,Laptop
759,959,14,2023-11-09,2023,11,101.7,68.7,Laptop
760,829,24,2024-11-07,2024,11,49.9,49.9,Desktop
761,819,40,2024-03-20,2024,3,126.6,87.9,Mobile
762,122,10,2023-05-14,2023,5,86.0,84.3,Smart TV
763,546,25,2024-12-12,2024,12,92.9,64.1,Desktop
764,440,41,2023-09-08,2023,9,106.6,90.3,Desktop
765,602,13,2024-07-02,2024,7,35.5,39.4,Smart TV
766,55,41,2025-03-25,2025,3,68.7,58.2,Smart TV
767,872,33,2024-08-21,2024,8,101.5,88.3,Smart TV
768,745,6,2025-03-14,2025,3,79.9,69.5,Desktop
769,67,11,2024-06-04,2024,6,85.7,64.9,Desktop
770,384,32,2024-06-15,2024,6,96.7,69.1,Laptop
771,730,24,2024-06-22,2024,6,80.1,80.1,Tablet
772,486,18,2024-08-18,2024,8,82.8,65.7,Desktop
773,666,3,2023-08-01,2023,8,76.4,53.8,Smart TV
774,463,16,2024-02-10,2024,2,52.6,53.7,Tablet
775,911,25,2024-08-08,2024,8,70.5,48.6,Laptop
776,261,36,2023-03-28,2023,3,58.5,46.4,Mobile
777,303,29,2024-06-15,2024,6,70.3,62.8,Desktop
778,43,30,2024-06-08,2024,6,87.6,76.8,Tablet
779,462,30,2024-03-18,2024,3,75.4,66.1,Tablet
780,325,18,2024-01-27,2024,1,39.4,31.3,Tablet
781,240,17,2024-10-22,2024,10,47.9,39.9,Mobile
782,302,33,2024-06-09,2024,6,84.3,73.3,Mobile
783,805,18,2023-08-22,2023,8,53.7,42.6,Mobile
784,369,3,2024-07-13,2024,7,74.3,52.3,Smart TV
785,692,22,2023-09-14,2023,9,74.6,59.7,Laptop
786,196,46,2024-09-10,2024,9,81.8,93.0,Desktop
787,935,17,2023-01-09,2023,1,100.0,83.3,Laptop
788,843,23,2025-03-12,2025,3,109.9,98.1,Tablet
789,842,38,2025-02-14,2025,2,95.6,78.4,Tablet
790,670,33,2025-02-18,2025,2,106.3,92.4,Tablet
791,234,15,2025-01-10,2025,1,93.9,82.4,Tablet
792,240,34,2024-08-24,2024,8,99.0,83.9,Tablet
793,740,30,2023-12-15,2023,12,96.0,84.2,Laptop
794,867,13,2024-03-15,2024,3,61.3,68.1,Smart TV
795,450,29,2024-07-25,2024,7,36.4,32.5,Smart TV
796,592,9,2023-11-09,2023,11,117.5,91.8,Mobile
797,512,43,2023-12-30,2023,12,61.4,62.0,Tablet
798,436,44,2025-02-09,2025,2,98.7,65.8,Desktop
799,307,21,2024-08-24,2024,8,36.0,31.0,Mobile
800,945,9,2023-06-07,2023,6,121.3,94.8,Laptop
801,582,41,2025-03-29,2025,3,89.7,76.0,Desktop
802,588,26,2024-01-26,2024,1,61.0,52.6,Tablet
803,66,35,2024-01-31,2024,1,32.6,35.8,Desktop
804,986,29,2024-10-16,2024,10,99.5,88.8,Mobile
805,176,7,2024-11-22,2024,11,95.7,73.6,Mobile
806,847,45,2024-09-09,2024,9,78.8,70.4,Smart TV
807,204,5,2024-01-31,2024,1,44.6,45.5,Desktop
808,72,30,2023-02-28,2023,2,72.7,63.8,Mobile
809,176,21,2024-02-25,2024,2,75.5,65.1,Mobile
810,133,35,2024-03-04,2024,3,28.8,31.6,Smart TV
811,134,14,2023-11-14,2023,11,99.8,67.4,Tablet
812,163,39,2024-08-11,2024,8,58.4,63.5,Desktop
813,734,44,2024-04-14,2024,4,86.7,57.8,Mobile
814,147,29,2023-03-07,2023,3,95.8,85.5,Desktop
815,827,16,2024-06-22,2024,6,60.2,61.4,Desktop
816,901,32,2024-04-16,2024,4,96.7,69.1,Mobile
817,755,6,2023-10-22,2023,10,89.7,78.0,Tablet
818,356,45,2024-12-29,2024,12,94.3,84.2,Tablet
819,628,12,2024-03-01,2024,3,67.2,56.0,Desktop
820,751,28,2024-04-13,2024,4,87.3,64.7,Smart TV
821,716,37,2023-04-08,2023,4,82.8,65.2,Mobile
822,246,11,2023-10-08,2023,10,116.3,88.1,Desktop
823,299,43,2023-03-10,2023,3,79.4,80.2,Smart TV
824,931,32,2024-02-26,2024,2,135.8,97.0,Desktop
825,125,24,2023-03-20,2023,3,82.7,82.7,Desktop
826,785,21,2024-02-24,2024,2,79.3,68.4,Laptop
827,213,33,2023-02-15,2023,2,79.3,69.0,Mobile
828,655,45,2024-11-22,2024,11,92.3,82.4,Tablet
829,352,48,2024-02-13,2024,2,105.9,86.8,Tablet
830,39,1,2023-09-14,2023,9,52.4,44.4,Smart TV
831,335,43,2025-02-05,2025,2,68.4,69.1,Tablet
832,70,6,2024-07-15,2024,7,90.3,78.5,Tablet
833,144,31,2025-04-20,2025,4,55.8,58.1,Smart TV
834,175,2,2024-09-13,2024,9,53.2,42.9,Laptop
835,128,35,2025-01-29,2025,1,29.7,32.6,Mobile
836,694,18,2023-06-07,2023,6,85.6,67.9,Smart TV
837,222,46,2023-02-05,2023,2,53.8,61.1,Tablet
838,714,4,2024-10-12,2024,10,93.5,85.0,Mobile
839,400,45,2023-11-12,2023,11,76.2,68.0,Desktop
840,5,4,2025-03-01,2025,3,70.7,64.3,Smart TV
841,952,16,2024-01-19,2024,1,87.7,89.5,Smart TV
842,94,2,2024-03-07,2024,3,39.8,32.1,Mobile
843,346,13,2024-11-27,2024,11,40.2,44.7,Mobile
844,817,43,2023-06-21,2023,6,80.6,81.4,Mobile
845,426,33,2023-04-21,2023,4,97.9,85.1,Laptop
846,576,41,2023-07-14,2023,7,90.9,77.0,Desktop
847,405,28,2023-05-04,2023,5,74.0,54.8,Mobile
848,366,21,2023-06-27,2023,6,33.4,28.8,Laptop
849,13,25,2023-08-06,2023,8,99.8,68.8,Mobile
850,674,18,2024-10-27,2024,10,97.0,77.0,Mobile
851,69,14,2024-02-25,2024,2,88.2,59.6,Desktop
852,512,7,2024-12-30,2024,12,94.6,72.8,Desktop
853,176,17,2023-04-08,2023,4,91.1,75.9,Tablet
854,695,45,2023-05-17,2023,5,69.0,61.6,Laptop
855,872,43,2024-05-08,2024,5,38.3,38.7,Mobile
856,624,38,2024-04-04,2024,4,78.8,64.6,Smart TV
857,516,38,2024-12-22,2024,12,117.5,96.3,Smart TV
858,22,40,2025-02-16,2025,2,128.0,88.9,Laptop
859,243,48,2024-03-14,2024,3,101.0,82.8,Desktop
860,82,4,2023-05-21,2023,5,70.5,64.1,Laptop
861,207,10,2024-01-20,2024,1,53.7,52.6,Mobile
862,244,47,2024-09-04,2024,9,113.6,96.3,Tablet
863,757,22,2023-05-18,2023,5,72.5,58.0,Mobile
864,534,27,2024-10-25,2024,10,59.9,70.5,Smart TV
865,868,47,2023-12-06,2023,12,73.4,62.2,Smart TV
866,553,4,2024-11-11,2024,11,105.9,96.3,Smart TV
867,623,25,2024-06-17,2024,6,88.3,60.9,Tablet
868,645,1,2023-03-08,2023,3,103.2,87.5,Mobile
869,977,13,2023-02-23,2023,2,34.9,38.8,Smart TV
870,129,6,2023-06-27,2023,6,86.8,75.5,Smart TV
871,242,33,2023-03-22,2023,3,77.2,67.1,Tablet
872,319,11,2025-01-08,2025,1,68.6,52.0,Tablet
873,181,39,2023-09-12,2023,9,58.0,63.0,Smart TV
874,279,31,2023-03-23,2023,3,88.6,92.3,Laptop
875,408,25,2023-06-21,2023,6,100.8,69.5,Tablet
876,518,40,2025-01-22,2025,1,97.2,67.5,Smart TV
877,840,31,2023-01-21,2023,1,79.6,82.9,Tablet
878,875,6,2025-02-16,2025,2,102.8,89.4,Laptop
879,610,35,2023-06-06,2023,6,37.8,41.5,Tablet
880,475,20,2024-04-09,2024,4,54.9,62.4,Tablet
881,74,22,2023-05-20,2023,5,101.2,81.0,Smart TV
882,159,13,2023-01-05,2023,1,53.8,59.8,Laptop
883,504,26,2024-03-01,2024,3,106.1,91.5,Laptop
884,394,32,2023-11-12,2023,11,108.8,77.7,Desktop
885,73,27,2023-02-09,2023,2,31.7,37.3,Desktop
886,167,13,2025-02-20,2025,2,42.3,47.0,Laptop
887,522,46,2024-05-15,2024,5,47.0,53.4,Mobile
888,667,25,2024-03-10,2024,3,118.8,81.9,Smart TV
889,490,3,2025-04-12,2025,4,90.0,63.4,Mobile
890,715,43,2024-10-22,2024,10,47.2,47.7,Desktop
891,467,44,2023-05-31,2023,5,84.6,56.4,Desktop
892,593,43,2023-06-15,2023,6,27.7,28.0,Mobile
893,660,46,2024-01-29,2024,1,55.8,63.4,Mobile
894,531,13,2024-03-09,2024,3,50.7,56.3,Laptop
895,513,35,2024-11-05,2024,11,57.7,63.4,Tablet
896,771,47,2023-04-02,2023,4,51.7,43.8,Desktop
897,796,23,2025-04-13,2025,4,52.9,47.2,Smart TV
898,953,48,2024-02-12,2024,2,98.0,80.3,Mobile
899,173,32,2023-01-02,2023,1,59.4,42.4,Tablet
900,538,27,2024-11-01,2024,11,48.0,56.5,Smart TV
901,384,12,2024-12-21,2024,12,55.7,46.4,Tablet
902,187,33,2023-04-23,2023,4,78.7,68.4,Smart TV
903,191,13,2023-03-02,2023,3,66.2,73.6,Smart TV
904,266,27,2024-03-27,2024,3,55.2,65.0,Smart TV
905,82,19,2023-03-29,2023,3,75.9,64.3,Laptop
906,66,22,2023-01-31,2023,1,94.0,75.2,Tablet
907,497,44,2025-02-17,2025,2,64.3,42.9,Mobile
908,273,49,2023-01-08,2023,1,98.5,78.8,Mobile
909,100,14,2024-06-18,2024,6,124.6,84.2,Tablet
910,618,34,2025-02-18,2025,2,67.5,57.2,Tablet
911,485,49,2023-12-12,2023,12,95.1,76.1,Laptop
912,380,44,2023-12-18,2023,12,148.8,99.2,Smart TV
913,964,24,2024-11-12,2024,11,65.5,65.5,Desktop
914,59,23,2023-12-05,2023,12,95.0,84.8,Mobile
915,468,45,2024-02-16,2024,2,91.2,81.4,Smart TV
916,27,39,2023-05-06,2023,5,44.5,48.4,Smart TV
917,378,29,2024-09-25,2024,9,89.3,79.7,Tablet
918,528,27,2024-11-07,2024,11,75.8,89.2,Laptop
919,18,41,2024-01-04,2024,1,103.5,87.7,Laptop
920,695,29,2023-08-28,2023,8,85.3,76.2,Tablet
921,757,40,2025-03-24,2025,3,58.5,40.6,Tablet
922,962,31,2024-11-05,2024,11,83.4,86.9,Mobile
923,752,25,2023-10-28,2023,10,110.5,76.2,Smart TV
924,891,34,2024-08-08,2024,8,99.0,83.9,Desktop
925,33,9,2024-05-24,2024,5,108.0,84.4,Laptop
926,853,44,2024-07-15,2024,7,144.2,96.1,Tablet
927,173,29,2023-04-29,2023,4,78.5,70.1,Desktop
928,247,16,2023-08-05,2023,8,48.8,49.8,Mobile
929,109,28,2025-01-02,2025,1,43.6,32.3,Laptop
930,925,25,2025-02-23,2025,2,84.4,58.2,Laptop
931,682,31,2024-11-17,2024,11,43.5,45.3,Smart TV
932,945,35,2024-10-10,2024,10,30.9,34.0,Laptop
933,893,15,2024-08-12,2024,8,94.7,83.1,Desktop
934,67,42,2023-12-18,2023,12,70.7,64.3,Tablet
935,670,42,2025-03-14,2025,3,81.5,74.1,Tablet
936,828,15,2023-08-17,2023,8,64.6,56.7,Laptop
937,90,8,2023-04-02,2023,4,59.9,63.7,Smart TV
938,763,8,2024-08-09,2024,8,71.6,76.2,Tablet
939,591,48,2023-01-02,2023,1,73.4,60.2,Desktop
940,549,13,2024-02-02,2024,2,45.7,50.8,Laptop
941,817,44,2025-03-26,2025,3,68.4,45.6,Desktop
942,605,15,2023-04-20,2023,4,74.4,65.3,Desktop
943,873,30,2023-11-20,2023,11,54.0,47.4,Laptop
944,858,15,2024-05-26,2024,5,90.6,79.5,Smart TV
945,616,19,2023-05-30,2023,5,97.1,82.3,Mobile
946,614,21,2023-11-13,2023,11,82.5,71.1,Mobile
947,281,46,2024-08-10,2024,8,65.7,74.7,Tablet
948,299,46,2024-01-21,2024,1,64.9,73.7,Smart TV
949,848,46,2023-08-04,2023,8,72.6,82.5,Smart TV
950,718,48,2023-02-23,2023,2,110.3,90.4,Smart TV
951,878,32,2025-01-14,2025,1,91.1,65.1,Smart TV
952,23,36,2024-02-06,2024,2,78.0,61.9,Tablet
953,357,49,2024-02-05,2024,2,81.4,65.1,Desktop
954,745,19,2023-10-17,2023,10,94.6,80.2,Smart TV
955,718,36,2024-02-08,2024,2,53.5,42.5,Laptop
956,771,38,2025-04-04,2025,4,44.9,36.8,Laptop
957,469,42,2023-06-17,2023,6,82.3,74.8,Tablet
958,713,31,2023-10-26,2023,10,85.3,88.9,Smart TV
959,224,48,2023-07-20,2023,7,99.8,81.8,Mobile
960,371,47,2024-08-12,2024,8,50.7,43.0,Smart TV
961,386,28,2024-11-26,2024,11,116.4,86.2,Mobile
962,99,23,2024-04-30,2024,4,56.7,50.6,Mobile
963,121,33,2024-10-27,2024,10,71.3,62.0,Tablet
964,994,10,2024-10-04,2024,10,82.9,81.3,Smart TV
965,35,8,2023-09-04,2023,9,46.8,49.8,Desktop
966,978,12,2024-10-30,2024,10,98.6,82.2,Mobile
967,797,30,2025-04-17,2025,4,89.1,78.2,Laptop
968,648,42,2024-03-31,2024,3,70.1,63.7,Mobile
969,120,6,2023-05-05,2023,5,81.0,70.4,Desktop
970,231,2,2024-08-23,2024,8,92.5,74.6,Desktop
971,492,18,2024-12-11,2024,12,103.7,82.3,Desktop
972,186,25,2024-05-10,2024,5,144.7,99.8,Tablet
973,306,37,2023-05-09,2023,5,54.2,42.7,Mobile
974,731,35,2023-07-09,2023,7,62.1,68.2,Tablet
975,570,35,2025-03-13,2025,3,53.9,59.2,Desktop
976,858,38,2024-07-05,2024,7,98.7,80.9,Mobile
977,772,49,2023-08-01,2023,8,117.0,93.6,Mobile
978,186,39,2024-12-12,2024,12,57.1,62.1,Laptop
979,126,3,2023-05-12,2023,5,106.1,74.7,Smart TV
980,90,36,2023-09-20,2023,9,109.1,86.6,Mobile
981,87,8,2024-06-02,2024,6,80.8,86.0,Smart TV
982,434,43,2023-01-01,2023,1,55.3,55.9,Mobile
983,969,34,2025-03-12,2025,3,69.7,59.1,Desktop
984,456,9,2024-08-13,2024,8,90.2,70.5,Laptop
985,536,23,2024-09-12,2024,9,81.6,72.9,Smart TV
986,705,7,2024-11-09,2024,11,110.9,85.3,Smart TV
987,38,13,2023-05-26,2023,5,67.5,75.0,Smart TV
988,617,36,2023-08-10,2023,8,95.1,75.5,Laptop
989,132,47,2024-09-29,2024,9,78.8,66.8,Desktop
990,262,17,2024-01-26,2024,1,93.7,78.1,Smart TV
991,410,30,2023-03-27,2023,3,104.8,91.9,Tablet
992,963,45,2023-05-27,2023,5,81.5,72.8,Mobile
993,645,47,2023-10-03,2023,10,115.2,97.6,Smart TV
994,732,24,2024-07-31,2024,7,78.5,78.5,Desktop
995,620,11,2024-03-05,2024,3,112.7,85.4,Laptop
996,807,28,2024-01-24,2024,1,42.7,31.6,Desktop
997,254,5,2023-10-04,2023,10,35.3,36.0,Desktop
998,417,5,2023-12-04,2023,12,52.0,53.1,Laptop
999,797,18,2023-05-30,2023,5,110.2,87.5,Smart TV
1000,281,1,2023-04-11,2023,4,75.9,64.3,Smart TV
1001,388,7,2025-03-12,2025,3,117.8,90.6,Smart TV
1002,540,47,2023-11-10,2023,11,88.9,75.3,Tablet
1003,98,34,2023-12-24,2023,12,94.9,80.4,Laptop
1004,565,18,2024-09-14,2024,9,53.8,42.7,Mobile
1005,175,21,2025-02-08,2025,2,75.4,65.0,Laptop
1006,826,48,2024-11-25,2024,11,114.4,93.8,Desktop
1007,565,39,2024-02-17,2024,2,34.6,37.6,Mobile
1008,704,33,2024-12-31,2024,12,55.7,48.4,Smart TV
1009,147,25,2024-08-04,2024,8,118.6,81.8,Mobile
1010,941,47,2024-10-16,2024,10,111.5,94.5,Smart TV
1011,695,39,2024-03-04,2024,3,38.7,42.1,Laptop
1012,818,30,2024-05-29,2024,5,66.8,58.6,Tablet
1013,534,46,2025-04-13,2025,4,57.6,65.4,Mobile
1014,971,20,2024-02-21,2024,2,66.6,75.7,Mobile
1015,79,47,2023-09-03,2023,9,108.4,91.9,Smart TV
1016,590,4,2023-03-28,2023,3,90.4,82.2,Desktop
1017,952,32,2025-04-07,2025,4,122.8,87.7,Tablet
1018,694,33,2025-01-18,2025,1,53.6,46.6,Tablet
1019,528,44,2024-11-24,2024,11,132.6,88.4,Mobile
1020,416,1,2024-09-23,2024,9,60.7,51.4,Mobile
1021,732,28,2024-12-20,2024,12,98.1,72.7,Laptop
1022,251,48,2024-11-08,2024,11,112.6,92.3,Desktop
1023,701,39,2023-02-13,2023,2,78.9,85.8,Desktop
1024,926,15,2023-06-29,2023,6,45.4,39.8,Smart TV
1025,527,23,2023-02-22,2023,2,74.9,66.9,Tablet
1026,175,24,2023-04-26,2023,4,61.9,61.9,Smart TV
1027,852,35,2025-02-23,2025,2,44.7,49.1,Tablet
1028,301,17,2023-08-07,2023,8,28.1,23.4,Desktop
1029,404,14,2023-11-09,2023,11,134.4,90.8,Desktop
1030,846,3,2024-04-19,2024,4,125.8,88.6,Tablet
1031,59,23,2023-01-07,2023,1,85.8,76.6,Laptop
1032,306,23,2023-04-20,2023,4,28.2,25.2,Smart TV
1033,412,23,2023-01-10,2023,1,48.2,43.0,Tablet
1034,203,6,2024-06-25,2024,6,82.5,71.7,Smart TV
1035,421,8,2024-05-14,2024,5,67.2,71.5,Laptop
1036,232,31,2024-02-09,2024,2,61.5,64.1,Laptop
1037,439,12,2024-07-03,2024,7,102.0,85.0,Mobile
1038,450,43,2024-03-25,2024,3,48.5,49.0,Laptop
1039,766,28,2023-01-06,2023,1,85.3,63.2,Smart TV
1040,114,13,2023-10-19,2023,10,49.2,54.7,Laptop
1041,923,3,2023-06-14,2023,6,112.0,78.9,Tablet
1042,983,43,2023-09-30,2023,9,44.5,44.9,Tablet
1043,564,32,2025-03-30,2025,3,111.3,79.5,Smart TV
1044,333,49,2025-02-21,2025,2,104.6,83.7,Tablet
1045,514,47,2025-01-29,2025,1,101.8,86.3,Tablet
1046,135,8,2023-04-21,2023,4,35.2,37.5,Laptop
1047,513,1,2025-02-24,2025,2,94.0,79.7,Mobile
1048,695,22,2024-03-15,2024,3,118.4,94.7,Mobile
1049,445,31,2023-10-24,2023,10,56.0,58.3,Mobile
1050,780,28,2023-09-11,2023,9,103.5,76.7,Desktop
1051,192,16,2023-10-15,2023,10,81.4,83.1,Laptop
1052,718,16,2024-11-13,2024,11,83.6,85.3,Smart TV
1053,486,46,2025-03-12,2025,3,60.0,68.2,Desktop
1054,626,12,2023-07-13,2023,7,116.4,97.0,Desktop
1055,645,41,2023-06-02,2023,6,64.3,54.5,Smart TV
1056,411,3,2023-10-08,2023,10,137.2,96.6,Smart TV
1057,437,2,2024-09-23,2024,9,64.7,52.2,Mobile
1058,390,27,2024-06-21,2024,6,55.5,65.3,Smart TV
1059,228,22,2024-03-12,2024,3,87.4,69.9,Desktop
1060,438,42,2023-02-22,2023,2,65.8,59.8,Laptop
1061,373,18,2023-12-26,2023,12,101.8,80.8,Smart TV
1062,328,4,2023-07-06,2023,7,38.1,34.6,Mobile
1063,677,48,2023-11-26,2023,11,64.9,53.2,Tablet
1064,287,39,2023-04-14,2023,4,43.1,46.8,Tablet
1065,373,22,2023-11-08,2023,11,55.1,44.1,Mobile
1066,700,36,2025-02-27,2025,2,109.7,87.1,Laptop
1067,370,48,2025-04-09,2025,4,77.2,63.3,Desktop
1068,542,39,2024-01-16,2024,1,44.3,48.2,Desktop
1069,394,6,2023-04-19,2023,4,52.9,46.0,Desktop
1070,124,3,2024-08-23,2024,8,133.2,93.8,Smart TV
1071,198,46,2024-04-01,2024,4,28.4,32.3,Desktop
1072,634,22,2023-11-05,2023,11,101.8,81.4,Smart TV
1073,547,47,2023-06-07,2023,6,41.4,35.1,Smart TV
1074,429,36,2024-12-29,2024,12,70.8,56.2,Desktop
1075,999,23,2024-01-10,2024,1,76.5,68.3,Mobile
1076,933,28,2023-03-11,2023,3,94.6,70.1,Desktop
1077,954,33,2025-03-20,2025,3,35.3,30.7,Desktop
1078,281,45,2023-05-13,2023,5,65.9,58.8,Desktop
1079,63,45,2023-07-14,2023,7,92.0,82.1,Tablet
1080,507,44,2024-06-29,2024,6,131.2,87.5,Mobile
1081,170,29,2025-02-07,2025,2,80.1,71.5,Desktop
1082,799,25,2024-02-15,2024,2,110.5,76.2,Smart TV
1083,189,1,2023-06-13,2023,6,87.9,74.5,Desktop
1084,714,1,2025-03-20,2025,3,84.5,71.6,Desktop
1085,725,47,2024-06-21,2024,6,66.9,56.7,Smart TV
1086,304,46,2023-10-02,2023,10,36.3,41.2,Mobile
1087,547,16,2023-10-26,2023,10,33.6,34.3,Smart TV
1088,965,18,2023-05-17,2023,5,72.5,57.5,Mobile
1089,658,16,2025-04-23,2025,4,51.9,53.0,Mobile
1090,2,42,2023-12-22,2023,12,85.1,77.4,Laptop
1091,333,6,2024-12-23,2024,12,101.4,88.2,Laptop
1092,740,9,2024-02-23,2024,2,113.9,89.0,Laptop
1093,333,4,2024-10-02,2024,10,93.6,85.1,Laptop
1094,225,47,2023-10-14,2023,10,59.4,50.3,Mobile
1095,551,43,2025-03-07,2025,3,90.5,91.4,Desktop
1096,109,47,2025-02-02,2025,2,94.2,79.8,Laptop
1097,891,41,2024-10-11,2024,10,89.8,76.1,Smart TV
1098,837,29,2023-08-14,2023,8,68.4,61.1,Smart TV
1099,596,41,2025-04-07,2025,4,102.7,87.0,Tablet
1100,160,29,2023-08-26,2023,8,91.4,81.6,Tablet
1101,378,10,2024-05-05,2024,5,42.9,42.1,Smart TV
1102,471,12,2025-04-15,2025,4,104.5,87.1,Smart TV
1103,584,32,2025-01-16,2025,1,70.8,50.6,Laptop
1104,22,20,2023-06-16,2023,6,65.2,74.1,Desktop
1105,193,5,2023-05-27,2023,5,45.4,46.3,Tablet
1106,103,47,2024-06-23,2024,6,55.1,46.7,Mobile
1107,618,7,2024-01-22,2024,1,84.1,64.7,Mobile
1108,847,1,2025-02-20,2025,2,101.1,85.7,Mobile
1109,136,16,2025-02-27,2025,2,40.0,40.8,Smart TV
1110,962,41,2024-09-06,2024,9,33.5,28.4,Mobile
1111,981,7,2024-07-09,2024,7,106.5,81.9,Laptop
1112,874,46,2023-03-29,2023,3,51.7,58.8,Desktop
1113,914,29,2025-04-15,2025,4,55.0,49.1,Laptop
1114,491,10,2023-09-07,2023,9,37.7,37.0,Laptop
1115,643,35,2023-05-07,2023,5,25.8,28.3,Desktop
1116,304,7,2024-06-07,2024,6,114.8,88.3,Tablet
1117,146,1,2023-08-18,2023,8,36.8,31.2,Tablet
1118,395,10,2023-12-28,2023,12,80.0,78.4,Smart TV
1119,944,44,2024-01-29,2024,1,119.7,79.8,Mobile
1120,504,11,2023-04-23,2023,4,71.5,54.2,Laptop
1121,366,5,2024-09-22,2024,9,51.9,53.0,Mobile
1122,918,3,2024-09-11,2024,9,68.2,48.0,Tablet
1123,544,22,2024-09-06,2024,9,63.4,50.7,Tablet
1124,154,43,2024-12-04,2024,12,59.0,59.6,Laptop
1125,357,7,2023-10-05,2023,10,117.0,90.0,Laptop
1126,956,17,2025-04-10,2025,4,107.3,89.4,Mobile
1127,808,1,2023-06-02,2023,6,98.6,83.6,Smart TV
1128,328,10,2024-02-04,2024,2,69.6,68.2,Tablet
1129,835,5,2023-04-26,2023,4,83.5,85.2,Laptop
1130,149,6,2023-11-27,2023,11,112.1,97.5,Smart TV
1131,786,25,2023-12-28,2023,12,88.0,60.7,Tablet
1132,493,45,2024-02-28,2024,2,85.0,75.9,Laptop
1133,142,42,2023-09-09,2023,9,71.1,64.6,Desktop
1134,510,35,2024-06-30,2024,6,55.8,61.3,Smart TV
1135,394,6,2024-08-17,2024,8,93.2,81.0,Desktop
1136,592,45,2025-04-10,2025,4,92.3,82.4,Mobile
1137,241,24,2023-01-03,2023,1,52.5,52.5,Mobile
1138,372,36,2024-04-30,2024,4,117.1,92.9,Mobile
1139,62,23,2024-01-05,2024,1,96.9,86.5,Smart TV
1140,302,30,2023-05-28,2023,5,97.9,85.9,Desktop
1141,996,27,2023-09-06,2023,9,38.2,45.0,Smart TV
1142,121,45,2024-12-21,2024,12,53.0,47.3,Mobile
1143,713,28,2024-01-16,2024,1,49.7,36.8,Mobile
1144,679,38,2023-03-17,2023,3,85.2,69.8,Desktop
1145,892,11,2023-01-31,2023,1,62.8,47.6,Smart TV
1146,81,16,2023-03-20,2023,3,27.5,28.1,Tablet
1147,154,49,2023-07-06,2023,7,86.8,69.4,Smart TV
1148,767,34,2024-12-16,2024,12,108.8,92.2,Tablet
1149,422,47,2023-12-12,2023,12,80.2,68.0,Mobile
1150,294,8,2023-06-09,2023,6,61.8,65.7,Desktop
1151,770,12,2024-05-30,2024,5,58.7,48.9,Tablet
1152,853,28,2024-11-27,2024,11,124.3,92.1,Tablet
1153,568,46,2025-04-29,2025,4,55.3,62.8,Laptop
1154,727,15,2024-03-09,2024,3,103.6,90.9,Laptop
1155,997,6,2024-06-18,2024,6,73.9,64.3,Smart TV
1156,761,14,2024-02-15,2024,2,113.5,76.7,Smart TV
1157,402,12,2025-04-22,2025,4,98.8,82.3,Desktop
1158,620,5,2025-04-16,2025,4,57.5,58.7,Tablet
1159,848,25,2023-06-18,2023,6,53.5,36.9,Laptop
1160,663,28,2023-07-19,2023,7,77.6,57.5,Mobile
1161,80,24,2024-09-09,2024,9,83.6,83.6,Laptop
1162,29,16,2023-10-16,2023,10,48.1,49.1,Mobile
1163,67,14,2024-09-03,2024,9,40.8,27.6,Laptop
1164,193,36,2023-07-26,2023,7,97.8,77.6,Mobile
1165,247,18,2023-03-29,2023,3,119.3,94.7,Desktop
1166,46,37,2025-03-20,2025,3,89.2,70.2,Mobile
1167,323,6,2023-11-13,2023,11,30.6,26.6,Laptop
1168,770,19,2024-02-12,2024,2,83.8,71.0,Laptop
1169,770,26,2025-01-13,2025,1,73.1,63.0,Smart TV
1170,720,44,2023-04-10,2023,4,92.2,61.5,Desktop
1171,104,33,2025-04-06,2025,4,96.0,83.5,Mobile
1172,602,25,2024-05-03,2024,5,109.0,75.2,Mobile
1173,298,11,2023-06-05,2023,6,105.1,79.6,Mobile
1174,907,41,2023-04-06,2023,4,109.2,92.5,Smart TV
1175,906,14,2025-04-06,2025,4,117.7,79.5,Smart TV
1176,788,46,2023-06-14,2023,6,52.6,59.8,Desktop
1177,668,34,2025-02-26,2025,2,73.3,62.1,Smart TV
1178,348,19,2024-01-04,2024,1,90.7,76.9,Tablet
1179,41,46,2025-03-03,2025,3,40.4,45.9,Desktop
1180,622,5,2023-06-06,2023,6,89.5,91.3,Mobile
1181,825,1,2023-05-27,2023,5,98.1,83.1,Laptop
1182,561,6,2024-05-25,2024,5,48.4,42.1,Laptop
1183,174,19,2023-06-15,2023,6,45.8,38.8,Desktop
1184,373,23,2023-04-02,2023,4,43.9,39.2,Tablet
1185,265,31,2023-09-20,2023,9,79.7,83.0,Tablet
1186,666,9,2023-05-07,2023,5,120.6,94.2,Tablet
1187,41,24,2023-10-21,2023,10,65.7,65.7,Desktop
1188,940,44,2023-05-13,2023,5,101.8,67.9,Desktop
1189,866,40,2023-11-18,2023,11,92.3,64.1,Tablet
1190,519,29,2023-09-27,2023,9,98.4,87.9,Mobile
1191,636,42,2023-02-28,2023,2,90.3,82.1,Smart TV
1192,717,36,2023-01-09,2023,1,61.0,48.4,Mobile
1193,298,25,2023-06-12,2023,6,107.9,74.4,Mobile
1194,229,25,2024-04-18,2024,4,114.5,79.0,Laptop
1195,478,30,2024-10-19,2024,10,83.0,72.8,Tablet
1196,112,6,2023-07-04,2023,7,94.0,81.7,Tablet
1197,787,28,2023-07-24,2023,7,88.7,65.7,Mobile
1198,325,22,2024-09-10,2024,9,87.9,70.3,Tablet
1199,118,18,2024-04-10,2024,4,43.0,34.1,Smart TV
1200,972,31,2023-05-30,2023,5,74.6,77.7,Laptop
1201,582,3,2024-09-07,2024,9,118.4,83.4,Mobile
1202,959,24,2025-03-19,2025,3,67.3,67.3,Tablet
1203,219,4,2023-08-05,2023,8,96.1,87.4,Tablet
1204,277,17,2024-10-12,2024,10,60.4,50.3,Smart TV
1205,71,18,2024-02-19,2024,2,51.2,40.6,Tablet
1206,893,27,2024-06-21,2024,6,67.2,79.0,Smart TV
1207,851,4,2023-04-05,2023,4,97.7,88.8,Tablet
1208,351,49,2023-11-01,2023,11,61.6,49.3,Laptop
1209,965,27,2024-05-08,2024,5,57.5,67.7,Smart TV
1210,989,45,2024-03-23,2024,3,70.4,62.9,Desktop
1211,399,1,2024-07-28,2024,7,98.9,83.8,Desktop
1212,204,5,2025-01-10,2025,1,63.4,64.7,Laptop
1213,681,47,2025-01-30,2025,1,100.9,85.5,Laptop
1214,15,10,2024-04-14,2024,4,92.9,91.1,Tablet
1215,886,21,2023-04-27,2023,4,97.7,84.2,Tablet
1216,270,34,2025-01-09,2025,1,28.8,24.4,Tablet
1217,966,9,2024-10-11,2024,10,87.4,68.3,Desktop
1218,100,3,2023-08-12,2023,8,116.9,82.3,Smart TV
1219,431,45,2024-07-13,2024,7,93.5,83.5,Desktop
1220,387,14,2023-12-23,2023,12,78.4,53.0,Smart TV
1221,996,44,2024-08-13,2024,8,139.1,92.7,Laptop
1222,834,24,2023-01-17,2023,1,59.6,59.6,Laptop
1223,515,8,2024-12-17,2024,12,87.9,93.5,Tablet
1224,421,23,2023-12-27,2023,12,95.9,85.6,Tablet
1225,536,49,2023-12-10,2023,12,55.4,44.3,Smart TV
1226,470,28,2024-01-18,2024,1,67.9,50.3,Desktop
1227,167,35,2024-03-22,2024,3,68.9,75.7,Tablet
1228,650,19,2024-12-19,2024,12,90.6,76.8,Mobile
1229,90,7,2023-04-02,2023,4,101.5,78.1,Desktop
1230,955,27,2023-04-17,2023,4,60.0,70.6,Desktop
1231,103,41,2024-03-30,2024,3,84.0,71.2,Mobile
1232,684,19,2024-03-06,2024,3,62.8,53.2,Tablet
1233,565,25,2023-04-28,2023,4,75.3,51.9,Tablet
1234,974,8,2023-12-26,2023,12,75.8,80.6,Tablet
1235,930,42,2024-12-21,2024,12,92.3,83.9,Tablet
1236,8,24,2025-03-11,2025,3,54.1,54.1,Laptop
1237,275,43,2023-09-28,2023,9,59.4,60.0,Tablet
1238,690,16,2023-01-05,2023,1,87.3,89.1,Tablet
1239,34,1,2023-01-27,2023,1,56.9,48.2,Laptop
1240,861,34,2025-04-19,2025,4,96.9,82.1,Laptop
1241,344,11,2024-08-08,2024,8,128.2,97.1,Smart TV
1242,570,26,2023-07-17,2023,7,88.9,76.6,Tablet
1243,849,4,2025-03-31,2025,3,100.1,91.0,Tablet
1244,132,41,2024-02-04,2024,2,111.9,94.8,Smart TV
1245,413,21,2024-06-13,2024,6,56.5,48.7,Smart TV
1246,102,46,2025-03-31,2025,3,32.4,36.8,Desktop
1247,804,26,2025-02-19,2025,2,89.4,77.1,Laptop
1248,858,36,2023-06-12,2023,6,116.2,92.2,Smart TV
1249,96,6,2023-01-27,2023,1,77.9,67.7,Desktop
1250,157,2,2024-09-24,2024,9,100.1,80.7,Mobile
1251,586,25,2023-01-26,2023,1,119.0,82.1,Smart TV
1252,465,41,2024-10-08,2024,10,98.6,83.6,Smart TV
1253,246,42,2023-08-16,2023,8,65.2,59.3,Desktop
1254,861,16,2025-01-13,2025,1,82.0,83.7,Tablet
1255,789,17,2024-11-06,2024,11,43.7,36.4,Mobile
1256,958,10,2024-10-04,2024,10,31.6,31.0,Desktop
1257,888,7,2023-04-24,2023,4,89.6,68.9,Desktop
1258,126,7,2023-05-26,2023,5,75.8,58.3,Smart TV
1259,96,5,2024-05-21,2024,5,78.9,80.5,Smart TV
1260,401,7,2024-05-17,2024,5,109.6,84.3,Tablet
1261,76,32,2024-10-02,2024,10,55.9,39.9,Tablet
1262,385,21,2024-10-10,2024,10,103.8,89.5,Smart TV
1263,185,20,2023-01-11,2023,1,58.4,66.4,Desktop
1264,876,3,2023-05-01,2023,5,134.3,94.6,Laptop
1265,496,40,2024-09-06,2024,9,105.6,73.3,Smart TV
1266,535,48,2023-09-18,2023,9,110.5,90.6,Smart TV
1267,621,2,2024-07-02,2024,7,38.3,30.9,Desktop
1268,780,10,2023-08-10,2023,8,89.1,87.4,Mobile
1269,921,14,2023-01-31,2023,1,90.7,61.3,Smart TV
1270,86,47,2024-12-09,2024,12,108.0,91.5,Laptop
1271,281,31,2023-07-24,2023,7,88.8,92.5,Laptop
1272,726,36,2024-10-29,2024,10,74.5,59.1,Tablet
1273,447,33,2024-02-14,2024,2,103.8,90.3,Laptop
1274,178,13,2024-12-04,2024,12,62.1,69.0,Tablet
1275,106,38,2025-03-23,2025,3,101.4,83.1,Laptop
1276,170,14,2025-01-09,2025,1,104.2,70.4,Tablet
1277,434,39,2025-02-04,2025,2,46.6,50.7,Mobile
1278,622,25,2024-03-15,2024,3,75.7,52.2,Laptop
1279,383,41,2025-04-19,2025,4,45.2,38.3,Smart TV
1280,911,3,2024-06-07,2024,6,79.9,56.3,Tablet
1281,301,39,2025-04-26,2025,4,77.4,84.1,Desktop
1282,361,26,2023-01-31,2023,1,51.5,44.4,Laptop
1283,440,12,2024-01-02,2024,1,66.8,55.7,Smart TV
1284,673,24,2024-01-16,2024,1,47.5,47.5,Laptop
1285,126,1,2023-11-23,2023,11,94.2,79.8,Laptop
1286,219,30,2024-08-04,2024,8,96.1,84.3,Smart TV
1287,576,5,2024-01-30,2024,1,43.2,44.1,Smart TV
1288,106,36,2023-10-12,2023,10,102.1,81.0,Mobile
1289,588,42,2024-03-07,2024,3,87.6,79.6,Tablet
1290,326,21,2023-07-22,2023,7,60.3,52.0,Tablet
1291,511,3,2023-10-09,2023,10,94.9,66.8,Mobile
1292,464,11,2024-09-07,2024,9,80.8,61.2,Tablet
1293,243,37,2023-01-22,2023,1,74.3,58.5,Desktop
1294,5,30,2023-10-19,2023,10,52.6,46.1,Tablet
1295,38,35,2024-06-24,2024,6,59.9,65.8,Mobile
1296,482,7,2025-04-29,2025,4,110.0,84.6,Laptop
1297,282,21,2025-02-10,2025,2,72.4,62.4,Mobile
1298,570,21,2024-05-20,2024,5,88.6,76.4,Tablet
1299,306,45,2024-04-10,2024,4,79.1,70.6,Mobile
1300,864,24,2024-09-24,2024,9,43.1,43.1,Smart TV
1301,49,1,2023-05-23,2023,5,51.2,43.4,Laptop
1302,883,45,2025-01-11,2025,1,75.7,67.6,Smart TV
1303,91,13,2025-01-11,2025,1,48.1,53.4,Desktop
1304,6,45,2023-02-23,2023,2,63.5,56.7,Mobile
1305,114,4,2023-11-08,2023,11,43.8,39.8,Laptop
1306,705,40,2025-03-21,2025,3,122.4,85.0,Laptop
1307,716,11,2023-05-22,2023,5,99.1,75.1,Mobile
1308,130,21,2023-06-01,2023,6,95.8,82.6,Tablet
1309,653,29,2024-11-15,2024,11,50.6,45.2,Desktop
1310,247,37,2024-05-04,2024,5,99.8,78.6,Laptop
1311,330,47,2024-05-09,2024,5,64.1,54.3,Laptop
1312,785,19,2024-12-29,2024,12,48.0,40.7,Desktop
1313,856,16,2024-11-06,2024,11,76.4,78.0,Smart TV
1314,712,5,2023-03-18,2023,3,29.9,30.5,Mobile
1315,687,14,2024-04-24,2024,4,126.1,85.2,Smart TV
1316,500,7,2023-12-15,2023,12,68.8,52.9,Desktop
1317,780,34,2024-06-10,2024,6,102.7,87.0,Laptop
1318,726,30,2024-11-02,2024,11,55.1,48.3,Desktop
1319,109,9,2023-08-13,2023,8,115.2,90.0,Tablet
1320,999,29,2024-09-27,2024,9,80.3,71.7,Tablet
1321,193,5,2023-10-12,2023,10,66.2,67.6,Desktop
1322,664,7,2023-05-31,2023,5,89.7,69.0,Mobile
1323,763,8,2023-09-04,2023,9,54.4,57.9,Laptop
1324,30,31,2024-11-08,2024,11,69.6,72.5,Laptop
1325,272,8,2024-07-17,2024,7,53.1,56.5,Smart TV
1326,407,33,2024-03-17,2024,3,82.1,71.4,Mobile
1327,452,18,2024-01-14,2024,1,53.7,42.6,Tablet
1328,750,28,2023-07-18,2023,7,79.8,59.1,Tablet
1329,181,39,2023-10-10,2023,10,54.6,59.4,Tablet
1330,112,44,2023-02-21,2023,2,117.0,78.0,Mobile
1331,225,8,2023-02-24,2023,2,59.2,63.0,Smart TV
1332,68,35,2023-04-14,2023,4,71.2,78.2,Tablet
1333,402,26,2023-04-14,2023,4,62.4,53.8,Laptop
1334,508,14,2023-06-25,2023,6,124.2,83.9,Laptop
1335,653,19,2024-12-23,2024,12,89.3,75.7,Mobile
1336,97,12,2024-05-30,2024,5,107.4,89.5,Desktop
1337,489,48,2023-11-09,2023,11,105.8,86.7,Smart TV
1338,175,21,2024-11-28,2024,11,45.2,39.0,Smart TV
1339,341,30,2023-05-26,2023,5,106.4,93.3,Tablet
1340,439,22,2023-01-22,2023,1,63.0,50.4,Laptop
1341,903,5,2023-06-24,2023,6,74.7,76.2,Desktop
1342,361,31,2024-08-20,2024,8,21.4,22.3,Smart TV
1343,484,8,2023-02-16,2023,2,58.8,62.6,Laptop
1344,856,15,2024-06-21,2024,6,81.2,71.2,Smart TV
1345,794,7,2023-04-13,2023,4,77.7,59.8,Laptop
1346,464,32,2025-01-22,2025,1,87.8,62.7,Desktop
1347,264,43,2024-05-13,2024,5,55.7,56.3,Tablet
1348,14,23,2023-11-05,2023,11,90.5,80.8,Desktop
1349,794,43,2024-09-02,2024,9,69.5,70.2,Laptop
1350,703,34,2025-01-15,2025,1,91.7,77.7,Smart TV
1351,421,15,2024-11-06,2024,11,110.9,97.3,Laptop
1352,510,2,2023-09-08,2023,9,92.8,74.8,Tablet
1353,369,14,2025-02-01,2025,2,61.4,41.5,Tablet
1354,655,7,2023-10-08,2023,10,114.3,87.9,Desktop
1355,921,29,2024-06-23,2024,6,56.2,50.2,Laptop
1356,910,22,2024-02-05,2024,2,94.1,75.3,Laptop
1357,317,13,2023-02-12,2023,2,61.4,68.2,Desktop
1358,126,28,2025-03-25,2025,3,92.6,68.6,Laptop
1359,296,8,2023-01-09,2023,1,63.5,67.5,Tablet
1360,698,10,2024-06-19,2024,6,95.6,93.7,Desktop
1361,572,43,2023-06-16,2023,6,59.1,59.7,Laptop
1362,67,19,2023-01-16,2023,1,80.9,68.6,Smart TV
1363,290,38,2023-05-07,2023,5,44.7,36.6,Laptop
1364,6,28,2023-12-27,2023,12,106.1,78.6,Mobile
1365,52,17,2023-05-22,2023,5,75.2,62.7,Laptop
1366,805,33,2024-11-12,2024,11,106.8,92.9,Desktop
1367,159,6,2024-12-31,2024,12,66.1,57.5,Smart TV
1368,443,38,2023-03-24,2023,3,71.9,58.9,Mobile
1369,485,23,2023-09-12,2023,9,95.2,85.0,Tablet
1370,433,26,2023-04-11,2023,4,102.9,88.7,Laptop
1371,612,20,2023-06-27,2023,6,59.1,67.2,Laptop
1372,824,38,2023-05-23,2023,5,97.1,79.6,Smart TV
1373,257,9,2024-03-02,2024,3,94.3,73.7,Laptop
1374,313,6,2023-11-01,2023,11,85.4,74.3,Tablet
1375,559,12,2024-01-20,2024,1,100.6,83.8,Tablet
1376,99,9,2024-06-23,2024,6,86.9,67.9,Laptop
1377,516,44,2024-12-30,2024,12,94.7,63.1,Laptop
1378,438,30,2024-03-06,2024,3,106.2,93.2,Tablet
1379,29,36,2023-01-28,2023,1,117.1,92.9,Tablet
1380,91,49,2023-05-24,2023,5,95.8,76.6,Laptop
1381,806,16,2024-08-17,2024,8,70.2,71.6,Smart TV
1382,636,35,2024-08-02,2024,8,26.9,29.6,Tablet
1383,129,26,2024-11-17,2024,11,29.7,25.6,Desktop
1384,472,4,2023-03-28,2023,3,40.6,36.9,Mobile
1385,342,39,2023-04-10,2023,4,57.6,62.6,Laptop
1386,886,4,2023-05-05,2023,5,90.3,82.1,Desktop
1387,758,46,2023-02-24,2023,2,53.2,60.4,Desktop
1388,759,32,2023-05-20,2023,5,75.7,54.1,Smart TV
1389,309,41,2023-11-15,2023,11,95.8,81.2,Mobile
1390,825,32,2024-09-30,2024,9,111.7,79.8,Mobile
1391,69,1,2023-06-06,2023,6,89.7,76.0,Mobile
1392,533,7,2023-09-11,2023,9,68.4,52.6,Tablet
1393,26,33,2024-03-30,2024,3,74.9,65.1,Mobile
1394,308,26,2024-05-10,2024,5,110.7,95.4,Smart TV
1395,862,35,2023-09-24,2023,9,61.2,67.3,Desktop
1396,127,28,2023-05-30,2023,5,104.6,77.5,Smart TV
1397,146,48,2024-11-04,2024,11,67.6,55.4,Desktop
1398,760,45,2024-07-13,2024,7,58.6,52.3,Tablet
1399,297,19,2024-11-14,2024,11,50.5,42.8,Desktop
1400,505,24,2024-11-14,2024,11,57.8,57.8,Tablet
1401,715,7,2024-04-20,2024,4,86.6,66.6,Tablet
1402,152,2,2023-10-18,2023,10,85.3,68.8,Desktop
1403,399,1,2024-08-17,2024,8,70.4,59.7,Desktop
1404,456,3,2023-12-30,2023,12,132.5,93.3,Tablet
1405,904,47,2024-04-14,2024,4,68.3,57.9,Smart TV
1406,367,33,2024-05-30,2024,5,61.1,53.1,Desktop
1407,400,33,2023-03-06,2023,3,57.6,50.1,Smart TV
1408,361,42,2025-01-06,2025,1,81.5,74.1,Tablet
1409,733,9,2023-10-13,2023,10,107.4,83.9,Laptop
1410,946,26,2023-03-11,2023,3,104.4,90.0,Tablet
1411,386,31,2024-09-12,2024,9,75.4,78.5,Desktop
1412,726,33,2025-03-05,2025,3,90.3,78.5,Laptop
1413,133,45,2023-11-28,2023,11,84.3,75.3,Desktop
1414,357,38,2024-09-24,2024,9,104.6,85.7,Mobile
1415,47,2,2025-01-20,2025,1,60.5,48.8,Mobile
1416,682,7,2024-05-26,2024,5,118.4,91.1,Tablet
1417,332,49,2023-08-26,2023,8,119.1,95.3,Smart TV
1418,108,12,2025-01-15,2025,1,106.3,88.6,Tablet
1419,945,5,2023-03-05,2023,3,35.7,36.4,Mobile
1420,453,49,2024-01-19,2024,1,95.2,76.2,Mobile
1421,946,12,2023-11-25,2023,11,52.4,43.7,Tablet
1422,387,9,2024-10-14,2024,10,95.5,74.6,Smart TV
1423,201,17,2024-05-17,2024,5,81.2,67.7,Laptop
1424,231,13,2025-01-29,2025,1,66.5,73.9,Smart TV
1425,89,38,2023-01-25,2023,1,94.2,77.2,Mobile
1426,209,3,2025-04-09,2025,4,66.7,47.0,Mobile
1427,369,27,2024-08-04,2024,8,27.2,32.0,Smart TV
1428,699,47,2025-01-15,2025,1,91.8,77.8,Tablet
1429,195,14,2024-08-07,2024,8,126.7,85.6,Desktop
1430,361,23,2024-09-25,2024,9,99.7,89.0,Smart TV
1431,821,5,2024-03-25,2024,3,52.7,53.8,Mobile
1432,583,6,2023-05-11,2023,5,96.4,83.8,Laptop
1433,104,8,2024-05-25,2024,5,60.3,64.1,Laptop
1434,24,15,2025-04-21,2025,4,104.4,91.6,Laptop
1435,400,46,2024-01-02,2024,1,68.1,77.4,Laptop
1436,77,35,2024-08-12,2024,8,55.1,60.5,Desktop
1437,513,20,2024-02-13,2024,2,54.3,61.7,Mobile
1438,597,31,2023-09-27,2023,9,75.2,78.3,Mobile
1439,347,27,2023-09-25,2023,9,66.8,78.6,Mobile
1440,143,14,2024-07-14,2024,7,126.1,85.2,Laptop
1441,947,49,2024-11-10,2024,11,112.1,89.7,Mobile
1442,242,32,2023-03-16,2023,3,118.6,84.7,Desktop
1443,927,40,2024-12-20,2024,12,123.7,85.9,Mobile
1444,355,5,2024-03-02,2024,3,63.2,64.5,Mobile
1445,909,36,2024-05-05,2024,5,115.9,92.0,Laptop
1446,741,3,2023-04-17,2023,4,47.7,33.6,Desktop
1447,231,42,2023-12-25,2023,12,74.1,67.4,Laptop
1448,801,15,2023-01-22,2023,1,103.6,90.9,Mobile
1449,793,13,2024-07-01,2024,7,48.6,54.0,Mobile
1450,566,31,2023-02-23,2023,2,62.3,64.9,Tablet
1451,713,9,2024-03-16,2024,3,102.9,80.4,Desktop
1452,142,8,2024-03-24,2024,3,60.7,64.6,Laptop
1453,361,13,2023-12-18,2023,12,27.2,30.2,Smart TV
1454,95,38,2023-01-11,2023,1,66.4,54.4,Desktop
1455,582,3,2025-04-01,2025,4,40.9,28.8,Smart TV
1456,833,4,2023-03-20,2023,3,40.9,37.2,Tablet
1457,185,19,2023-02-14,2023,2,71.3,60.4,Desktop
1458,671,16,2023-10-27,2023,10,45.1,46.0,Tablet
1459,491,43,2023-05-06,2023,5,77.6,78.4,Mobile
1460,257,35,2023-07-30,2023,7,63.5,69.8,Laptop
1461,920,15,2024-03-30,2024,3,92.2,80.9,Laptop
1462,799,36,2023-10-27,2023,10,110.2,87.5,Smart TV
1463,540,18,2023-11-23,2023,11,101.1,80.2,Desktop
1464,107,4,2023-12-21,2023,12,98.0,89.1,Desktop
1465,498,18,2023-03-22,2023,3,66.2,52.5,Smart TV
1466,862,34,2023-08-25,2023,8,70.6,59.8,Desktop
1467,216,8,2024-01-17,2024,1,68.1,72.4,Mobile
1468,241,45,2024-03-26,2024,3,87.5,78.1,Tablet
1469,976,8,2023-01-22,2023,1,25.0,26.6,Laptop
1470,603,25,2023-11-04,2023,11,124.1,85.6,Mobile
1471,62,18,2024-09-16,2024,9,81.5,64.7,Mobile
1472,884,25,2024-01-29,2024,1,98.7,68.1,Smart TV
1473,211,25,2023-07-08,2023,7,114.0,78.6,Desktop
1474,54,43,2023-11-09,2023,11,32.5,32.8,Laptop
1475,960,2,2024-09-15,2024,9,102.4,82.6,Laptop
1476,945,17,2025-04-09,2025,4,99.1,82.6,Smart TV
1477,776,2,2023-12-16,2023,12,100.9,81.4,Desktop
1478,445,28,2025-03-12,2025,3,110.2,81.6,Mobile
1479,827,7,2024-07-20,2024,7,84.4,64.9,Laptop
1480,880,35,2024-04-19,2024,4,62.8,69.0,Desktop
1481,267,11,2024-01-26,2024,1,91.5,69.3,Smart TV
1482,136,1,2023-10-15,2023,10,99.7,84.5,Laptop
1483,88,16,2025-02-28,2025,2,71.6,73.1,Laptop
1484,585,26,2023-02-09,2023,2,88.9,76.6,Laptop
1485,276,43,2023-09-14,2023,9,83.0,83.8,Desktop
1486,13,8,2023-11-11,2023,11,47.8,50.8,Laptop
1487,868,12,2024-03-30,2024,3,82.9,69.1,Tablet
1488,10,30,2023-02-07,2023,2,106.7,93.6,Tablet
1489,654,36,2023-08-12,2023,8,83.3,66.1,Desktop
1490,962,6,2023-10-11,2023,10,102.2,88.9,Desktop
1491,322,5,2024-03-27,2024,3,69.9,71.3,Laptop
1492,266,32,2023-05-11,2023,5,76.2,54.4,Smart TV
1493,151,40,2024-11-02,2024,11,52.0,36.1,Mobile
1494,671,3,2023-07-08,2023,7,113.2,79.7,Tablet
1495,594,21,2023-02-12,2023,2,85.4,73.6,Smart TV
1496,63,46,2023-09-23,2023,9,20.2,23.0,Laptop
1497,554,46,2023-02-15,2023,2,46.1,52.4,Mobile
1498,520,29,2023-04-26,2023,4,80.1,71.5,Smart TV
1499,209,21,2024-08-07,2024,8,74.1,63.9,Tablet
1500,74,42,2024-03-12,2024,3,96.6,87.8,Smart TV
1501,26,21,2024-09-13,2024,9,97.4,84.0,Laptop
1502,999,27,2024-10-29,2024,10,70.8,83.3,Laptop
1503,637,2,2023-06-14,2023,6,79.1,63.8,Laptop
1504,953,10,2024-08-28,2024,8,32.1,31.5,Desktop
1505,217,21,2024-06-07,2024,6,94.0,81.0,Desktop
1506,803,38,2024-12-30,2024,12,76.0,62.3,Smart TV
1507,388,38,2023-02-03,2023,2,95.8,78.5,Smart TV
1508,391,49,2024-10-26,2024,10,50.2,40.2,Mobile
1509,982,15,2024-08-01,2024,8,81.2,71.2,Desktop
1510,646,36,2025-01-21,2025,1,83.9,66.6,Mobile
1511,868,34,2025-03-28,2025,3,43.0,36.4,Tablet
1512,676,34,2024-06-16,2024,6,80.1,67.9,Laptop
1513,200,37,2023-10-28,2023,10,113.9,89.7,Laptop
1514,249,24,2023-08-25,2023,8,68.7,68.7,Mobile
1515,710,16,2024-03-31,2024,3,80.1,81.7,Tablet
1516,371,6,2023-12-27,2023,12,85.1,74.0,Mobile
1517,937,24,2024-10-31,2024,10,70.2,70.2,Smart TV
1518,460,27,2023-08-24,2023,8,63.4,74.6,Smart TV
1519,948,35,2023-09-08,2023,9,50.4,55.4,Desktop
1520,682,9,2024-09-12,2024,9,72.7,56.8,Laptop
1521,350,21,2023-05-01,2023,5,47.1,40.6,Tablet
1522,518,10,2024-08-12,2024,8,72.1,70.7,Smart TV
1523,922,12,2024-04-09,2024,4,34.8,29.0,Mobile
1524,429,17,2025-02-22,2025,2,88.4,73.7,Tablet
1525,761,7,2023-05-10,2023,5,113.8,87.5,Tablet
1526,25,45,2023-06-20,2023,6,108.1,96.5,Smart TV
1527,528,34,2024-02-02,2024,2,105.4,89.3,Laptop
1528,131,26,2024-12-14,2024,12,85.6,73.8,Laptop
1529,122,22,2025-04-24,2025,4,111.2,89.0,Desktop
1530,624,40,2023-04-21,2023,4,140.1,97.3,Mobile
1531,76,48,2023-12-30,2023,12,112.5,92.2,Tablet
1532,646,29,2025-01-28,2025,1,96.2,85.9,Laptop
1533,776,31,2024-12-17,2024,12,44.6,46.5,Smart TV
1534,742,38,2025-04-19,2025,4,111.4,91.3,Mobile
1535,156,1,2024-08-30,2024,8,89.1,75.5,Tablet
1536,389,21,2024-03-25,2024,3,58.3,50.3,Desktop
1537,287,7,2023-08-26,2023,8,77.1,59.3,Laptop
1538,50,37,2024-06-14,2024,6,112.9,88.9,Desktop
1539,521,28,2023-10-20,2023,10,82.3,61.0,Laptop
1540,776,12,2023-05-27,2023,5,41.8,34.8,Smart TV
1541,441,34,2023-10-12,2023,10,88.1,74.7,Desktop
1542,322,7,2023-12-22,2023,12,76.0,58.5,Mobile
1543,295,18,2024-05-13,2024,5,85.4,67.8,Smart TV
1544,296,17,2024-09-12,2024,9,99.1,82.6,Smart TV
1545,683,18,2023-05-25,2023,5,53.3,42.3,Desktop
1546,859,33,2025-02-11,2025,2,57.0,49.6,Desktop
1547,925,3,2024-07-06,2024,7,103.5,72.9,Smart TV
1548,7,32,2025-04-22,2025,4,44.2,31.6,Smart TV
1549,289,37,2024-03-12,2024,3,103.8,81.7,Desktop
1550,130,30,2023-10-30,2023,10,102.7,90.1,Mobile
1551,456,28,2024-05-20,2024,5,77.0,57.0,Smart TV
1552,286,47,2024-11-15,2024,11,52.6,44.6,Laptop
1553,823,6,2025-02-01,2025,2,96.8,84.2,Mobile
1554,335,11,2024-06-03,2024,6,81.6,61.8,Tablet
1555,646,48,2024-06-09,2024,6,96.5,79.1,Mobile
1556,724,45,2023-11-19,2023,11,99.2,88.6,Mobile
1557,444,7,2024-12-23,2024,12,109.6,84.3,Laptop
1558,195,36,2024-11-07,2024,11,108.4,86.0,Mobile
1559,972,41,2024-10-04,2024,10,31.2,26.4,Smart TV
1560,601,25,2023-08-14,2023,8,114.8,79.2,Laptop
1561,482,10,2024-05-11,2024,5,86.8,85.1,Tablet
1562,290,9,2023-07-23,2023,7,99.2,77.5,Mobile
1563,974,34,2025-01-10,2025,1,97.2,82.4,Mobile
1564,445,5,2024-05-17,2024,5,43.0,43.9,Smart TV
1565,40,27,2024-12-05,2024,12,45.9,54.0,Desktop
1566,241,41,2023-12-24,2023,12,82.8,70.2,Smart TV
1567,899,20,2023-08-26,2023,8,58.8,66.8,Tablet
1568,816,41,2024-02-06,2024,2,89.4,75.8,Desktop
1569,493,19,2023-04-09,2023,4,63.4,53.7,Laptop
1570,430,29,2023-11-30,2023,11,62.6,55.9,Tablet
1571,119,12,2024-04-20,2024,4,111.4,92.8,Mobile
1572,356,45,2024-02-12,2024,2,90.2,80.5,Tablet
1573,861,32,2024-09-07,2024,9,92.8,66.3,Smart TV
1574,30,19,2023-10-02,2023,10,84.3,71.4,Tablet
1575,63,36,2025-03-01,2025,3,76.9,61.0,Laptop
1576,422,26,2025-04-08,2025,4,78.8,67.9,Tablet
1577,267,4,2023-10-02,2023,10,77.2,70.2,Smart TV
1578,348,41,2025-04-18,2025,4,41.8,35.4,Tablet
1579,420,15,2024-08-09,2024,8,100.1,87.8,Desktop
1580,212,41,2023-04-23,2023,4,108.7,92.1,Desktop
1581,626,22,2023-05-13,2023,5,95.1,76.1,Mobile
1582,974,47,2023-01-22,2023,1,99.8,84.6,Mobile
1583,800,46,2023-12-08,2023,12,62.7,71.3,Desktop
1584,65,42,2023-02-20,2023,2,79.1,71.9,Laptop
1585,549,13,2023-06-10,2023,6,49.3,54.8,Smart TV
1586,298,11,2024-01-18,2024,1,81.2,61.5,Smart TV
1587,567,47,2023-09-12,2023,9,108.0,91.5,Mobile
1588,866,2,2025-02-12,2025,2,113.5,91.5,Mobile
1589,514,26,2025-03-21,2025,3,81.4,70.2,Smart TV
1590,290,20,2023-01-25,2023,1,63.0,71.6,Smart TV
1591,35,18,2025-02-06,2025,2,57.2,45.4,Tablet
1592,672,26,2023-05-15,2023,5,98.8,85.2,Laptop
1593,883,6,2023-03-20,2023,3,45.5,39.6,Tablet
1594,21,1,2025-01-30,2025,1,101.1,85.7,Desktop
1595,942,10,2023-04-08,2023,4,83.5,81.9,Tablet
1596,199,39,2023-11-16,2023,11,51.7,56.2,Mobile
1597,310,18,2024-04-14,2024,4,66.2,52.5,Laptop
1598,993,42,2024-08-13,2024,8,76.5,69.5,Laptop
1599,440,6,2023-08-16,2023,8,107.8,93.7,Desktop
1600,286,31,2023-10-19,2023,10,85.9,89.5,Desktop
1601,519,16,2024-01-27,2024,1,28.9,29.5,Tablet
1602,746,26,2024-01-17,2024,1,96.3,83.0,Mobile
1603,464,15,2024-08-14,2024,8,107.7,94.5,Tablet
1604,790,15,2024-04-02,2024,4,72.8,63.9,Desktop
1605,112,42,2023-11-15,2023,11,67.8,61.6,Mobile
1606,98,36,2023-06-23,2023,6,66.7,52.9,Tablet
1607,608,16,2023-03-27,2023,3,46.2,47.1,Desktop
1608,859,31,2024-06-19,2024,6,78.0,81.3,Desktop
1609,779,15,2023-03-02,2023,3,94.8,83.2,Laptop
1610,422,20,2025-01-28,2025,1,34.8,39.5,Laptop
1611,706,37,2024-09-05,2024,9,83.8,66.0,Mobile
1612,275,45,2023-08-03,2023,8,92.6,82.7,Tablet
1613,559,32,2023-11-17,2023,11,130.2,93.0,Smart TV
1614,330,30,2024-12-26,2024,12,79.9,70.1,Desktop
1615,880,48,2025-01-20,2025,1,49.5,40.6,Mobile
1616,436,45,2023-03-21,2023,3,71.9,64.2,Mobile
1617,166,34,2025-02-05,2025,2,53.2,45.1,Smart TV
1618,449,8,2023-02-09,2023,2,55.9,59.5,Desktop
1619,499,9,2025-02-05,2025,2,112.3,87.7,Tablet
1620,409,1,2023-10-31,2023,10,52.7,44.7,Laptop
1621,738,44,2023-10-05,2023,10,108.2,72.1,Desktop
1622,911,24,2024-07-31,2024,7,78.1,78.1,Smart TV
1623,298,34,2024-12-02,2024,12,62.1,52.6,Desktop
1624,975,46,2024-01-16,2024,1,41.1,46.7,Tablet
1625,216,22,2025-02-03,2025,2,101.5,81.2,Smart TV
1626,169,34,2025-01-02,2025,1,101.1,85.7,Mobile
1627,326,27,2023-07-03,2023,7,26.7,31.4,Mobile
1628,320,45,2023-07-12,2023,7,58.5,52.2,Mobile
1629,551,30,2023-12-05,2023,12,48.1,42.2,Desktop
1630,480,39,2023-06-10,2023,6,60.3,65.5,Smart TV
1631,354,41,2023-01-15,2023,1,107.0,90.7,Laptop
1632,292,28,2024-08-21,2024,8,110.2,81.6,Laptop
1633,640,26,2023-09-18,2023,9,85.8,74.0,Smart TV
1634,80,38,2023-06-06,2023,6,52.6,43.1,Smart TV
1635,287,12,2023-09-27,2023,9,88.9,74.1,Smart TV
1636,817,34,2024-08-24,2024,8,91.9,77.9,Tablet
1637,339,37,2025-03-01,2025,3,110.1,86.7,Desktop
1638,284,48,2024-09-22,2024,9,96.4,79.0,Tablet
1639,215,11,2023-01-03,2023,1,110.6,83.8,Smart TV
1640,94,40,2023-05-31,2023,5,68.1,47.3,Tablet
1641,896,1,2023-11-28,2023,11,47.3,40.1,Mobile
1642,141,33,2025-04-06,2025,4,78.0,67.8,Tablet
1643,335,20,2024-05-27,2024,5,40.5,46.0,Tablet
1644,387,25,2024-12-24,2024,12,101.1,69.7,Laptop
1645,859,34,2023-11-21,2023,11,85.5,72.5,Desktop
1646,863,14,2023-06-20,2023,6,136.0,91.9,Laptop
1647,729,10,2024-03-23,2024,3,75.5,74.0,Tablet
1648,712,17,2024-12-02,2024,12,54.0,45.0,Tablet
1649,668,23,2023-07-02,2023,7,35.3,31.5,Laptop
1650,876,30,2025-02-28,2025,2,90.1,79.0,Tablet
1651,219,40,2024-07-27,2024,7,126.4,87.8,Smart TV
1652,392,24,2023-07-03,2023,7,91.0,91.0,Mobile
1653,201,29,2024-01-05,2024,1,81.0,72.3,Mobile
1654,601,20,2023-12-03,2023,12,47.0,53.4,Laptop
1655,515,1,2024-09-13,2024,9,68.1,57.7,Laptop
1656,658,31,2024-02-12,2024,2,33.7,35.1,Laptop
1657,281,41,2023-02-28,2023,2,111.0,94.1,Mobile
1658,884,46,2024-04-27,2024,4,57.5,65.3,Tablet
1659,178,31,2025-02-06,2025,2,84.2,87.7,Desktop
1660,827,7,2023-02-09,2023,2,82.9,63.8,Desktop
1661,916,46,2023-06-06,2023,6,36.6,41.6,Smart TV
1662,85,27,2023-05-03,2023,5,55.7,65.5,Mobile
1663,322,7,2024-07-11,2024,7,75.4,58.0,Smart TV
1664,671,40,2025-01-25,2025,1,42.2,29.3,Laptop
1665,920,46,2023-06-23,2023,6,55.8,63.4,Laptop
1666,529,1,2024-11-11,2024,11,77.6,65.8,Mobile
1667,67,13,2025-04-24,2025,4,35.4,39.3,Laptop
1668,86,12,2024-03-30,2024,3,42.2,35.2,Desktop
1669,204,45,2024-06-01,2024,6,74.0,66.1,Mobile
1670,319,18,2024-07-28,2024,7,79.0,62.7,Laptop
1671,478,37,2024-12-14,2024,12,52.3,41.2,Tablet
1672,91,8,2023-04-03,2023,4,31.6,33.6,Laptop
1673,606,41,2023-01-21,2023,1,98.1,83.1,Mobile
1674,223,41,2024-01-19,2024,1,81.3,68.9,Smart TV
1675,316,44,2024-10-19,2024,10,137.6,91.7,Smart TV
1676,766,49,2025-01-25,2025,1,57.9,46.3,Mobile
1677,389,46,2023-10-21,2023,10,34.1,38.7,Laptop
1678,424,15,2023-07-12,2023,7,65.8,57.7,Smart TV
1679,182,19,2023-09-23,2023,9,94.6,80.2,Laptop
1680,95,32,2023-12-30,2023,12,104.9,74.9,Laptop
1681,791,42,2024-06-19,2024,6,75.2,68.4,Smart TV
1682,38,38,2024-01-30,2024,1,59.2,48.5,Desktop
1683,216,45,2024-03-20,2024,3,70.0,62.5,Laptop
1684,213,22,2024-12-17,2024,12,117.4,93.9,Desktop
1685,850,48,2025-03-24,2025,3,70.0,57.4,Desktop
1686,792,14,2023-09-22,2023,9,79.5,53.7,Laptop
1687,33,8,2024-06-13,2024,6,39.8,42.3,Smart TV
1688,479,38,2023-11-27,2023,11,78.1,64.0,Tablet
1689,675,38,2023-02-04,2023,2,74.3,60.9,Mobile
1690,645,23,2023-01-09,2023,1,54.5,48.7,Tablet
1691,343,22,2024-10-25,2024,10,111.5,89.2,Smart TV
1692,936,23,2023-11-10,2023,11,55.0,49.1,Desktop
1693,191,49,2023-01-23,2023,1,84.8,67.8,Desktop
1694,468,38,2024-08-12,2024,8,97.7,80.1,Tablet
1695,485,16,2023-09-16,2023,9,79.7,81.3,Desktop
1696,346,31,2024-11-25,2024,11,63.1,65.7,Mobile
1697,995,15,2025-02-20,2025,2,104.0,91.2,Desktop
1698,111,27,2024-03-12,2024,3,71.8,84.5,Tablet
1699,608,2,2023-06-17,2023,6,88.8,71.6,Laptop
1700,908,39,2024-12-15,2024,12,39.7,43.2,Desktop
1701,770,9,2023-05-14,2023,5,100.7,78.7,Mobile
1702,994,6,2023-11-13,2023,11,96.8,84.2,Smart TV
1703,821,23,2024-04-14,2024,4,73.2,65.4,Tablet
1704,1,43,2023-06-01,2023,6,51.8,52.3,Smart TV
1705,309,20,2023-03-24,2023,3,67.3,76.5,Tablet
1706,93,47,2023-09-08,2023,9,57.0,48.3,Desktop
1707,866,24,2023-01-06,2023,1,69.8,69.8,Laptop
1708,103,31,2024-07-17,2024,7,76.6,79.8,Smart TV
1709,935,31,2024-11-15,2024,11,61.6,64.2,Tablet
1710,724,16,2025-02-20,2025,2,88.2,90.0,Tablet
1711,132,21,2025-02-20,2025,2,105.8,91.2,Tablet
1712,792,21,2023-10-17,2023,10,98.9,85.3,Tablet
1713,612,26,2024-06-30,2024,6,45.6,39.3,Tablet
1714,686,48,2024-08-23,2024,8,38.8,31.8,Desktop
1715,183,16,2024-01-13,2024,1,62.1,63.4,Desktop
1716,843,1,2024-09-17,2024,9,89.4,75.8,Tablet
1717,937,5,2024-10-23,2024,10,58.5,59.7,Mobile
1718,217,20,2024-03-21,2024,3,47.7,54.2,Smart TV
1719,436,10,2023-10-19,2023,10,61.4,60.2,Tablet
1720,36,17,2024-03-07,2024,3,60.7,50.6,Tablet
1721,699,34,2023-04-19,2023,4,81.7,69.2,Mobile
1722,355,44,2025-01-20,2025,1,64.5,43.0,Tablet
1723,823,1,2023-06-14,2023,6,71.6,60.7,Desktop
1724,520,25,2024-12-03,2024,12,99.5,68.6,Tablet
1725,670,43,2024-02-16,2024,2,66.2,66.9,Mobile
1726,311,28,2023-09-22,2023,9,110.8,82.1,Mobile
1727,619,29,2024-05-29,2024,5,71.7,64.0,Tablet
1728,730,22,2024-07-01,2024,7,117.8,94.2,Mobile
1729,805,12,2024-03-10,2024,3,87.1,72.6,Tablet
1730,892,44,2023-03-23,2023,3,72.0,48.0,Laptop
1731,971,46,2024-08-27,2024,8,53.2,60.4,Desktop
1732,746,30,2024-03-21,2024,3,40.9,35.9,Laptop
1733,41,8,2024-05-16,2024,5,27.4,29.2,Desktop
1734,703,24,2023-09-16,2023,9,67.0,67.0,Laptop
1735,786,2,2024-07-09,2024,7,71.1,57.3,Laptop
1736,366,27,2023-01-18,2023,1,42.1,49.5,Mobile
1737,611,8,2024-01-01,2024,1,57.4,61.1,Tablet
1738,255,12,2023-03-28,2023,3,87.2,72.7,Smart TV
1739,745,10,2024-10-10,2024,10,72.1,70.7,Laptop
1740,354,30,2024-12-06,2024,12,87.4,76.7,Desktop
1741,583,30,2023-02-11,2023,2,45.5,39.9,Laptop
1742,40,10,2024-09-15,2024,9,96.6,94.7,Mobile
1743,392,33,2025-01-12,2025,1,46.2,40.2,Laptop
1744,433,26,2023-01-23,2023,1,59.0,50.9,Laptop
1745,739,42,2025-01-30,2025,1,96.9,88.1,Tablet
1746,989,8,2025-03-23,2025,3,44.5,47.3,Laptop
1747,631,33,2024-07-06,2024,7,99.8,86.8,Smart TV
1748,711,4,2024-01-19,2024,1,82.1,74.6,Smart TV
1749,779,28,2023-10-09,2023,10,111.1,82.3,Smart TV
1750,284,33,2024-11-18,2024,11,40.7,35.4,Tablet
1751,932,12,2024-11-25,2024,11,70.2,58.5,Mobile
1752,417,14,2023-01-20,2023,1,124.0,83.8,Smart TV
1753,282,18,2024-04-18,2024,4,95.5,75.8,Laptop
1754,100,15,2023-08-19,2023,8,33.9,29.7,Laptop
1755,227,5,2024-09-18,2024,9,67.3,68.7,Tablet
1756,603,27,2024-10-12,2024,10,52.3,61.5,Tablet
1757,953,36,2023-01-13,2023,1,78.4,62.2,Laptop
1758,355,29,2023-06-05,2023,6,77.3,69.0,Tablet
1759,216,35,2024-12-15,2024,12,49.6,54.5,Tablet
1760,34,43,2024-08-08,2024,8,92.9,93.8,Tablet
1761,575,23,2023-03-27,2023,3,59.2,52.9,Desktop
1762,379,20,2023-10-26,2023,10,50.6,57.5,Tablet
1763,31,10,2024-10-01,2024,10,76.7,75.2,Desktop
1764,361,37,2024-03-17,2024,3,84.5,66.5,Mobile
1765,770,19,2024-07-23,2024,7,97.0,82.2,Smart TV
1766,385,35,2023-05-15,2023,5,76.3,83.9,Mobile
1767,100,26,2023-08-12,2023,8,61.6,53.1,Mobile
1768,585,19,2023-07-02,2023,7,103.0,87.3,Tablet
1769,564,27,2023-12-27,2023,12,47.5,55.9,Desktop
1770,286,21,2025-02-27,2025,2,73.7,63.5,Mobile
1771,681,44,2024-10-10,2024,10,124.3,82.9,Laptop
1772,515,35,2024-06-29,2024,6,69.7,76.6,Tablet
1773,775,30,2023-10-21,2023,10,97.6,85.6,Tablet
1774,161,12,2024-02-14,2024,2,70.4,58.7,Desktop
1775,850,22,2025-02-20,2025,2,86.4,69.1,Smart TV
1776,700,7,2024-01-28,2024,1,97.4,74.9,Tablet
1777,998,27,2024-02-25,2024,2,21.9,25.8,Smart TV
1778,142,40,2024-09-26,2024,9,102.5,71.2,Mobile
1779,614,37,2025-01-19,2025,1,83.9,66.1,Mobile
1780,333,40,2023-09-13,2023,9,71.1,49.4,Tablet
1781,701,6,2024-01-15,2024,1,35.5,30.9,Desktop
1782,905,42,2024-02-03,2024,2,81.0,73.6,Smart TV
1783,871,11,2024-04-13,2024,4,84.2,63.8,Smart TV
1784,180,31,2024-12-30,2024,12,86.7,90.3,Laptop
1785,136,19,2023-03-08,2023,3,104.7,88.7,Smart TV
1786,592,30,2024-04-15,2024,4,63.5,55.7,Desktop
1787,455,16,2025-03-26,2025,3,49.3,50.3,Tablet
1788,513,42,2023-04-24,2023,4,93.1,84.6,Laptop
1789,894,11,2023-09-08,2023,9,91.1,69.0,Mobile
1790,8,48,2023-02-03,2023,2,97.1,79.6,Tablet
1791,888,34,2024-04-26,2024,4,102.8,87.1,Mobile
1792,802,27,2023-09-24,2023,9,52.2,61.4,Desktop
1793,663,35,2025-01-01,2025,1,53.6,58.9,Mobile
1794,300,26,2025-04-28,2025,4,99.1,85.4,Mobile
1795,373,26,2025-01-03,2025,1,105.2,90.7,Tablet
1796,439,8,2023-04-17,2023,4,44.6,47.4,Desktop
1797,772,8,2025-01-09,2025,1,52.3,55.6,Laptop
1798,146,16,2025-03-25,2025,3,68.7,70.1,Laptop
1799,100,22,2024-10-19,2024,10,100.1,80.1,Tablet
1800,921,46,2024-05-18,2024,5,62.3,70.8,Laptop
1801,303,45,2024-03-31,2024,3,68.9,61.5,Tablet
1802,717,17,2024-08-04,2024,8,69.4,57.8,Mobile
1803,780,9,2023-06-01,2023,6,92.3,72.1,Mobile
1804,227,24,2024-07-31,2024,7,63.4,63.4,Laptop
1805,315,46,2023-06-12,2023,6,43.9,49.9,Tablet
1806,690,19,2023-06-08,2023,6,97.0,82.2,Smart TV
1807,151,39,2023-10-27,2023,10,43.3,47.1,Smart TV
1808,29,14,2024-08-20,2024,8,88.4,59.7,Desktop
1809,13,17,2024-01-08,2024,1,97.4,81.2,Desktop
1810,416,31,2024-09-25,2024,9,85.4,89.0,Laptop
1811,660,10,2024-08-24,2024,8,88.4,86.7,Laptop
1812,536,24,2024-01-23,2024,1,87.3,87.3,Tablet
1813,664,11,2024-06-21,2024,6,92.5,70.1,Tablet
1814,919,25,2023-01-15,2023,1,114.5,79.0,Mobile
1815,351,15,2023-11-13,2023,11,60.2,52.8,Smart TV
1816,285,39,2025-03-07,2025,3,33.9,36.9,Smart TV
1817,366,32,2024-04-15,2024,4,104.2,74.4,Mobile
1818,861,48,2025-04-18,2025,4,102.2,83.8,Desktop
1819,920,15,2025-01-29,2025,1,59.9,52.5,Mobile
1820,409,41,2023-04-12,2023,4,109.0,92.4,Desktop
1821,69,18,2024-07-20,2024,7,117.4,93.2,Desktop
1822,894,6,2025-03-28,2025,3,42.7,37.1,Desktop
1823,536,16,2023-09-08,2023,9,55.4,56.5,Smart TV
1824,707,42,2023-09-08,2023,9,60.0,54.5,Tablet
1825,182,3,2024-09-15,2024,9,81.2,57.2,Laptop
1826,94,48,2023-07-14,2023,7,99.8,81.8,Mobile
1827,928,9,2024-06-19,2024,6,76.4,59.7,Smart TV
1828,234,16,2024-08-22,2024,8,81.2,82.9,Tablet
1829,476,7,2024-07-03,2024,7,114.5,88.1,Mobile
1830,327,41,2023-03-16,2023,3,61.4,52.0,Mobile
1831,453,6,2024-05-02,2024,5,59.8,52.0,Desktop
1832,604,14,2024-09-04,2024,9,104.0,70.3,Desktop
1833,10,38,2024-03-16,2024,3,106.3,87.1,Mobile
1834,738,29,2025-03-07,2025,3,87.1,77.8,Desktop
1835,826,41,2024-09-21,2024,9,97.6,82.7,Mobile
1836,258,49,2024-02-21,2024,2,94.9,75.9,Tablet
1837,647,12,2023-12-03,2023,12,85.7,71.4,Desktop
1838,291,42,2023-11-03,2023,11,62.8,57.1,Desktop
1839,255,22,2023-10-09,2023,10,99.2,79.4,Desktop
1840,317,41,2024-03-26,2024,3,52.0,44.1,Smart TV
1841,500,1,2023-11-23,2023,11,104.7,88.7,Desktop
1842,482,32,2023-06-17,2023,6,70.7,50.5,Tablet
1843,690,20,2023-04-07,2023,4,50.2,57.1,Desktop
1844,843,12,2023-07-18,2023,7,100.3,83.6,Smart TV
1845,219,20,2024-05-28,2024,5,62.7,71.3,Tablet
1846,106,44,2023-11-04,2023,11,136.1,90.7,Smart TV
1847,585,44,2023-06-08,2023,6,91.5,61.0,Smart TV
1848,785,26,2025-03-15,2025,3,57.9,49.9,Smart TV
1849,625,43,2023-06-10,2023,6,60.6,61.2,Desktop
1850,486,42,2024-09-01,2024,9,92.4,84.0,Laptop
1851,235,17,2024-04-28,2024,4,109.3,91.1,Laptop
1852,380,10,2023-11-10,2023,11,62.9,61.7,Laptop
1853,850,48,2023-11-19,2023,11,83.4,68.4,Tablet
1854,577,26,2025-02-19,2025,2,77.3,66.6,Tablet
1855,57,27,2023-12-29,2023,12,32.9,38.7,Tablet
1856,786,18,2023-01-20,2023,1,107.4,85.2,Smart TV
1857,214,43,2025-01-03,2025,1,55.9,56.5,Laptop
1858,25,21,2024-03-13,2024,3,97.6,84.1,Laptop
1859,572,36,2025-01-26,2025,1,65.8,52.2,Smart TV
1860,633,33,2024-03-26,2024,3,99.9,86.9,Mobile
1861,77,16,2023-06-14,2023,6,59.9,61.1,Tablet
1862,965,47,2024-08-30,2024,8,81.9,69.4,Mobile
1863,800,43,2024-02-04,2024,2,79.0,79.8,Tablet
1864,256,18,2024-09-13,2024,9,94.8,75.2,Mobile
1865,104,4,2024-10-16,2024,10,68.4,62.2,Desktop
1866,379,29,2023-10-19,2023,10,49.3,44.0,Smart TV
1867,902,48,2023-03-17,2023,3,74.5,61.1,Tablet
1868,845,10,2023-06-04,2023,6,76.9,75.4,Desktop
1869,205,36,2023-04-01,2023,4,85.3,67.7,Laptop
1870,587,35,2025-02-20,2025,2,56.6,62.2,Laptop
1871,707,2,2023-05-24,2023,5,103.4,83.4,Mobile
1872,892,45,2024-12-29,2024,12,91.8,82.0,Laptop
1873,927,29,2025-02-04,2025,2,98.8,88.2,Smart TV
1874,329,30,2023-08-22,2023,8,78.7,69.0,Laptop
1875,204,44,2024-12-21,2024,12,85.0,56.7,Desktop
1876,766,2,2023-05-24,2023,5,55.7,44.9,Tablet
1877,438,26,2025-04-05,2025,4,81.5,70.3,Mobile
1878,852,34,2023-03-03,2023,3,106.0,89.8,Desktop
1879,383,2,2024-08-02,2024,8,83.9,67.7,Mobile
1880,983,33,2025-03-28,2025,3,70.4,61.2,Desktop
1881,504,19,2024-08-11,2024,8,72.8,61.7,Mobile
1882,753,5,2024-08-01,2024,8,61.1,62.3,Mobile
1883,545,11,2025-03-28,2025,3,94.6,71.7,Mobile
1884,588,30,2024-09-16,2024,9,89.0,78.1,Smart TV
1885,770,5,2025-02-24,2025,2,72.6,74.1,Tablet
1886,463,48,2023-06-05,2023,6,95.4,78.2,Mobile
1887,187,42,2024-08-12,2024,8,68.2,62.0,Desktop
1888,800,45,2025-01-27,2025,1,95.5,85.3,Tablet
1889,911,2,2024-02-16,2024,2,92.6,74.7,Mobile
1890,639,25,2023-01-20,2023,1,38.7,26.7,Laptop
1891,438,10,2023-09-23,2023,9,88.5,86.8,Desktop
1892,691,21,2024-06-29,2024,6,79.8,68.8,Smart TV
1893,789,37,2023-12-30,2023,12,112.6,88.7,Desktop
1894,157,13,2025-03-02,2025,3,45.1,50.1,Mobile
1895,27,35,2024-09-08,2024,9,25.1,27.6,Smart TV
1896,554,23,2023-03-12,2023,3,68.7,61.3,Laptop
1897,951,15,2024-11-04,2024,11,60.4,53.0,Laptop
1898,168,28,2023-10-05,2023,10,74.0,54.8,Smart TV
1899,791,23,2023-01-28,2023,1,52.3,46.7,Tablet
1900,127,25,2023-01-27,2023,1,98.6,68.0,Smart TV
1901,390,4,2024-04-02,2024,4,74.6,67.8,Smart TV
1902,211,25,2024-08-27,2024,8,123.4,85.1,Mobile
1903,993,12,2024-06-02,2024,6,107.8,89.8,Desktop
1904,125,11,2025-02-13,2025,2,70.0,53.0,Tablet
1905,759,39,2024-01-02,2024,1,46.6,50.6,Smart TV
1906,216,6,2025-03-29,2025,3,82.0,71.3,Tablet
1907,262,33,2023-04-25,2023,4,105.7,91.9,Mobile
1908,8,25,2025-04-02,2025,4,96.7,66.7,Mobile
1909,364,24,2023-11-14,2023,11,86.0,86.0,Tablet
1910,969,42,2023-11-04,2023,11,60.0,54.5,Mobile
1911,667,42,2025-04-09,2025,4,71.5,65.0,Tablet
1912,17,18,2025-01-17,2025,1,98.3,78.0,Laptop
1913,47,10,2023-09-12,2023,9,51.4,50.4,Mobile
1914,132,34,2023-06-09,2023,6,55.5,47.0,Tablet
1915,781,3,2023-03-04,2023,3,107.5,75.7,Smart TV
1916,888,48,2024-11-07,2024,11,72.0,59.0,Desktop
1917,425,11,2024-03-05,2024,3,65.9,49.9,Desktop
1918,989,10,2025-01-29,2025,1,86.6,84.9,Smart TV
1919,374,8,2025-03-16,2025,3,56.0,59.6,Laptop
1920,414,41,2024-01-18,2024,1,105.6,89.5,Laptop
1921,637,21,2023-01-30,2023,1,97.2,83.8,Laptop
1922,30,31,2023-02-05,2023,2,78.5,81.8,Smart TV
1923,936,27,2023-02-17,2023,2,60.4,71.1,Desktop
1924,174,11,2023-04-13,2023,4,38.0,28.8,Smart TV
1925,95,27,2023-03-09,2023,3,49.8,58.6,Tablet
1926,877,35,2024-03-26,2024,3,58.3,64.1,Mobile
1927,319,31,2024-04-25,2024,4,85.4,89.0,Laptop
1928,132,21,2024-11-03,2024,11,84.7,73.0,Desktop
1929,685,46,2023-04-09,2023,4,62.0,70.4,Desktop
1930,201,9,2023-08-13,2023,8,91.8,71.7,Smart TV
1931,231,43,2023-03-26,2023,3,81.4,82.2,Tablet
1932,290,40,2023-04-18,2023,4,80.6,56.0,Laptop
1933,190,47,2024-11-06,2024,11,70.3,59.6,Tablet
1934,685,38,2024-06-16,2024,6,87.6,71.8,Laptop
1935,779,9,2023-12-02,2023,12,85.5,66.8,Smart TV
1936,594,48,2023-02-05,2023,2,100.5,82.4,Tablet
1937,648,4,2025-03-24,2025,3,57.3,52.1,Smart TV
1938,15,10,2024-10-11,2024,10,34.0,33.3,Smart TV
1939,166,26,2023-11-27,2023,11,32.2,27.8,Tablet
1940,496,23,2023-07-12,2023,7,86.5,77.2,Desktop
1941,416,29,2023-08-08,2023,8,76.7,68.5,Laptop
1942,559,29,2023-05-01,2023,5,92.1,82.2,Desktop
1943,947,22,2023-12-12,2023,12,122.5,98.0,Smart TV
1944,262,22,2025-04-06,2025,4,109.5,87.6,Desktop
1945,468,43,2023-04-09,2023,4,78.1,78.9,Laptop
1946,782,34,2023-09-27,2023,9,45.0,38.1,Laptop
1947,437,42,2023-01-27,2023,1,102.8,93.5,Smart TV
1948,97,15,2024-04-13,2024,4,97.7,85.7,Mobile
1949,564,46,2023-10-30,2023,10,46.0,52.3,Tablet
1950,447,36,2023-03-26,2023,3,117.9,93.6,Desktop
1951,187,26,2025-04-19,2025,4,106.3,91.6,Desktop
1952,200,10,2024-11-27,2024,11,55.1,54.0,Mobile
1953,204,47,2025-02-01,2025,2,74.2,62.9,Desktop
1954,799,10,2024-07-30,2024,7,88.7,87.0,Desktop
1955,49,35,2024-01-07,2024,1,61.8,67.9,Desktop
1956,171,24,2023-06-12,2023,6,42.8,42.8,Smart TV
1957,651,41,2024-09-25,2024,9,64.1,54.3,Smart TV
1958,554,40,2024-03-10,2024,3,125.3,87.0,Laptop
1959,51,26,2023-10-31,2023,10,75.4,65.0,Desktop
1960,996,27,2024-05-02,2024,5,32.6,38.3,Laptop
1961,1,5,2023-09-15,2023,9,65.5,66.8,Smart TV
1962,946,47,2024-09-19,2024,9,89.2,75.6,Mobile
1963,61,49,2024-02-25,2024,2,58.8,47.0,Tablet
1964,843,11,2025-02-21,2025,2,124.3,94.2,Smart TV
1965,401,11,2024-10-23,2024,10,88.0,66.7,Desktop
1966,199,16,2023-12-25,2023,12,38.4,39.2,Laptop
1967,144,26,2023-05-07,2023,5,94.4,81.4,Desktop
1968,968,44,2023-06-05,2023,6,79.0,52.7,Smart TV
1969,689,18,2025-02-17,2025,2,77.2,61.3,Mobile
1970,534,20,2024-06-20,2024,6,57.3,65.1,Tablet
1971,238,43,2024-03-24,2024,3,58.8,59.4,Mobile
1972,555,48,2024-09-16,2024,9,83.7,68.6,Mobile
1973,902,49,2025-01-07,2025,1,77.6,62.1,Laptop
1974,973,3,2024-01-26,2024,1,122.3,86.1,Laptop
1975,116,41,2024-04-22,2024,4,79.2,67.1,Smart TV
1976,898,46,2024-12-09,2024,12,52.0,59.1,Laptop
1977,231,34,2023-04-16,2023,4,49.0,41.5,Desktop
1978,983,39,2024-01-07,2024,1,69.9,76.0,Tablet
1979,857,45,2024-03-18,2024,3,74.8,66.8,Mobile
1980,886,18,2025-01-11,2025,1,102.9,81.7,Laptop
1981,656,33,2023-12-03,2023,12,76.7,66.7,Laptop
1982,366,6,2023-01-14,2023,1,49.3,42.9,Tablet
1983,249,38,2024-05-21,2024,5,65.8,53.9,Tablet
1984,682,18,2023-04-17,2023,4,123.7,98.2,Tablet
1985,575,39,2024-08-02,2024,8,55.8,60.6,Tablet
1986,44,39,2023-04-21,2023,4,66.9,72.7,Mobile
1987,590,7,2023-05-01,2023,5,121.8,93.7,Smart TV
1988,370,38,2024-11-19,2024,11,98.5,80.7,Desktop
1989,432,26,2025-01-05,2025,1,95.4,82.2,Laptop
1990,663,29,2024-04-16,2024,4,83.6,74.6,Desktop
1991,39,26,2025-04-12,2025,4,98.3,84.7,Tablet
1992,686,2,2023-08-10,2023,8,92.1,74.3,Mobile
1993,646,22,2023-04-12,2023,4,73.8,59.0,Tablet
1994,822,2,2025-01-16,2025,1,85.2,68.7,Laptop
1995,368,44,2023-12-19,2023,12,94.2,62.8,Smart TV
1996,284,29,2025-03-13,2025,3,40.1,35.8,Tablet
1997,716,41,2023-09-27,2023,9,98.2,83.2,Smart TV
1998,215,36,2025-02-28,2025,2,109.9,87.2,Laptop
1999,759,26,2025-02-10,2025,2,72.6,62.6,Smart TV
2000,865,32,2023-04-02,2023,4,86.4,61.7,Desktop
2001,552,48,2025-04-04,2025,4,104.9,86.0,Smart TV
2002,325,20,2023-04-14,2023,4,29.9,34.0,Tablet
2003,321,40,2024-05-24,2024,5,111.9,77.7,Tablet
2004,208,17,2024-12-25,2024,12,84.2,70.2,Laptop
2005,826,29,2024-01-06,2024,1,92.5,82.6,Smart TV
2006,331,2,2023-04-25,2023,4,63.7,51.4,Laptop
2007,931,33,2024-12-18,2024,12,89.5,77.8,Laptop
2008,775,36,2024-07-05,2024,7,63.5,50.4,Desktop
2009,713,5,2023-07-23,2023,7,67.3,68.7,Tablet
2010,873,17,2023-05-30,2023,5,97.2,81.0,Desktop
2011,363,26,2023-05-17,2023,5,104.7,90.3,Mobile
2012,866,48,2025-04-14,2025,4,107.1,87.8,Laptop
2013,629,37,2023-03-26,2023,3,77.5,61.0,Smart TV
2014,454,3,2023-09-09,2023,9,104.2,73.4,Laptop
2015,27,32,2023-08-18,2023,8,120.3,85.9,Smart TV
2016,252,15,2024-03-26,2024,3,88.9,78.0,Smart TV
2017,149,1,2023-10-31,2023,10,65.6,55.6,Mobile
2018,879,40,2024-05-09,2024,5,124.0,86.1,Tablet
2019,570,36,2024-08-04,2024,8,65.0,51.6,Smart TV
2020,869,34,2024-08-17,2024,8,77.4,65.6,Desktop
2021,910,25,2025-02-03,2025,2,82.5,56.9,Laptop
2022,823,17,2024-03-17,2024,3,76.7,63.9,Smart TV
2023,328,35,2024-01-01,2024,1,61.8,67.9,Laptop
2024,881,45,2023-09-10,2023,9,94.4,84.3,Desktop
2025,132,7,2025-03-14,2025,3,124.5,95.8,Tablet
2026,549,21,2023-04-18,2023,4,98.4,84.8,Desktop
2027,234,47,2023-12-23,2023,12,95.7,81.1,Desktop
2028,841,15,2024-04-21,2024,4,65.4,57.4,Mobile
2029,472,40,2024-03-24,2024,3,102.0,70.8,Tablet
2030,67,11,2023-01-23,2023,1,97.7,74.0,Desktop
2031,666,4,2023-12-22,2023,12,76.8,69.8,Smart TV
2032,66,44,2023-12-29,2023,12,57.6,38.4,Laptop
2033,584,17,2025-01-15,2025,1,38.4,32.0,Desktop
2034,503,28,2024-12-22,2024,12,112.0,83.0,Smart TV
2035,406,14,2024-11-08,2024,11,101.4,68.5,Desktop
2036,714,44,2023-11-08,2023,11,92.2,61.5,Desktop
2037,818,33,2024-02-21,2024,2,54.5,47.4,Desktop
2038,698,38,2023-11-19,2023,11,106.4,87.2,Desktop
2039,55,46,2025-02-11,2025,2,32.5,36.9,Mobile
2040,629,5,2024-06-26,2024,6,39.6,40.4,Smart TV
2041,255,39,2025-03-03,2025,3,38.5,41.8,Smart TV
2042,31,42,2024-05-21,2024,5,89.8,81.6,Laptop
2043,92,7,2024-02-18,2024,2,97.0,74.6,Tablet
2044,825,27,2024-01-26,2024,1,32.7,38.5,Laptop
2045,188,7,2023-11-15,2023,11,81.9,63.0,Tablet
2046,901,17,2024-05-26,2024,5,50.0,41.7,Laptop
2047,412,13,2023-08-21,2023,8,59.3,65.9,Mobile
2048,348,29,2025-02-08,2025,2,47.2,42.1,Laptop
2049,21,39,2023-03-04,2023,3,28.0,30.4,Laptop
2050,98,11,2023-01-02,2023,1,123.3,93.4,Desktop
2051,13,1,2023-12-01,2023,12,76.3,64.7,Mobile
2052,820,37,2024-07-30,2024,7,81.4,64.1,Mobile
2053,979,12,2023-07-13,2023,7,93.0,77.5,Tablet
2054,187,35,2023-08-12,2023,8,31.6,34.7,Smart TV
2055,615,24,2024-08-10,2024,8,50.3,50.3,Tablet
2056,724,12,2024-06-03,2024,6,57.4,47.8,Tablet
2057,32,40,2023-02-09,2023,2,131.3,91.2,Mobile
2058,827,20,2023-10-26,2023,10,59.3,67.4,Desktop
2059,531,11,2023-04-13,2023,4,93.6,70.9,Desktop
2060,159,40,2023-12-12,2023,12,131.6,91.4,Desktop
2061,852,25,2025-03-13,2025,3,99.0,68.3,Mobile
2062,685,36,2023-03-09,2023,3,78.0,61.9,Laptop
2063,145,16,2025-04-17,2025,4,69.1,70.5,Tablet
2064,43,23,2023-03-02,2023,3,100.8,90.0,Tablet
2065,831,43,2024-12-25,2024,12,81.8,82.6,Desktop
2066,102,34,2023-04-04,2023,4,92.9,78.7,Laptop
2067,934,34,2024-07-30,2024,7,88.1,74.7,Desktop
2068,535,26,2025-02-14,2025,2,85.0,73.3,Smart TV
2069,290,21,2023-05-19,2023,5,79.2,68.3,Smart TV
2070,300,41,2024-03-12,2024,3,77.6,65.8,Tablet
2071,85,32,2023-01-25,2023,1,98.7,70.5,Laptop
2072,575,31,2024-09-16,2024,9,62.4,65.0,Tablet
2073,806,19,2025-02-28,2025,2,93.9,79.6,Mobile
2074,541,3,2023-07-12,2023,7,130.6,92.0,Laptop
2075,914,38,2025-02-04,2025,2,108.7,89.1,Desktop
2076,178,42,2023-11-18,2023,11,90.2,82.0,Desktop
2077,29,4,2023-11-07,2023,11,71.2,64.7,Laptop
2078,988,35,2023-02-23,2023,2,61.4,67.5,Tablet
2079,757,33,2024-06-20,2024,6,99.5,86.5,Desktop
2080,380,44,2024-12-16,2024,12,52.8,35.2,Smart TV
2081,102,30,2023-07-10,2023,7,101.0,88.6,Laptop
2082,75,46,2023-07-28,2023,7,55.3,62.8,Desktop
2083,16,3,2024-01-26,2024,1,74.8,52.7,Mobile
2084,947,19,2023-01-05,2023,1,105.4,89.3,Laptop
2085,182,25,2025-04-26,2025,4,79.0,54.5,Tablet
2086,46,10,2023-05-26,2023,5,77.3,75.8,Desktop
2087,685,17,2024-03-08,2024,3,95.4,79.5,Laptop
2088,210,42,2025-01-24,2025,1,98.8,89.8,Tablet
2089,707,1,2024-03-01,2024,3,100.8,85.4,Tablet
2090,285,13,2025-04-16,2025,4,42.1,46.8,Mobile
2091,642,45,2024-02-09,2024,2,38.9,34.7,Tablet
2092,132,43,2024-12-07,2024,12,53.6,54.1,Mobile
2093,119,11,2025-03-21,2025,3,92.9,70.4,Smart TV
2094,550,21,2023-06-21,2023,6,106.5,91.8,Laptop
2095,979,44,2025-01-02,2025,1,136.3,90.9,Tablet
2096,292,35,2023-10-21,2023,10,57.1,62.8,Mobile
2097,780,8,2024-02-09,2024,2,73.6,78.3,Mobile
2098,569,32,2023-07-25,2023,7,64.0,45.7,Mobile
2099,481,31,2023-04-22,2023,4,42.3,44.1,Mobile
2100,854,25,2023-07-08,2023,7,59.3,40.9,Mobile
2101,248,28,2024-09-22,2024,9,86.3,63.9,Smart TV
2102,453,39,2025-02-26,2025,2,75.8,82.4,Smart TV
2103,787,14,2025-01-12,2025,1,89.8,60.7,Desktop
2104,15,10,2023-12-16,2023,12,88.7,87.0,Laptop
2105,944,12,2023-12-25,2023,12,82.8,69.0,Mobile
2106,401,25,2023-06-06,2023,6,133.4,92.0,Desktop
2107,66,15,2023-07-08,2023,7,87.9,77.1,Laptop
2108,674,47,2024-03-25,2024,3,37.2,31.5,Tablet
2109,72,16,2024-09-08,2024,9,71.0,72.4,Desktop
2110,165,10,2024-07-14,2024,7,95.3,93.4,Mobile
2111,115,44,2023-03-08,2023,3,99.3,66.2,Desktop
2112,18,40,2025-01-07,2025,1,71.6,49.7,Laptop
2113,380,3,2023-05-27,2023,5,126.5,89.1,Smart TV
2114,7,25,2023-01-04,2023,1,107.4,74.1,Tablet
2115,788,37,2023-05-03,2023,5,110.4,86.9,Mobile
2116,578,35,2023-03-17,2023,3,67.7,74.4,Tablet
2117,960,37,2024-10-22,2024,10,82.3,64.8,Desktop
2118,397,29,2025-02-05,2025,2,61.8,55.2,Tablet
2119,628,17,2023-12-20,2023,12,114.1,95.1,Tablet
2120,491,10,2024-04-10,2024,4,74.3,72.8,Laptop
2121,230,10,2023-10-21,2023,10,79.2,77.6,Smart TV
2122,987,25,2023-09-21,2023,9,127.7,88.1,Laptop
2123,758,2,2024-03-18,2024,3,105.0,84.7,Smart TV
2124,44,30,2024-02-25,2024,2,92.1,80.8,Desktop
2125,873,15,2024-02-16,2024,2,51.9,45.5,Laptop
2126,214,26,2024-03-07,2024,3,102.3,88.2,Tablet
2127,752,29,2024-03-30,2024,3,103.5,92.4,Tablet
2128,373,22,2023-11-30,2023,11,98.5,78.8,Smart TV
2129,741,34,2023-07-30,2023,7,65.8,55.8,Smart TV
2130,583,13,2025-01-16,2025,1,58.3,64.8,Tablet
2131,562,49,2025-03-22,2025,3,82.6,66.1,Laptop
2132,219,26,2023-05-25,2023,5,80.5,69.4,Desktop
2133,668,29,2023-11-04,2023,11,100.0,89.3,Desktop
2134,423,4,2023-07-24,2023,7,59.0,53.6,Desktop
2135,912,11,2024-11-06,2024,11,85.4,64.7,Desktop
2136,443,12,2024-03-29,2024,3,37.3,31.1,Smart TV
2137,396,37,2024-11-14,2024,11,63.4,49.9,Desktop
2138,788,10,2024-10-18,2024,10,67.0,65.7,Smart TV
2139,155,27,2023-11-21,2023,11,65.6,77.2,Smart TV
2140,781,32,2023-11-20,2023,11,106.8,76.3,Desktop
2141,544,48,2024-10-05,2024,10,107.1,87.8,Mobile
2142,806,5,2023-03-29,2023,3,79.6,81.2,Mobile
2143,340,6,2023-11-17,2023,11,104.5,90.9,Laptop
2144,208,48,2023-06-04,2023,6,113.3,92.9,Laptop
2145,861,5,2024-01-07,2024,1,49.5,50.5,Tablet
2146,487,22,2024-12-21,2024,12,62.8,50.2,Laptop
2147,104,36,2023-06-13,2023,6,112.3,89.1,Smart TV
2148,168,27,2023-05-02,2023,5,55.0,64.7,Smart TV
2149,576,36,2024-10-05,2024,10,87.4,69.4,Laptop
2150,707,16,2023-04-27,2023,4,77.2,78.8,Smart TV
2151,932,29,2023-04-10,2023,4,92.6,82.7,Smart TV
2152,902,25,2024-04-29,2024,4,93.4,64.4,Smart TV
2153,786,2,2024-08-23,2024,8,99.0,79.8,Laptop
2154,954,29,2024-08-21,2024,8,83.4,74.5,Tablet
2155,916,2,2024-05-18,2024,5,114.1,92.0,Desktop
2156,353,22,2023-03-29,2023,3,110.4,88.3,Mobile
2157,182,9,2024-10-01,2024,10,76.2,59.5,Tablet
2158,939,10,2023-04-24,2023,4,99.0,97.1,Smart TV
2159,985,41,2023-11-25,2023,11,69.6,59.0,Mobile
2160,364,39,2025-03-29,2025,3,59.7,64.9,Desktop
2161,428,11,2024-01-09,2024,1,114.3,86.6,Smart TV
2162,526,18,2024-06-16,2024,6,112.5,89.3,Mobile
2163,502,21,2023-06-20,2023,6,42.2,36.4,Smart TV
2164,718,20,2023-09-27,2023,9,49.8,56.6,Mobile
2165,280,48,2025-02-16,2025,2,95.6,78.4,Mobile
2166,341,36,2023-02-02,2023,2,58.1,46.1,Desktop
2167,11,48,2024-08-10,2024,8,36.6,30.0,Tablet
2168,205,31,2024-01-25,2024,1,62.3,64.9,Laptop
2169,714,25,2023-12-10,2023,12,92.4,63.7,Desktop
2170,875,28,2024-02-21,2024,2,108.8,80.6,Smart TV
2171,966,23,2025-01-06,2025,1,63.7,56.9,Smart TV
2172,501,19,2023-10-01,2023,10,48.1,40.8,Tablet
2173,941,43,2023-03-28,2023,3,83.9,84.7,Laptop
2174,883,33,2023-04-27,2023,4,35.5,30.9,Smart TV
2175,826,49,2023-04-20,2023,4,69.4,55.5,Smart TV
2176,383,5,2023-06-07,2023,6,44.9,45.8,Mobile
2177,885,5,2023-01-10,2023,1,68.5,69.9,Laptop
2178,892,40,2023-03-14,2023,3,69.8,48.5,Tablet
2179,647,22,2025-03-15,2025,3,98.5,78.8,Desktop
2180,125,4,2024-12-22,2024,12,51.6,46.9,Mobile
2181,191,6,2025-01-05,2025,1,106.3,92.4,Mobile
2182,444,44,2023-08-27,2023,8,79.7,53.1,Mobile
2183,397,21,2024-10-02,2024,10,84.1,72.5,Tablet
2184,838,13,2024-12-26,2024,12,57.8,64.2,Smart TV
2185,481,19,2025-01-19,2025,1,93.6,79.3,Mobile
2186,454,12,2024-06-03,2024,6,30.8,25.7,Smart TV
2187,998,13,2023-09-27,2023,9,55.4,61.6,Smart TV
2188,717,8,2024-12-20,2024,12,39.9,42.4,Laptop
2189,775,15,2023-06-16,2023,6,74.4,65.3,Desktop
2190,304,39,2024-02-27,2024,2,44.9,48.8,Tablet
2191,257,23,2025-01-23,2025,1,62.0,55.4,Mobile
2192,671,44,2023-09-15,2023,9,87.5,58.3,Smart TV
2193,67,4,2023-03-06,2023,3,77.8,70.7,Mobile
2194,635,49,2025-04-17,2025,4,84.1,67.3,Tablet
2195,13,48,2024-11-21,2024,11,50.5,41.4,Desktop
2196,790,24,2024-12-15,2024,12,79.5,79.5,Mobile
2197,583,17,2025-01-14,2025,1,103.3,86.1,Tablet
2198,367,48,2025-04-10,2025,4,85.4,70.0,Tablet
2199,308,49,2024-05-15,2024,5,75.5,60.4,Smart TV
2200,234,38,2023-06-24,2023,6,42.6,34.9,Laptop
2201,420,30,2024-04-17,2024,4,69.7,61.1,Tablet
2202,475,30,2024-04-08,2024,4,54.9,48.2,Tablet
2203,430,2,2023-05-23,2023,5,104.2,84.0,Tablet
2204,892,41,2023-06-02,2023,6,77.4,65.6,Mobile
2205,445,43,2023-06-26,2023,6,47.5,48.0,Smart TV
2206,223,7,2023-01-17,2023,1,84.6,65.1,Smart TV
2207,278,22,2023-07-22,2023,7,38.2,30.6,Tablet
2208,163,20,2025-04-29,2025,4,54.5,61.9,Smart TV
2209,195,32,2024-09-13,2024,9,113.8,81.3,Tablet
2210,446,11,2024-05-14,2024,5,123.9,93.9,Mobile
2211,362,7,2023-03-10,2023,3,120.2,92.5,Tablet
2212,623,19,2023-05-25,2023,5,64.9,55.0,Tablet
2213,823,14,2024-03-02,2024,3,104.3,70.5,Laptop
2214,647,11,2023-12-13,2023,12,102.0,77.3,Desktop
2215,440,40,2023-05-05,2023,5,109.2,75.8,Desktop
2216,289,22,2025-01-12,2025,1,80.1,64.1,Smart TV
2217,379,37,2024-04-29,2024,4,48.4,38.1,Tablet
2218,379,27,2023-09-10,2023,9,43.4,51.1,Smart TV
2219,932,21,2024-10-11,2024,10,104.3,89.9,Tablet
2220,806,18,2024-07-22,2024,7,78.2,62.1,Laptop
2221,716,13,2023-05-11,2023,5,64.9,72.1,Desktop
2222,995,15,2024-12-26,2024,12,86.1,75.5,Smart TV
2223,833,16,2024-05-15,2024,5,72.6,74.1,Mobile
2224,321,33,2023-04-08,2023,4,74.4,64.7,Smart TV
2225,639,21,2023-03-25,2023,3,84.1,72.5,Tablet
2226,618,47,2023-09-30,2023,9,45.7,38.7,Tablet
2227,797,13,2025-03-21,2025,3,61.8,68.7,Laptop
2228,869,4,2024-04-30,2024,4,61.4,55.8,Mobile
2229,336,23,2025-04-24,2025,4,86.0,76.8,Desktop
2230,150,18,2023-11-24,2023,11,88.5,70.2,Laptop
2231,620,35,2023-07-24,2023,7,59.9,65.8,Desktop
2232,620,8,2023-10-30,2023,10,65.6,69.8,Smart TV
2233,537,33,2023-10-17,2023,10,64.3,55.9,Tablet
2234,434,45,2025-04-18,2025,4,97.1,86.7,Laptop
2235,268,14,2023-05-28,2023,5,87.6,59.2,Mobile
2236,668,42,2025-02-19,2025,2,73.5,66.8,Laptop
2237,477,10,2024-04-02,2024,4,78.5,77.0,Desktop
2238,161,39,2024-03-30,2024,3,32.9,35.8,Laptop
2239,467,18,2023-07-22,2023,7,101.6,80.6,Tablet
2240,292,11,2024-08-23,2024,8,60.6,45.9,Mobile
2241,127,4,2023-12-01,2023,12,81.0,73.6,Laptop
2242,146,21,2025-01-07,2025,1,74.5,64.2,Mobile
2243,644,28,2024-10-23,2024,10,82.3,61.0,Smart TV
2244,335,40,2025-02-17,2025,2,48.1,33.4,Laptop
2245,332,37,2025-02-13,2025,2,94.5,74.4,Desktop
2246,58,47,2025-01-04,2025,1,95.5,80.9,Tablet
2247,66,5,2023-05-24,2023,5,59.5,60.7,Smart TV
2248,95,49,2024-01-04,2024,1,117.8,94.2,Laptop
2249,84,27,2023-12-18,2023,12,50.5,59.4,Desktop
2250,64,34,2024-03-02,2024,3,91.8,77.8,Tablet
2251,712,10,2024-07-15,2024,7,87.1,85.4,Smart TV
2252,460,11,2023-04-29,2023,4,109.6,83.0,Laptop
2253,233,16,2023-02-27,2023,2,76.3,77.9,Desktop
2254,25,4,2024-10-20,2024,10,94.9,86.3,Smart TV
2255,491,3,2023-02-13,2023,2,76.3,53.7,Smart TV
2256,973,10,2023-05-21,2023,5,72.4,71.0,Laptop
2257,397,49,2024-10-11,2024,10,98.8,79.0,Mobile
2258,523,49,2023-10-24,2023,10,88.2,70.6,Tablet
2259,564,5,2023-02-11,2023,2,26.5,27.0,Smart TV
2260,597,32,2023-01-08,2023,1,87.6,62.6,Mobile
2261,596,24,2024-06-05,2024,6,89.0,89.0,Smart TV
2262,407,14,2023-06-05,2023,6,107.7,72.8,Desktop
2263,289,18,2024-07-23,2024,7,80.8,64.1,Tablet
2264,164,13,2025-02-11,2025,2,46.4,51.6,Laptop
2265,920,17,2024-02-07,2024,2,53.9,44.9,Laptop
2266,463,2,2024-04-01,2024,4,94.2,76.0,Desktop
2267,789,26,2023-07-29,2023,7,59.2,51.0,Mobile
2268,397,7,2025-01-30,2025,1,118.3,91.0,Smart TV
2269,205,49,2024-08-06,2024,8,102.4,81.9,Laptop
2270,853,45,2024-11-21,2024,11,59.8,53.4,Desktop
2271,838,20,2024-01-05,2024,1,58.0,65.9,Smart TV
2272,581,17,2023-08-11,2023,8,85.9,71.6,Laptop
2273,13,14,2025-04-29,2025,4,75.0,50.7,Laptop
2274,212,32,2025-01-07,2025,1,91.0,65.0,Laptop
2275,469,26,2024-09-08,2024,9,95.8,82.6,Tablet
2276,492,36,2024-09-03,2024,9,73.7,58.5,Smart TV
2277,80,40,2023-04-20,2023,4,127.0,88.2,Mobile
2278,635,4,2023-01-12,2023,1,101.2,92.0,Mobile
2279,311,29,2024-01-26,2024,1,91.4,81.6,Smart TV
2280,100,4,2024-01-12,2024,1,58.9,53.5,Smart TV
2281,995,28,2025-01-29,2025,1,118.5,87.8,Mobile
2282,287,27,2024-10-31,2024,10,60.8,71.5,Mobile
2283,310,10,2023-09-27,2023,9,70.1,68.7,Smart TV
2284,124,41,2025-02-01,2025,2,109.0,92.4,Mobile
2285,902,31,2023-06-28,2023,6,27.5,28.6,Mobile
2286,743,16,2024-04-11,2024,4,85.8,87.5,Desktop
2287,712,36,2023-10-07,2023,10,72.5,57.5,Desktop
2288,492,5,2025-01-18,2025,1,43.5,44.4,Tablet
2289,695,25,2023-01-31,2023,1,49.2,33.9,Tablet
2290,851,30,2024-02-27,2024,2,57.2,50.2,Mobile
2291,591,3,2024-11-03,2024,11,54.1,38.1,Laptop
2292,727,19,2025-01-06,2025,1,82.5,69.9,Laptop
2293,25,43,2023-10-06,2023,10,92.5,93.4,Smart TV
2294,241,45,2024-04-03,2024,4,95.1,84.9,Mobile
2295,895,37,2024-03-21,2024,3,93.9,73.9,Tablet
2296,811,15,2025-01-02,2025,1,98.6,86.5,Mobile
2297,294,24,2023-04-01,2023,4,75.8,75.8,Tablet
2298,841,31,2024-07-11,2024,7,47.2,49.2,Laptop
2299,744,36,2024-07-07,2024,7,59.9,47.5,Laptop
2300,417,12,2024-08-17,2024,8,78.8,65.7,Tablet
2301,356,19,2023-06-01,2023,6,100.4,85.1,Tablet
2302,692,35,2024-02-22,2024,2,51.5,56.6,Desktop
2303,260,9,2023-12-07,2023,12,115.8,90.5,Tablet
2304,462,49,2024-07-06,2024,7,108.9,87.1,Smart TV
2305,912,3,2023-12-18,2023,12,101.2,71.3,Smart TV
2306,614,22,2024-07-07,2024,7,96.8,77.4,Smart TV
2307,872,37,2023-05-23,2023,5,120.4,94.8,Smart TV
2308,845,45,2024-02-10,2024,2,45.5,40.6,Tablet
2309,902,8,2024-05-28,2024,5,57.0,60.6,Desktop
2310,5,17,2024-07-17,2024,7,94.6,78.8,Smart TV
2311,758,15,2024-12-01,2024,12,92.1,80.8,Laptop
2312,501,8,2023-11-30,2023,11,68.5,72.9,Desktop
2313,960,26,2024-06-19,2024,6,90.9,78.4,Tablet
2314,225,37,2023-12-26,2023,12,104.6,82.4,Mobile
2315,232,41,2024-10-21,2024,10,80.9,68.6,Smart TV
2316,734,1,2025-03-23,2025,3,110.8,93.9,Mobile
2317,508,10,2023-03-15,2023,3,81.7,80.1,Laptop
2318,248,49,2024-02-20,2024,2,74.6,59.7,Smart TV
2319,555,41,2023-04-09,2023,4,109.0,92.4,Smart TV
2320,25,2,2023-02-01,2023,2,73.4,59.2,Smart TV
2321,191,44,2023-03-15,2023,3,58.0,38.7,Tablet
2322,974,8,2024-03-08,2024,3,62.5,66.5,Mobile
2323,715,39,2023-11-04,2023,11,49.4,53.7,Laptop
2324,439,40,2024-08-26,2024,8,129.9,90.2,Desktop
2325,608,3,2024-11-26,2024,11,100.1,70.5,Mobile
2326,512,21,2023-12-26,2023,12,37.9,32.7,Tablet
2327,882,25,2025-02-09,2025,2,105.7,72.9,Mobile
2328,433,45,2024-08-24,2024,8,86.0,76.8,Laptop
2329,972,44,2024-05-17,2024,5,146.2,97.5,Tablet
2330,40,32,2025-02-16,2025,2,125.2,89.4,Tablet
2331,259,35,2023-04-05,2023,4,63.1,69.3,Mobile
2332,466,25,2025-02-06,2025,2,89.8,61.9,Desktop
2333,481,3,2023-11-27,2023,11,85.3,60.1,Tablet
2334,222,40,2024-02-25,2024,2,60.8,42.2,Smart TV
2335,608,44,2025-03-10,2025,3,48.1,32.1,Desktop
2336,456,5,2024-05-29,2024,5,47.2,48.2,Desktop
2337,398,35,2024-10-31,2024,10,42.6,46.8,Mobile
2338,715,34,2024-05-17,2024,5,59.1,50.1,Tablet
2339,301,11,2023-02-10,2023,2,77.7,58.9,Laptop
2340,437,8,2024-12-04,2024,12,70.7,75.2,Smart TV
2341,494,32,2023-09-13,2023,9,35.6,25.4,Smart TV
2342,792,25,2023-02-14,2023,2,86.4,59.6,Smart TV
2343,349,44,2024-08-20,2024,8,129.6,86.4,Smart TV
2344,731,29,2025-04-07,2025,4,90.0,80.4,Mobile
2345,104,11,2023-05-23,2023,5,61.0,46.2,Desktop
2346,577,2,2024-03-24,2024,3,87.8,70.8,Tablet
2347,22,46,2024-06-21,2024,6,47.0,53.4,Desktop
2348,109,27,2024-04-30,2024,4,48.3,56.8,Tablet
2349,69,5,2023-03-31,2023,3,82.2,83.9,Laptop
2350,487,26,2024-06-03,2024,6,104.6,90.2,Smart TV
2351,124,2,2023-06-15,2023,6,51.1,41.2,Smart TV
2352,681,13,2024-04-01,2024,4,55.5,61.7,Desktop
2353,270,31,2023-03-10,2023,3,90.3,94.1,Smart TV
2354,597,27,2023-04-29,2023,4,38.7,45.5,Smart TV
2355,308,9,2025-02-03,2025,2,102.9,80.4,Mobile
2356,381,4,2024-06-06,2024,6,92.4,84.0,Mobile
2357,538,43,2023-09-30,2023,9,74.4,75.2,Mobile
2358,311,9,2023-11-24,2023,11,115.5,90.2,Tablet
2359,821,14,2023-07-13,2023,7,116.6,78.8,Tablet
2360,491,14,2023-04-12,2023,4,73.9,49.9,Desktop
2361,649,41,2024-07-08,2024,7,102.7,87.0,Mobile
2362,150,43,2023-05-11,2023,5,86.0,86.9,Smart TV
2363,882,49,2023-03-11,2023,3,87.2,69.8,Mobile
2364,580,11,2023-09-10,2023,9,101.8,77.1,Tablet
2365,860,41,2024-01-06,2024,1,107.7,91.3,Laptop
2366,417,4,2025-02-09,2025,2,74.1,67.4,Laptop
2367,800,26,2023-01-29,2023,1,59.9,51.6,Laptop
2368,401,29,2024-09-12,2024,9,96.3,86.0,Smart TV
2369,767,9,2024-05-05,2024,5,97.9,76.5,Desktop
2370,911,27,2024-10-23,2024,10,55.6,65.4,Smart TV
2371,614,34,2023-10-22,2023,10,83.5,70.8,Mobile
2372,444,39,2023-02-01,2023,2,57.4,62.4,Smart TV
2373,792,42,2023-02-10,2023,2,70.2,63.8,Tablet
2374,288,30,2024-10-27,2024,10,96.7,84.8,Laptop
2375,311,35,2024-09-11,2024,9,45.6,50.1,Tablet
2376,524,32,2024-01-31,2024,1,115.9,82.8,Desktop
2377,712,36,2024-11-29,2024,11,95.9,76.1,Desktop
2378,141,31,2023-12-12,2023,12,40.1,41.8,Tablet
2379,999,22,2024-06-29,2024,6,89.8,71.8,Mobile
2380,258,41,2023-10-02,2023,10,107.5,91.1,Laptop
2381,609,33,2023-08-22,2023,8,69.3,60.3,Laptop
2382,929,16,2024-08-02,2024,8,50.5,51.5,Laptop
2383,197,22,2024-06-14,2024,6,99.1,79.3,Laptop
2384,271,39,2024-03-10,2024,3,39.0,42.4,Desktop
2385,912,9,2025-04-01,2025,4,106.6,83.3,Laptop
2386,195,44,2024-12-03,2024,12,95.1,63.4,Desktop
2387,567,21,2023-07-29,2023,7,97.9,84.4,Desktop
2388,533,12,2023-05-01,2023,5,97.7,81.4,Laptop
2389,654,16,2023-07-30,2023,7,74.3,75.8,Laptop
2390,188,42,2025-04-09,2025,4,77.9,70.8,Smart TV
2391,402,31,2025-01-04,2025,1,55.2,57.5,Desktop
2392,471,35,2023-12-16,2023,12,58.4,64.2,Laptop
2393,128,25,2025-04-12,2025,4,106.6,73.5,Tablet
2394,4,5,2023-07-13,2023,7,46.0,46.9,Tablet
2395,466,36,2024-08-20,2024,8,107.6,85.4,Desktop
2396,582,27,2023-07-23,2023,7,75.1,88.4,Tablet
2397,610,7,2024-05-02,2024,5,88.0,67.7,Laptop
2398,123,9,2023-07-05,2023,7,58.0,45.3,Mobile
2399,43,5,2023-10-12,2023,10,60.1,61.3,Smart TV
2400,803,7,2025-01-30,2025,1,103.7,79.8,Smart TV
2401,41,43,2024-08-03,2024,8,37.2,37.6,Mobile
2402,346,40,2025-01-06,2025,1,83.5,58.0,Tablet
2403,247,15,2023-08-14,2023,8,87.4,76.7,Desktop
2404,770,18,2024-07-19,2024,7,79.3,62.9,Smart TV
2405,156,2,2024-07-20,2024,7,93.1,75.1,Smart TV
2406,176,25,2023-07-28,2023,7,106.0,73.1,Mobile
2407,978,11,2023-04-04,2023,4,98.3,74.5,Desktop
2408,998,18,2025-04-08,2025,4,88.6,70.3,Mobile
2409,253,27,2023-08-15,2023,8,54.7,64.4,Smart TV
2410,940,15,2023-10-14,2023,10,49.7,43.6,Smart TV
2411,688,20,2024-03-21,2024,3,56.3,64.0,Tablet
2412,457,14,2023-08-26,2023,8,63.3,42.8,Mobile
2413,419,46,2024-03-30,2024,3,61.6,70.0,Tablet
2414,872,40,2025-02-07,2025,2,92.9,64.5,Desktop
2415,784,18,2023-07-30,2023,7,111.0,88.1,Tablet
2416,448,34,2023-12-17,2023,12,71.9,60.9,Tablet
2417,520,40,2024-02-02,2024,2,124.0,86.1,Desktop
2418,211,24,2023-05-28,2023,5,80.5,80.5,Desktop
2419,858,45,2024-11-30,2024,11,72.0,64.3,Tablet
2420,213,14,2023-11-18,2023,11,93.1,62.9,Laptop
2421,255,46,2023-10-25,2023,10,47.5,54.0,Tablet
2422,984,2,2024-12-03,2024,12,113.1,91.2,Smart TV
2423,661,45,2023-03-08,2023,3,76.7,68.5,Mobile
2424,399,37,2023-12-20,2023,12,80.3,63.2,Mobile
2425,503,28,2025-01-11,2025,1,91.9,68.1,Tablet
2426,92,28,2023-09-19,2023,9,84.5,62.6,Laptop
2427,376,17,2024-05-05,2024,5,58.4,48.7,Smart TV
2428,875,38,2024-10-22,2024,10,87.7,71.9,Desktop
2429,830,13,2023-02-07,2023,2,47.9,53.2,Smart TV
2430,93,46,2023-06-12,2023,6,59.8,68.0,Mobile
2431,257,6,2024-06-21,2024,6,104.7,91.0,Tablet
2432,153,19,2023-05-26,2023,5,102.7,87.0,Laptop
2433,892,12,2023-08-23,2023,8,79.3,66.1,Smart TV
2434,534,5,2023-08-26,2023,8,63.5,64.8,Desktop
2435,671,48,2023-06-30,2023,6,71.6,58.7,Tablet
2436,965,28,2023-06-21,2023,6,74.2,55.0,Smart TV
2437,618,46,2023-03-20,2023,3,31.0,35.2,Smart TV
2438,547,8,2025-03-08,2025,3,66.7,71.0,Smart TV
2439,157,35,2023-07-11,2023,7,19.0,20.9,Smart TV
2440,785,18,2024-06-09,2024,6,107.1,85.0,Desktop
2441,517,4,2024-02-08,2024,2,51.1,46.5,Mobile
2442,481,10,2023-05-16,2023,5,56.6,55.5,Desktop
2443,855,24,2024-08-10,2024,8,83.8,83.8,Tablet
2444,252,30,2023-06-29,2023,6,92.1,80.8,Smart TV
2445,166,41,2024-09-12,2024,9,97.5,82.6,Mobile
2446,387,9,2023-01-01,2023,1,75.0,58.6,Desktop
2447,819,32,2024-11-24,2024,11,115.6,82.6,Desktop
2448,555,47,2024-02-18,2024,2,104.3,88.4,Tablet
2449,986,42,2024-06-16,2024,6,69.2,62.9,Desktop
2450,592,46,2025-02-06,2025,2,41.1,46.7,Tablet
2451,171,33,2024-05-26,2024,5,52.4,45.6,Mobile
2452,212,5,2024-09-06,2024,9,74.0,75.5,Mobile
2453,619,27,2024-01-27,2024,1,45.6,53.7,Laptop
2454,499,13,2025-02-07,2025,2,51.0,56.7,Smart TV
2455,461,38,2025-03-20,2025,3,101.0,82.8,Smart TV
2456,665,20,2024-02-10,2024,2,20.3,23.1,Smart TV
2457,926,29,2023-09-16,2023,9,78.7,70.3,Tablet
2458,730,30,2024-01-16,2024,1,100.4,88.1,Tablet
2459,134,27,2023-02-22,2023,2,33.2,39.1,Mobile
2460,303,24,2023-02-24,2023,2,62.7,62.7,Tablet
2461,909,42,2024-03-19,2024,3,44.2,40.2,Laptop
2462,364,33,2024-07-18,2024,7,80.3,69.8,Tablet
2463,70,23,2023-12-06,2023,12,57.9,51.7,Desktop
2464,170,1,2023-04-14,2023,4,56.0,47.5,Desktop
2465,277,4,2023-01-26,2023,1,78.7,71.5,Desktop
2466,381,2,2024-04-04,2024,4,81.6,65.8,Desktop
2467,472,23,2024-09-28,2024,9,68.5,61.2,Laptop
2468,53,34,2024-08-22,2024,8,53.5,45.3,Tablet
2469,777,32,2024-03-19,2024,3,116.2,83.0,Mobile
2470,683,36,2025-01-16,2025,1,103.8,82.4,Desktop
2471,69,10,2025-04-24,2025,4,65.6,64.3,Tablet
2472,750,47,2024-10-12,2024,10,67.6,57.3,Smart TV
2473,781,13,2023-04-06,2023,4,43.4,48.2,Smart TV
2474,43,3,2023-11-07,2023,11,39.6,27.9,Smart TV
2475,200,27,2024-08-05,2024,8,62.1,73.1,Smart TV
2476,438,36,2024-08-04,2024,8,71.1,56.4,Smart TV
2477,1,5,2023-06-17,2023,6,46.6,47.6,Tablet
2478,806,5,2023-08-13,2023,8,86.5,88.3,Tablet
2479,117,6,2024-11-16,2024,11,79.2,68.9,Laptop
2480,632,47,2024-01-17,2024,1,102.2,86.6,Laptop
2481,591,36,2024-07-15,2024,7,111.5,88.5,Laptop
2482,647,43,2023-12-01,2023,12,71.6,72.3,Desktop
2483,533,44,2023-10-13,2023,10,127.0,84.7,Smart TV
2484,232,2,2024-03-20,2024,3,86.9,70.1,Laptop
2485,963,33,2023-11-04,2023,11,81.5,70.9,Tablet
2486,53,38,2023-11-04,2023,11,103.2,84.6,Laptop
2487,110,10,2024-07-22,2024,7,55.2,54.1,Smart TV
2488,902,16,2024-04-20,2024,4,87.5,89.3,Mobile
2489,715,35,2024-06-01,2024,6,63.8,70.1,Tablet
2490,581,22,2023-11-03,2023,11,50.6,40.5,Smart TV
2491,639,31,2024-11-09,2024,11,37.1,38.6,Laptop
2492,949,4,2024-03-22,2024,3,72.5,65.9,Tablet
2493,158,27,2024-04-29,2024,4,43.8,51.5,Laptop
2494,122,20,2023-08-30,2023,8,81.6,92.7,Tablet
2495,603,14,2024-02-20,2024,2,99.6,67.3,Smart TV
2496,294,16,2024-09-17,2024,9,83.0,84.7,Laptop
2497,164,39,2023-12-01,2023,12,70.1,76.2,Mobile
2498,85,6,2025-03-26,2025,3,94.2,81.9,Smart TV
2499,554,28,2024-05-19,2024,5,120.0,88.9,Smart TV
2500,53,1,2024-04-27,2024,4,59.5,50.4,Smart TV
2501,299,24,2024-11-26,2024,11,79.7,79.7,Laptop
2502,683,37,2023-03-31,2023,3,43.8,34.5,Laptop
2503,339,7,2023-02-09,2023,2,127.3,97.9,Mobile
2504,41,40,2023-01-01,2023,1,123.0,85.4,Smart TV
2505,809,11,2024-02-05,2024,2,112.9,85.5,Tablet
2506,111,18,2024-08-30,2024,8,74.2,58.9,Desktop
2507,74,40,2023-10-19,2023,10,67.4,46.8,Tablet
2508,621,17,2023-06-11,2023,6,93.4,77.8,Desktop
2509,99,32,2024-09-13,2024,9,75.7,54.1,Laptop
2510,33,26,2023-12-13,2023,12,91.4,78.8,Tablet
2511,830,29,2024-01-03,2024,1,103.5,92.4,Laptop
2512,301,42,2024-12-23,2024,12,93.6,85.1,Tablet
2513,827,16,2025-03-24,2025,3,93.8,95.7,Laptop
2514,683,21,2023-08-04,2023,8,64.3,55.4,Smart TV
2515,721,10,2023-02-07,2023,2,41.1,40.3,Desktop
2516,897,8,2023-06-01,2023,6,54.0,57.4,Smart TV
2517,741,5,2023-10-17,2023,10,66.2,67.6,Desktop
2518,245,46,2024-05-08,2024,5,32.6,37.1,Desktop
2519,747,38,2023-11-06,2023,11,111.4,91.3,Smart TV
2520,918,31,2024-11-02,2024,11,32.0,33.3,Smart TV
2521,401,13,2023-12-20,2023,12,23.6,26.2,Laptop
2522,399,12,2025-04-12,2025,4,85.1,70.9,Tablet
2523,803,46,2023-11-28,2023,11,65.1,74.0,Tablet
2524,675,21,2025-02-08,2025,2,86.2,74.3,Smart TV
2525,8,11,2023-09-14,2023,9,87.8,66.5,Tablet
2526,897,22,2023-06-01,2023,6,43.5,34.8,Smart TV
2527,246,33,2024-09-10,2024,9,81.4,70.8,Laptop
2528,930,13,2025-01-08,2025,1,24.7,27.4,Mobile
2529,647,24,2024-12-29,2024,12,62.2,62.2,Desktop
2530,382,22,2023-01-03,2023,1,54.1,43.3,Desktop
2531,207,14,2023-06-01,2023,6,91.2,61.6,Desktop
2532,281,34,2024-02-05,2024,2,104.4,88.5,Desktop
2533,628,40,2023-07-21,2023,7,97.3,67.6,Mobile
2534,466,47,2024-08-28,2024,8,86.5,73.3,Desktop
2535,774,30,2023-02-15,2023,2,66.7,58.5,Mobile
2536,418,38,2024-10-04,2024,10,114.1,93.5,Mobile
2537,486,27,2024-04-19,2024,4,54.7,64.3,Smart TV
2538,946,21,2024-08-28,2024,8,62.6,54.0,Laptop
2539,308,42,2023-02-09,2023,2,93.7,85.2,Desktop
2540,261,26,2023-09-29,2023,9,28.7,24.7,Smart TV
2541,42,15,2025-04-21,2025,4,77.9,68.3,Tablet
2542,3,28,2023-02-18,2023,2,125.5,93.0,Laptop
2543,549,35,2024-03-02,2024,3,70.3,77.2,Laptop
2544,788,39,2024-11-10,2024,11,82.6,89.8,Smart TV
2545,547,43,2024-07-19,2024,7,58.1,58.7,Mobile
2546,876,16,2024-02-03,2024,2,72.5,74.0,Laptop
2547,182,35,2024-11-02,2024,11,61.4,67.5,Mobile
2548,337,42,2023-09-09,2023,9,101.2,92.0,Mobile
2549,102,9,2025-02-06,2025,2,104.6,81.7,Smart TV
2550,674,19,2024-11-18,2024,11,66.8,56.6,Smart TV
2551,928,28,2023-07-28,2023,7,110.2,81.6,Laptop
2552,100,49,2023-10-23,2023,10,75.1,60.1,Desktop
2553,709,36,2024-10-16,2024,10,49.0,38.9,Smart TV
2554,895,8,2023-01-04,2023,1,29.3,31.2,Laptop
2555,989,12,2023-04-27,2023,4,99.7,83.1,Laptop
2556,125,33,2025-02-23,2025,2,98.8,85.9,Desktop
2557,477,33,2023-05-06,2023,5,80.5,70.0,Desktop
2558,285,6,2023-12-31,2023,12,96.7,84.1,Laptop
2559,181,25,2025-04-05,2025,4,74.5,51.4,Laptop
2560,743,2,2024-09-27,2024,9,105.0,84.7,Mobile
2561,65,11,2023-05-30,2023,5,82.1,62.2,Desktop
2562,835,45,2024-07-01,2024,7,58.0,51.8,Laptop
2563,31,22,2024-02-03,2024,2,105.2,84.2,Tablet
2564,107,33,2025-03-05,2025,3,97.8,85.0,Smart TV
2565,172,13,2024-09-27,2024,9,64.5,71.7,Mobile
2566,1000,48,2023-08-21,2023,8,104.8,85.9,Tablet
2567,571,30,2024-02-01,2024,2,69.4,60.9,Laptop
2568,204,3,2023-02-07,2023,2,97.3,68.5,Mobile
2569,585,23,2023-01-18,2023,1,107.7,96.2,Laptop
2570,665,22,2024-03-01,2024,3,103.0,82.4,Mobile
2571,993,21,2024-04-19,2024,4,47.7,41.1,Mobile
2572,609,34,2024-07-28,2024,7,98.1,83.1,Desktop
2573,140,31,2024-05-21,2024,5,70.8,73.7,Desktop
2574,744,49,2023-12-15,2023,12,56.2,45.0,Mobile
2575,806,41,2023-11-21,2023,11,65.8,55.8,Desktop
2576,842,28,2023-10-28,2023,10,46.2,34.2,Mobile
2577,57,20,2024-11-11,2024,11,33.8,38.4,Laptop
2578,836,25,2023-06-06,2023,6,84.4,58.2,Tablet
2579,77,34,2024-01-08,2024,1,47.0,39.8,Laptop
2580,757,20,2024-02-21,2024,2,77.7,88.3,Laptop
2581,190,46,2023-04-06,2023,4,72.3,82.2,Desktop
2582,614,7,2024-01-07,2024,1,57.6,44.3,Laptop
2583,787,22,2023-11-22,2023,11,110.5,88.4,Smart TV
2584,591,14,2024-08-19,2024,8,125.1,84.5,Smart TV
2585,51,18,2023-11-15,2023,11,108.6,86.2,Desktop
2586,773,35,2023-03-23,2023,3,56.3,61.9,Desktop
2587,892,45,2024-07-13,2024,7,66.4,59.3,Desktop
2588,674,20,2023-04-13,2023,4,62.1,70.6,Mobile
2589,320,27,2023-04-06,2023,4,40.6,47.8,Mobile
2590,141,5,2023-04-07,2023,4,62.2,63.5,Mobile
2591,913,31,2023-02-13,2023,2,66.6,69.4,Laptop
2592,416,35,2023-04-20,2023,4,57.9,63.6,Desktop
2593,917,16,2023-03-25,2023,3,60.5,61.7,Smart TV
2594,665,37,2024-12-18,2024,12,111.0,87.4,Mobile
2595,482,14,2025-01-16,2025,1,119.4,80.7,Smart TV
2596,756,44,2024-06-05,2024,6,82.8,55.2,Tablet
2597,6,44,2024-06-19,2024,6,131.7,87.8,Desktop
2598,814,47,2025-03-05,2025,3,101.7,86.2,Tablet
2599,561,16,2023-03-02,2023,3,66.0,67.3,Desktop
2600,683,25,2023-07-17,2023,7,124.0,85.5,Laptop
2601,353,9,2024-02-19,2024,2,120.8,94.4,Tablet
2602,933,38,2023-10-22,2023,10,70.0,57.4,Desktop
2603,877,8,2024-12-24,2024,12,61.9,65.9,Tablet
2604,2,8,2024-02-20,2024,2,66.1,70.3,Smart TV
2605,591,12,2025-04-13,2025,4,93.2,77.7,Mobile
2606,991,43,2023-09-12,2023,9,45.7,46.2,Mobile
2607,237,16,2025-02-01,2025,2,34.9,35.6,Mobile
2608,701,26,2023-05-17,2023,5,108.5,93.5,Laptop
2609,983,8,2024-08-11,2024,8,41.4,44.0,Mobile
2610,850,45,2023-01-15,2023,1,74.4,66.4,Laptop
2611,212,29,2023-05-28,2023,5,53.3,47.6,Mobile
2612,890,24,2023-11-29,2023,11,94.8,94.8,Tablet
2613,676,34,2024-11-27,2024,11,68.2,57.8,Smart TV
2614,879,41,2023-05-30,2023,5,62.3,52.8,Laptop
2615,193,43,2024-11-09,2024,11,54.9,55.5,Tablet
2616,972,18,2024-03-23,2024,3,45.4,36.0,Mobile
2617,444,30,2023-06-12,2023,6,43.2,37.9,Mobile
2618,767,30,2024-06-20,2024,6,67.0,58.8,Tablet
2619,114,19,2023-05-25,2023,5,68.9,58.4,Smart TV
2620,437,1,2024-04-29,2024,4,99.0,83.9,Desktop
2621,67,38,2024-04-10,2024,4,76.2,62.5,Smart TV
2622,461,13,2024-12-05,2024,12,67.9,75.4,Tablet
2623,277,11,2024-05-06,2024,5,71.1,53.9,Smart TV
2624,18,16,2024-10-22,2024,10,68.9,70.3,Smart TV
2625,972,36,2024-06-05,2024,6,98.0,77.8,Smart TV
2626,113,18,2025-01-08,2025,1,80.5,63.9,Laptop
2627,707,7,2023-10-06,2023,10,113.2,87.1,Desktop
2628,819,20,2025-02-03,2025,2,27.2,30.9,Mobile
2629,248,19,2023-09-16,2023,9,100.2,84.9,Desktop
2630,877,40,2024-08-11,2024,8,121.7,84.5,Desktop
2631,944,12,2024-10-04,2024,10,85.0,70.8,Desktop
2632,4,10,2023-01-21,2023,1,62.5,61.3,Desktop
2633,430,37,2023-12-16,2023,12,29.0,22.8,Smart TV
2634,192,7,2025-01-20,2025,1,77.9,59.9,Tablet
2635,258,45,2025-04-03,2025,4,64.5,57.6,Smart TV
2636,644,26,2024-11-16,2024,11,100.0,86.2,Desktop
2637,579,37,2024-01-01,2024,1,53.8,42.4,Tablet
2638,640,13,2023-09-08,2023,9,68.8,76.5,Laptop
2639,483,49,2023-09-04,2023,9,90.8,72.6,Tablet
2640,234,28,2024-07-29,2024,7,39.4,29.2,Mobile
2641,106,37,2023-05-21,2023,5,69.5,54.7,Mobile
2642,210,30,2024-02-27,2024,2,82.9,72.7,Mobile
2643,106,44,2024-07-15,2024,7,101.8,67.9,Smart TV
2644,227,48,2023-08-08,2023,8,65.5,53.7,Mobile
2645,38,17,2023-01-12,2023,1,108.1,90.1,Tablet
2646,124,18,2024-10-20,2024,10,94.9,75.3,Tablet
2647,915,14,2023-04-06,2023,4,91.9,62.1,Smart TV
2648,627,8,2023-04-06,2023,4,68.2,72.6,Desktop
2649,765,41,2025-02-18,2025,2,65.4,55.4,Tablet
2650,706,18,2024-07-08,2024,7,62.4,49.5,Mobile
2651,949,32,2025-04-16,2025,4,135.8,97.0,Tablet
2652,909,22,2023-04-13,2023,4,51.9,41.5,Desktop
2653,235,37,2023-10-12,2023,10,26.3,20.7,Laptop
2654,958,23,2025-02-10,2025,2,76.7,68.5,Smart TV
2655,28,48,2023-04-10,2023,4,116.1,95.2,Desktop
2656,22,43,2023-10-09,2023,10,51.1,51.6,Smart TV
2657,240,48,2023-02-16,2023,2,99.7,81.7,Smart TV
2658,848,14,2023-07-22,2023,7,68.5,46.3,Tablet
2659,63,43,2024-04-05,2024,4,53.8,54.3,Smart TV
2660,33,8,2025-01-13,2025,1,41.0,43.6,Laptop
2661,855,44,2024-03-18,2024,3,72.5,48.3,Mobile
2662,854,11,2024-04-30,2024,4,84.9,64.3,Smart TV
2663,384,3,2024-06-29,2024,6,71.3,50.2,Tablet
2664,112,6,2025-02-21,2025,2,55.9,48.6,Mobile
2665,158,27,2023-04-22,2023,4,58.0,68.2,Smart TV
2666,273,46,2024-06-16,2024,6,68.9,78.3,Desktop
2667,973,38,2024-08-22,2024,8,116.8,95.7,Tablet
2668,162,39,2024-06-29,2024,6,40.8,44.4,Tablet
2669,436,12,2024-09-17,2024,9,103.2,86.0,Tablet
2670,286,21,2023-09-24,2023,9,88.3,76.1,Mobile
2671,201,26,2023-10-30,2023,10,74.5,64.2,Desktop
2672,477,6,2024-08-18,2024,8,51.2,44.5,Smart TV
2673,923,4,2023-08-24,2023,8,90.1,81.9,Desktop
2674,973,8,2024-07-27,2024,7,75.4,80.2,Desktop
2675,730,48,2025-04-16,2025,4,56.7,46.5,Desktop
2676,185,35,2023-08-26,2023,8,41.9,46.0,Mobile
2677,521,39,2024-07-10,2024,7,42.4,46.1,Desktop
2678,86,22,2024-06-21,2024,6,91.1,72.9,Laptop
2679,268,22,2024-07-16,2024,7,58.2,46.6,Smart TV
2680,46,28,2024-05-17,2024,5,116.9,86.6,Smart TV
2681,144,15,2024-12-16,2024,12,88.3,77.5,Desktop
2682,152,40,2024-03-28,2024,3,56.6,39.3,Desktop
2683,83,48,2025-02-17,2025,2,74.3,60.9,Smart TV
2684,698,18,2023-12-12,2023,12,41.0,32.5,Mobile
2685,799,2,2025-03-04,2025,3,97.7,78.8,Mobile
2686,884,47,2023-02-01,2023,2,48.3,40.9,Smart TV
2687,776,48,2025-04-07,2025,4,94.7,77.6,Mobile
2688,85,45,2023-07-14,2023,7,78.4,70.0,Mobile
2689,450,35,2024-10-25,2024,10,65.9,72.4,Desktop
2690,27,47,2023-06-03,2023,6,113.6,96.3,Laptop
2691,389,44,2023-04-28,2023,4,126.5,84.3,Desktop
2692,662,19,2025-02-09,2025,2,69.6,59.0,Smart TV
2693,88,35,2025-04-12,2025,4,60.8,66.8,Desktop
2694,489,19,2024-05-17,2024,5,85.1,72.1,Mobile
2695,155,12,2025-04-24,2025,4,99.6,83.0,Desktop
2696,637,3,2023-11-18,2023,11,91.4,64.4,Mobile
2697,520,28,2024-04-23,2024,4,42.8,31.7,Desktop
2698,51,1,2024-11-08,2024,11,67.1,56.9,Smart TV
2699,387,23,2024-10-13,2024,10,69.6,62.1,Laptop
2700,742,34,2023-10-09,2023,10,85.5,72.5,Tablet
2701,387,37,2023-05-06,2023,5,69.8,55.0,Smart TV
2702,817,18,2024-06-07,2024,6,68.5,54.4,Laptop
2703,379,43,2023-02-20,2023,2,63.0,63.6,Smart TV
2704,804,37,2024-01-20,2024,1,103.6,81.6,Desktop
2705,732,3,2024-10-02,2024,10,98.5,69.4,Tablet
2706,213,16,2024-02-25,2024,2,74.5,76.0,Desktop
2707,572,30,2024-09-24,2024,9,71.8,63.0,Mobile
2708,791,40,2025-03-08,2025,3,111.6,77.5,Desktop
2709,190,9,2023-03-08,2023,3,48.4,37.8,Mobile
2710,951,8,2024-02-06,2024,2,57.3,61.0,Desktop
2711,938,34,2025-01-26,2025,1,29.6,25.1,Laptop
2712,986,42,2023-07-01,2023,7,80.7,73.4,Tablet
2713,511,16,2024-06-12,2024,6,50.7,51.7,Smart TV
2714,542,42,2023-03-07,2023,3,72.2,65.6,Smart TV
2715,159,44,2023-03-09,2023,3,70.7,47.1,Tablet
2716,634,44,2023-10-30,2023,10,122.1,81.4,Desktop
2717,586,42,2024-11-16,2024,11,86.8,78.9,Laptop
2718,418,20,2023-06-12,2023,6,68.6,78.0,Smart TV
2719,378,47,2025-01-12,2025,1,102.0,86.4,Tablet
2720,220,7,2023-11-14,2023,11,121.0,93.1,Laptop
2721,85,30,2023-02-11,2023,2,97.4,85.4,Laptop
2722,969,41,2024-02-04,2024,2,57.2,48.5,Laptop
2723,776,19,2023-02-13,2023,2,60.3,51.1,Smart TV
2724,739,44,2024-01-13,2024,1,93.0,62.0,Smart TV
2725,301,13,2025-01-16,2025,1,30.1,33.4,Tablet
2726,316,27,2025-03-22,2025,3,41.7,49.1,Desktop
2727,984,34,2024-06-01,2024,6,106.2,90.0,Mobile
2728,791,15,2025-01-18,2025,1,49.9,43.8,Smart TV
2729,570,45,2024-05-27,2024,5,80.5,71.9,Laptop
2730,340,47,2023-05-18,2023,5,81.7,69.2,Mobile
2731,690,45,2023-12-15,2023,12,38.1,34.0,Mobile
2732,874,19,2023-09-02,2023,9,62.1,52.6,Smart TV
2733,214,49,2025-04-23,2025,4,78.8,63.0,Desktop
2734,264,38,2023-11-19,2023,11,107.6,88.2,Mobile
2735,405,47,2023-08-16,2023,8,100.1,84.8,Mobile
2736,93,7,2024-12-29,2024,12,98.7,75.9,Desktop
2737,478,47,2025-03-17,2025,3,53.6,45.4,Mobile
2738,622,13,2023-09-04,2023,9,58.7,65.2,Smart TV
2739,505,14,2023-05-18,2023,5,97.5,65.9,Laptop
2740,232,3,2024-02-21,2024,2,123.3,86.8,Mobile
2741,980,6,2025-02-07,2025,2,87.9,76.4,Desktop
2742,509,49,2023-12-02,2023,12,121.0,96.8,Mobile
2743,473,33,2024-02-21,2024,2,96.1,83.6,Desktop
2744,914,1,2023-01-11,2023,1,105.8,89.7,Smart TV
2745,841,2,2025-04-10,2025,4,40.2,32.4,Mobile
2746,343,27,2023-04-25,2023,4,64.0,75.3,Desktop
2747,947,1,2023-09-08,2023,9,94.2,79.8,Laptop
2748,484,41,2024-12-20,2024,12,83.7,70.9,Laptop
2749,843,39,2023-05-03,2023,5,73.7,80.1,Mobile
2750,904,40,2024-11-27,2024,11,76.8,53.3,Laptop
2751,625,23,2023-05-18,2023,5,98.9,88.3,Mobile
2752,319,39,2023-03-14,2023,3,71.2,77.4,Desktop
2753,294,7,2024-07-06,2024,7,76.7,59.0,Smart TV
2754,407,34,2024-05-03,2024,5,73.4,62.2,Mobile
2755,601,9,2025-02-13,2025,2,125.6,98.1,Smart TV
2756,175,47,2023-06-11,2023,6,108.1,91.6,Desktop
2757,617,33,2023-06-01,2023,6,45.5,39.6,Tablet
2758,282,22,2023-12-12,2023,12,83.2,66.6,Mobile
2759,262,3,2024-12-13,2024,12,116.9,82.3,Laptop
2760,134,34,2024-07-02,2024,7,77.9,66.0,Mobile
2761,850,24,2024-10-07,2024,10,30.5,30.5,Laptop
2762,244,32,2024-02-09,2024,2,94.1,67.2,Mobile
2763,532,45,2023-04-09,2023,4,50.0,44.6,Smart TV
2764,437,2,2023-02-13,2023,2,113.8,91.8,Mobile
2765,533,14,2024-01-05,2024,1,96.3,65.1,Desktop
2766,91,49,2023-01-28,2023,1,81.0,64.8,Tablet
2767,75,21,2025-02-02,2025,2,61.8,53.3,Smart TV
2768,787,14,2023-09-18,2023,9,131.6,88.9,Laptop
2769,54,28,2024-06-05,2024,6,99.2,73.5,Tablet
2770,586,7,2024-05-12,2024,5,100.2,77.1,Tablet
2771,435,49,2024-07-28,2024,7,97.4,77.9,Smart TV
2772,637,14,2024-06-21,2024,6,127.0,85.8,Laptop
2773,768,3,2023-04-29,2023,4,78.8,55.5,Desktop
2774,6,34,2024-04-03,2024,4,98.8,83.7,Laptop
2775,306,16,2024-05-03,2024,5,85.5,87.2,Desktop
2776,755,34,2023-05-20,2023,5,77.9,66.0,Smart TV
2777,240,42,2024-01-19,2024,1,84.2,76.5,Mobile
2778,55,7,2024-11-14,2024,11,83.1,63.9,Mobile
2779,621,4,2024-06-03,2024,6,70.2,63.8,Desktop
2780,595,46,2023-03-08,2023,3,42.9,48.8,Smart TV
2781,958,2,2025-01-01,2025,1,121.0,97.6,Laptop
2782,597,11,2024-02-17,2024,2,109.2,82.7,Desktop
2783,639,41,2024-03-06,2024,3,98.1,83.1,Desktop
2784,828,25,2025-03-10,2025,3,113.7,78.4,Desktop
2785,658,39,2025-02-16,2025,2,63.9,69.5,Tablet
2786,92,34,2023-10-30,2023,10,56.0,47.5,Laptop
2787,594,25,2024-10-14,2024,10,134.0,92.4,Smart TV
2788,151,22,2024-08-01,2024,8,53.9,43.1,Mobile
2789,791,33,2023-11-14,2023,11,85.6,74.4,Smart TV
2790,977,12,2023-07-14,2023,7,52.4,43.7,Smart TV
2791,302,10,2025-03-05,2025,3,95.8,93.9,Tablet
2792,578,36,2023-02-26,2023,2,83.3,66.1,Mobile
2793,572,31,2023-06-08,2023,6,62.9,65.5,Mobile
2794,469,49,2024-03-03,2024,3,117.8,94.2,Mobile
2795,658,29,2023-06-28,2023,6,92.3,82.4,Laptop
2796,576,47,2023-08-22,2023,8,85.0,72.0,Smart TV
2797,334,43,2024-11-09,2024,11,75.2,76.0,Laptop
2798,666,16,2024-06-16,2024,6,45.9,46.8,Desktop
2799,776,2,2025-04-18,2025,4,118.0,95.2,Mobile
2800,919,23,2024-02-22,2024,2,99.0,88.4,Mobile
2801,146,45,2024-08-02,2024,8,85.5,76.3,Laptop
2802,31,36,2025-04-03,2025,4,109.0,86.5,Smart TV
2803,416,38,2025-02-20,2025,2,77.1,63.2,Smart TV
2804,445,43,2023-09-30,2023,9,41.6,42.0,Desktop
2805,392,37,2024-01-23,2024,1,79.1,62.3,Mobile
2806,946,14,2023-01-16,2023,1,109.5,74.0,Tablet
2807,101,44,2025-04-30,2025,4,119.5,79.7,Smart TV
2808,785,13,2025-04-06,2025,4,56.5,62.8,Mobile
2809,258,13,2025-03-06,2025,3,55.4,61.5,Smart TV
2810,602,20,2024-06-05,2024,6,69.9,79.4,Mobile
2811,853,11,2024-05-04,2024,5,108.9,82.5,Mobile
2812,7,43,2024-06-10,2024,6,66.8,67.5,Tablet
2813,930,25,2023-03-06,2023,3,143.0,98.6,Mobile
2814,854,49,2024-02-01,2024,2,89.0,71.2,Mobile
2815,84,43,2023-07-17,2023,7,84.2,85.1,Laptop
2816,844,2,2023-02-19,2023,2,114.0,91.9,Tablet
2817,541,4,2024-09-18,2024,9,85.9,78.1,Mobile
2818,301,41,2024-09-13,2024,9,46.6,39.5,Laptop
2819,56,30,2024-02-22,2024,2,95.1,83.4,Desktop
2820,201,38,2024-03-29,2024,3,94.9,77.8,Smart TV
2821,52,47,2024-01-13,2024,1,63.6,53.9,Laptop
2822,277,2,2024-05-22,2024,5,84.2,67.9,Desktop
2823,289,26,2023-06-16,2023,6,43.4,37.4,Tablet
2824,907,9,2025-01-13,2025,1,84.2,65.8,Tablet
2825,688,9,2024-09-02,2024,9,59.8,46.7,Mobile
2826,569,6,2025-02-02,2025,2,100.7,87.6,Tablet
2827,945,25,2023-02-18,2023,2,138.3,95.4,Desktop
2828,717,39,2023-03-10,2023,3,43.7,47.5,Tablet
2829,960,34,2024-11-21,2024,11,85.8,72.7,Mobile
2830,994,13,2023-07-23,2023,7,41.0,45.5,Smart TV
2831,978,21,2024-01-02,2024,1,94.0,81.0,Smart TV
2832,208,23,2024-02-15,2024,2,49.1,43.8,Desktop
2833,950,6,2024-04-20,2024,4,31.5,27.4,Smart TV
2834,695,7,2023-03-22,2023,3,98.8,76.0,Mobile
2835,389,8,2023-08-13,2023,8,43.1,45.9,Desktop
2836,686,21,2023-05-16,2023,5,80.4,69.3,Desktop
2837,588,23,2024-01-21,2024,1,50.5,45.1,Smart TV
2838,459,5,2024-11-14,2024,11,49.0,50.0,Desktop
2839,51,47,2023-06-22,2023,6,103.0,87.3,Laptop
2840,49,10,2024-02-10,2024,2,60.3,59.1,Mobile
2841,997,7,2024-03-17,2024,3,75.1,57.8,Mobile
2842,243,29,2023-07-29,2023,7,89.2,79.6,Mobile
2843,408,31,2024-07-01,2024,7,42.0,43.7,Smart TV
2844,927,30,2025-01-28,2025,1,95.9,84.1,Desktop
2845,175,12,2023-03-18,2023,3,34.2,28.5,Smart TV
2846,655,6,2024-05-18,2024,5,102.0,88.7,Desktop
2847,550,12,2023-04-15,2023,4,92.6,77.2,Laptop
2848,532,27,2023-06-25,2023,6,44.1,51.9,Tablet
2849,804,47,2024-12-04,2024,12,89.9,76.2,Smart TV
2850,777,28,2025-04-26,2025,4,73.8,54.7,Desktop
2851,249,8,2024-06-11,2024,6,63.4,67.4,Laptop
2852,419,2,2023-12-13,2023,12,67.6,54.5,Tablet
2853,983,48,2023-01-24,2023,1,86.1,70.6,Desktop
2854,558,47,2024-10-13,2024,10,79.3,67.2,Mobile
2855,465,31,2024-12-17,2024,12,36.3,37.8,Tablet
2856,242,26,2024-06-14,2024,6,97.1,83.7,Smart TV
2857,881,1,2024-01-09,2024,1,98.1,83.1,Tablet
2858,554,10,2023-03-28,2023,3,80.1,78.5,Smart TV
2859,185,15,2024-10-06,2024,10,71.4,62.6,Smart TV
2860,89,26,2024-11-26,2024,11,101.7,87.7,Laptop
2861,16,22,2024-07-06,2024,7,120.4,96.3,Mobile
2862,704,17,2024-02-19,2024,2,89.3,74.4,Mobile
2863,536,42,2025-02-27,2025,2,100.4,91.3,Mobile
2864,585,9,2023-12-02,2023,12,95.1,74.3,Tablet
2865,774,39,2023-02-10,2023,2,56.3,61.2,Laptop
2866,241,28,2024-09-30,2024,9,103.0,76.3,Laptop
2867,803,35,2023-01-17,2023,1,34.1,37.5,Mobile
2868,872,22,2025-03-28,2025,3,41.6,33.3,Desktop
2869,709,47,2023-08-24,2023,8,92.9,78.7,Desktop
2870,444,47,2024-09-04,2024,9,95.7,81.1,Laptop
2871,520,19,2024-10-25,2024,10,54.3,46.0,Desktop
2872,346,48,2024-09-16,2024,9,87.4,71.6,Mobile
2873,663,6,2023-10-18,2023,10,71.9,62.5,Desktop
2874,520,30,2025-04-09,2025,4,94.0,82.5,Mobile
2875,712,42,2024-03-27,2024,3,46.0,41.8,Smart TV
2876,241,35,2024-02-16,2024,2,53.4,58.7,Desktop
2877,788,43,2023-07-11,2023,7,31.4,31.7,Desktop
2878,463,18,2024-01-25,2024,1,105.5,83.7,Desktop
2879,66,47,2024-10-04,2024,10,92.9,78.7,Tablet
2880,507,40,2024-06-28,2024,6,101.7,70.6,Desktop
2881,154,40,2024-08-11,2024,8,129.5,89.9,Desktop
2882,510,46,2023-06-07,2023,6,33.3,37.8,Desktop
2883,591,13,2024-05-20,2024,5,24.7,27.4,Desktop
2884,326,44,2024-06-20,2024,6,32.7,21.8,Smart TV
2885,699,41,2025-03-22,2025,3,65.0,55.1,Mobile
2886,713,18,2023-01-31,2023,1,99.2,78.7,Laptop
2887,774,25,2024-01-26,2024,1,118.2,81.5,Laptop
2888,703,30,2024-08-05,2024,8,38.9,34.1,Mobile
2889,172,18,2024-07-08,2024,7,63.3,50.2,Laptop
2890,873,24,2023-10-02,2023,10,56.1,56.1,Desktop
2891,403,30,2024-08-30,2024,8,74.4,65.3,Smart TV
2892,362,40,2023-10-29,2023,10,73.6,51.1,Smart TV
2893,650,9,2024-11-30,2024,11,92.9,72.6,Desktop
2894,868,18,2025-03-19,2025,3,82.0,65.1,Smart TV
2895,888,13,2024-07-13,2024,7,73.3,81.5,Mobile
2896,349,26,2023-06-18,2023,6,65.9,56.8,Laptop
2897,192,35,2025-02-18,2025,2,81.9,90.0,Tablet
2898,183,22,2024-02-03,2024,2,61.9,49.5,Desktop
2899,176,26,2024-08-26,2024,8,62.5,53.9,Smart TV
2900,352,34,2024-09-14,2024,9,98.9,83.8,Laptop
2901,105,15,2024-05-31,2024,5,49.6,43.5,Tablet
2902,379,24,2023-01-27,2023,1,92.4,92.4,Tablet
2903,532,17,2024-01-31,2024,1,110.6,92.2,Desktop
2904,333,2,2024-09-16,2024,9,75.4,60.8,Tablet
2905,792,44,2023-10-22,2023,10,128.2,85.5,Smart TV
2906,8,13,2023-11-10,2023,11,33.2,36.9,Desktop
2907,845,37,2023-03-18,2023,3,115.1,90.6,Mobile
2908,936,31,2024-09-05,2024,9,67.4,70.2,Mobile
2909,204,34,2024-12-22,2024,12,72.8,61.7,Smart TV
2910,276,3,2023-03-30,2023,3,122.3,86.1,Smart TV
2911,404,20,2023-04-01,2023,4,50.7,57.6,Laptop
2912,848,21,2023-07-27,2023,7,50.6,43.6,Smart TV
2913,375,40,2023-08-08,2023,8,122.7,85.2,Tablet
2914,746,34,2023-04-10,2023,4,65.1,55.2,Tablet
2915,459,21,2023-02-16,2023,2,33.8,29.1,Desktop
2916,273,10,2024-12-14,2024,12,88.9,87.2,Mobile
2917,291,6,2023-02-06,2023,2,96.0,83.5,Smart TV
2918,468,25,2024-09-22,2024,9,105.1,72.5,Mobile
2919,713,38,2024-06-20,2024,6,84.9,69.6,Mobile
2920,620,47,2023-05-15,2023,5,97.7,82.8,Mobile
2921,279,24,2023-05-13,2023,5,55.0,55.0,Desktop
2922,540,36,2025-02-24,2025,2,78.9,62.6,Smart TV
2923,912,9,2023-12-05,2023,12,94.5,73.8,Tablet
2924,427,4,2023-11-29,2023,11,95.9,87.2,Desktop
2925,519,27,2025-03-22,2025,3,52.2,61.4,Laptop
2926,306,11,2023-05-22,2023,5,93.2,70.6,Laptop
2927,523,22,2025-01-28,2025,1,110.9,88.7,Laptop
2928,555,41,2023-12-14,2023,12,96.4,81.7,Tablet
2929,988,24,2025-03-26,2025,3,87.4,87.4,Desktop
2930,295,12,2024-05-29,2024,5,55.1,45.9,Desktop
2931,933,8,2023-03-26,2023,3,53.0,56.4,Laptop
2932,27,9,2023-01-07,2023,1,112.8,88.1,Mobile
2933,160,20,2024-01-17,2024,1,55.8,63.4,Smart TV
2934,75,16,2023-05-15,2023,5,76.2,77.8,Mobile
2935,819,21,2023-11-21,2023,11,45.2,39.0,Mobile
2936,332,22,2024-05-07,2024,5,41.6,33.3,Smart TV
2937,649,41,2024-03-11,2024,3,87.0,73.7,Smart TV
2938,699,7,2023-10-18,2023,10,77.6,59.7,Desktop
2939,538,40,2024-01-28,2024,1,93.3,64.8,Desktop
2940,734,32,2023-05-28,2023,5,99.4,71.0,Smart TV
2941,434,29,2024-10-14,2024,10,94.1,84.0,Laptop
2942,659,27,2023-06-03,2023,6,32.1,37.8,Desktop
2943,757,46,2023-06-21,2023,6,43.0,48.9,Mobile
2944,539,14,2025-04-04,2025,4,125.8,85.0,Desktop
2945,828,7,2025-01-24,2025,1,60.3,46.4,Mobile
2946,130,13,2024-09-13,2024,9,68.0,75.5,Mobile
2947,642,20,2024-10-01,2024,10,47.3,53.8,Mobile
2948,907,6,2024-06-16,2024,6,64.1,55.7,Laptop
2949,502,11,2023-07-28,2023,7,107.1,81.1,Tablet
2950,354,2,2024-06-29,2024,6,61.1,49.3,Tablet
2951,414,34,2024-12-24,2024,12,48.7,41.3,Tablet
2952,182,12,2023-12-25,2023,12,84.0,70.0,Laptop
2953,267,48,2024-01-07,2024,1,90.4,74.1,Laptop
2954,496,9,2024-01-24,2024,1,62.0,48.4,Desktop
2955,965,3,2023-11-30,2023,11,67.0,47.2,Mobile
2956,524,43,2025-01-29,2025,1,67.9,68.6,Desktop
2957,247,47,2023-04-15,2023,4,76.9,65.2,Desktop
2958,890,12,2025-01-05,2025,1,81.4,67.8,Mobile
2959,661,31,2023-06-29,2023,6,36.6,38.1,Smart TV
2960,204,29,2025-03-17,2025,3,90.8,81.1,Smart TV
2961,949,37,2024-11-02,2024,11,95.2,75.0,Smart TV
2962,980,2,2023-11-30,2023,11,62.9,50.7,Smart TV
2963,591,37,2024-09-21,2024,9,67.8,53.4,Tablet
2964,903,11,2023-04-14,2023,4,107.8,81.7,Laptop
2965,674,38,2023-03-19,2023,3,94.8,77.7,Smart TV
2966,567,36,2023-05-28,2023,5,69.4,55.1,Smart TV
2967,333,42,2024-01-08,2024,1,88.4,80.4,Smart TV
2968,809,37,2024-07-07,2024,7,66.7,52.5,Desktop
2969,963,20,2023-10-01,2023,10,52.1,59.2,Tablet
2970,755,48,2024-05-19,2024,5,65.5,53.7,Tablet
2971,297,16,2023-01-21,2023,1,73.0,74.5,Laptop
2972,887,17,2024-08-14,2024,8,101.9,84.9,Tablet
2973,626,46,2025-01-12,2025,1,69.5,79.0,Desktop
2974,845,38,2024-03-25,2024,3,28.9,23.7,Desktop
2975,179,29,2023-03-13,2023,3,54.9,49.0,Laptop
2976,253,43,2024-09-02,2024,9,68.7,69.4,Desktop
2977,933,32,2025-01-06,2025,1,61.9,44.2,Tablet
2978,725,21,2023-05-22,2023,5,86.9,74.9,Desktop
2979,969,34,2023-09-06,2023,9,54.4,46.1,Mobile
2980,832,44,2025-02-09,2025,2,141.3,94.2,Smart TV
2981,813,24,2024-02-11,2024,2,81.6,81.6,Mobile
2982,562,13,2023-06-27,2023,6,25.5,28.3,Desktop
2983,501,39,2025-04-10,2025,4,72.1,78.4,Desktop
2984,516,33,2024-08-05,2024,8,77.9,67.7,Smart TV
2985,710,48,2025-01-09,2025,1,98.2,80.5,Laptop
2986,684,33,2024-01-01,2024,1,58.6,51.0,Desktop
2987,404,4,2025-03-28,2025,3,94.7,86.1,Mobile
2988,207,2,2023-10-12,2023,10,117.7,94.9,Smart TV
2989,945,25,2024-10-22,2024,10,59.0,40.7,Desktop
2990,876,37,2023-11-25,2023,11,55.8,43.9,Mobile
2991,356,11,2023-08-04,2023,8,115.6,87.6,Desktop
2992,921,6,2023-01-24,2023,1,96.1,83.6,Desktop
2993,172,47,2024-08-23,2024,8,97.2,82.4,Mobile
2994,95,20,2023-07-23,2023,7,58.3,66.2,Desktop
2995,198,4,2024-09-18,2024,9,93.9,85.4,Mobile
2996,591,27,2024-04-26,2024,4,57.5,67.6,Tablet
2997,96,39,2023-04-28,2023,4,26.6,28.9,Smart TV
2998,750,10,2023-04-29,2023,4,53.9,52.8,Mobile
2999,888,44,2024-12-18,2024,12,139.7,93.1,Tablet
3000,478,49,2024-11-07,2024,11,58.6,46.9,Mobile
3001,621,48,2024-11-20,2024,11,50.6,41.5,Mobile
3002,392,26,2023-04-18,2023,4,53.4,46.0,Smart TV
3003,43,8,2024-09-24,2024,9,53.9,57.3,Laptop
3004,678,48,2024-06-25,2024,6,101.1,82.9,Smart TV
3005,203,40,2025-02-03,2025,2,117.5,81.6,Mobile
3006,301,37,2023-07-17,2023,7,85.6,67.4,Laptop
3007,214,35,2023-01-14,2023,1,52.5,57.7,Laptop
3008,796,34,2023-04-17,2023,4,56.5,47.9,Laptop
3009,181,7,2023-04-03,2023,4,76.0,58.5,Desktop
3010,700,26,2024-10-02,2024,10,83.8,72.2,Laptop
3011,881,1,2024-08-13,2024,8,93.0,78.8,Smart TV
3012,154,39,2023-10-21,2023,10,21.4,23.3,Desktop
3013,199,45,2024-01-11,2024,1,109.1,97.4,Laptop
3014,739,25,2025-03-20,2025,3,55.8,38.5,Mobile
3015,825,14,2025-01-02,2025,1,116.8,78.9,Desktop
3016,354,9,2025-03-08,2025,3,102.5,80.1,Tablet
3017,844,2,2025-03-05,2025,3,52.7,42.5,Tablet
3018,122,10,2023-10-10,2023,10,52.5,51.5,Laptop
3019,563,21,2024-07-06,2024,7,73.9,63.7,Laptop
3020,781,9,2023-08-06,2023,8,110.6,86.4,Laptop
3021,965,5,2025-01-30,2025,1,24.6,25.1,Tablet
3022,953,4,2024-03-08,2024,3,49.8,45.3,Desktop
3023,166,31,2023-08-25,2023,8,70.8,73.8,Laptop
3024,62,11,2024-09-05,2024,9,101.4,76.8,Tablet
3025,737,47,2023-03-29,2023,3,79.5,67.4,Desktop
3026,23,27,2023-08-22,2023,8,65.2,76.7,Desktop
3027,666,7,2023-12-17,2023,12,79.0,60.8,Smart TV
3028,848,44,2024-10-08,2024,10,116.7,77.8,Smart TV
3029,719,46,2023-10-20,2023,10,26.7,30.3,Mobile
3030,631,24,2024-02-20,2024,2,92.8,92.8,Desktop
3031,937,41,2024-04-07,2024,4,75.3,63.8,Laptop
3032,638,5,2024-01-15,2024,1,65.9,67.2,Laptop
3033,381,19,2024-03-11,2024,3,101.8,86.3,Smart TV
3034,258,31,2023-04-19,2023,4,44.8,46.7,Laptop
3035,473,28,2023-01-03,2023,1,59.4,44.0,Desktop
3036,61,8,2025-03-27,2025,3,34.9,37.1,Smart TV
3037,28,48,2025-03-22,2025,3,80.9,66.3,Smart TV
3038,103,29,2024-02-13,2024,2,64.8,57.9,Mobile
3039,501,11,2024-03-09,2024,3,94.8,71.8,Desktop
3040,14,34,2023-04-10,2023,4,100.3,85.0,Laptop
3041,459,7,2023-06-01,2023,6,98.2,75.5,Mobile
3042,998,22,2024-12-22,2024,12,47.2,37.8,Mobile
3043,201,33,2023-02-13,2023,2,76.0,66.1,Mobile
3044,253,4,2024-04-18,2024,4,89.0,80.9,Laptop
3045,82,4,2025-04-12,2025,4,96.2,87.5,Laptop
3046,994,34,2023-10-10,2023,10,83.3,70.6,Smart TV
3047,821,26,2023-06-29,2023,6,51.5,44.4,Smart TV
3048,26,2,2024-08-01,2024,8,83.8,67.6,Laptop
3049,545,34,2024-11-23,2024,11,74.3,63.0,Tablet
3050,721,28,2024-09-02,2024,9,76.0,56.3,Mobile
3051,210,8,2024-07-28,2024,7,40.6,43.2,Smart TV
3052,622,26,2023-06-10,2023,6,99.1,85.4,Tablet
3053,945,17,2024-03-23,2024,3,106.2,88.5,Tablet
3054,843,10,2023-03-22,2023,3,64.2,62.9,Mobile
3055,538,16,2025-04-30,2025,4,45.9,46.8,Tablet
3056,20,3,2023-02-28,2023,2,135.0,95.1,Tablet
3057,425,28,2023-04-13,2023,4,81.3,60.2,Laptop
3058,642,38,2023-01-26,2023,1,100.9,82.7,Mobile
3059,52,29,2024-08-25,2024,8,78.7,70.3,Tablet
3060,128,17,2023-02-08,2023,2,36.1,30.1,Laptop
3061,600,16,2024-07-10,2024,7,81.5,83.2,Desktop
3062,70,46,2024-07-30,2024,7,67.3,76.5,Laptop
3063,588,1,2023-11-19,2023,11,66.1,56.0,Mobile
3064,325,12,2023-02-13,2023,2,67.8,56.5,Desktop
3065,514,3,2025-04-07,2025,4,107.1,75.4,Desktop
3066,842,32,2024-02-09,2024,2,117.3,83.8,Desktop
3067,505,41,2023-08-18,2023,8,92.0,78.0,Smart TV
3068,475,38,2024-03-25,2024,3,97.2,79.7,Tablet
3069,392,39,2024-07-23,2024,7,32.4,35.2,Tablet
3070,979,7,2023-06-02,2023,6,69.5,53.5,Laptop
3071,976,4,2024-05-11,2024,5,77.0,70.0,Laptop
3072,255,15,2025-04-30,2025,4,57.1,50.1,Laptop
3073,448,12,2023-08-04,2023,8,98.3,81.9,Desktop
3074,686,38,2024-09-01,2024,9,71.7,58.8,Desktop
3075,934,8,2024-09-17,2024,9,21.3,22.7,Laptop
3076,170,28,2024-11-07,2024,11,63.3,46.9,Smart TV
3077,479,4,2024-06-11,2024,6,75.8,68.9,Desktop
3078,865,11,2023-04-19,2023,4,54.8,41.5,Mobile
3079,862,11,2024-11-07,2024,11,104.0,78.8,Mobile
3080,646,43,2024-10-04,2024,10,56.1,56.7,Desktop
3081,967,6,2023-08-29,2023,8,73.4,63.8,Desktop
3082,586,33,2024-09-01,2024,9,81.9,71.2,Desktop
3083,460,10,2023-04-25,2023,4,41.6,40.8,Tablet
3084,986,2,2025-01-18,2025,1,106.6,86.0,Desktop
3085,641,38,2023-10-24,2023,10,110.7,90.7,Desktop
3086,32,5,2024-07-13,2024,7,77.5,79.1,Laptop
3087,548,9,2023-06-14,2023,6,106.0,82.8,Tablet
3088,970,23,2024-06-18,2024,6,80.3,71.7,Smart TV
3089,585,29,2024-06-03,2024,6,71.8,64.1,Mobile
3090,553,12,2023-03-05,2023,3,102.0,85.0,Laptop
3091,554,3,2024-03-04,2024,3,99.0,69.7,Tablet
3092,683,6,2025-04-28,2025,4,99.2,86.3,Smart TV
3093,390,37,2023-03-29,2023,3,75.6,59.5,Tablet
3094,94,49,2024-10-25,2024,10,98.6,78.9,Smart TV
3095,524,32,2024-11-21,2024,11,119.3,85.2,Laptop
3096,811,11,2024-09-06,2024,9,104.3,79.0,Desktop
3097,926,33,2023-06-04,2023,6,79.5,69.1,Tablet
3098,593,43,2024-05-03,2024,5,78.0,78.8,Mobile
3099,274,3,2024-08-25,2024,8,89.3,62.9,Mobile
3100,265,6,2025-03-20,2025,3,86.2,75.0,Mobile
3101,364,28,2023-02-15,2023,2,95.4,70.7,Desktop
3102,658,16,2023-07-01,2023,7,68.9,70.3,Desktop
3103,572,15,2023-12-08,2023,12,92.7,81.3,Laptop
3104,110,30,2024-08-17,2024,8,96.2,84.4,Tablet
3105,187,19,2024-10-17,2024,10,41.7,35.3,Desktop
3106,949,27,2024-12-19,2024,12,63.8,75.1,Tablet
3107,393,35,2023-09-12,2023,9,75.2,82.6,Tablet
3108,27,18,2024-04-08,2024,4,90.2,71.6,Smart TV
3109,67,29,2023-01-12,2023,1,54.0,48.2,Laptop
3110,105,25,2023-05-26,2023,5,70.8,48.8,Laptop
3111,594,49,2023-09-06,2023,9,106.9,85.5,Tablet
3112,282,35,2024-07-13,2024,7,54.4,59.8,Desktop
3113,984,15,2023-09-30,2023,9,82.9,72.7,Desktop
3114,714,33,2023-08-22,2023,8,88.0,76.5,Tablet
3115,141,17,2024-02-09,2024,2,83.9,69.9,Desktop
3116,456,39,2024-08-12,2024,8,22.4,24.4,Mobile
3117,92,20,2023-03-17,2023,3,65.8,74.8,Desktop
3118,918,49,2025-01-12,2025,1,69.9,55.9,Desktop
3119,656,11,2025-04-20,2025,4,115.8,87.7,Tablet
3120,111,15,2023-08-07,2023,8,79.5,69.7,Tablet
3121,916,1,2023-12-16,2023,12,60.3,51.1,Smart TV
3122,45,17,2023-11-25,2023,11,88.6,73.8,Mobile
3123,411,22,2025-03-09,2025,3,107.1,85.7,Mobile
3124,932,11,2024-01-04,2024,1,118.0,89.4,Laptop
3125,769,20,2024-05-22,2024,5,32.8,37.3,Mobile
3126,440,21,2024-10-27,2024,10,38.0,32.8,Smart TV
3127,714,19,2023-10-08,2023,10,37.9,32.1,Desktop
3128,427,26,2023-03-06,2023,3,80.5,69.4,Tablet
3129,919,48,2023-03-08,2023,3,101.7,83.4,Smart TV
3130,717,17,2024-08-31,2024,8,87.5,72.9,Desktop
3131,646,3,2024-07-13,2024,7,103.7,73.0,Mobile
3132,888,26,2024-04-17,2024,4,99.6,85.9,Smart TV
3133,100,18,2023-03-23,2023,3,85.7,68.0,Tablet
3134,530,7,2025-03-17,2025,3,70.6,54.3,Laptop
3135,638,12,2024-02-08,2024,2,92.5,77.1,Laptop
3136,560,28,2024-09-23,2024,9,106.2,78.7,Desktop
3137,825,16,2024-12-16,2024,12,92.7,94.6,Tablet
3138,714,40,2024-07-16,2024,7,97.8,67.9,Desktop
3139,391,37,2023-11-16,2023,11,101.3,79.8,Mobile
3140,336,22,2024-08-25,2024,8,71.1,56.9,Laptop
3141,823,43,2023-02-20,2023,2,43.6,44.0,Desktop
3142,139,47,2024-09-05,2024,9,93.7,79.4,Mobile
3143,866,44,2025-03-10,2025,3,104.7,69.8,Laptop
3144,253,45,2024-01-26,2024,1,99.1,88.5,Mobile
3145,360,8,2023-03-14,2023,3,52.7,56.1,Mobile
3146,233,39,2024-07-04,2024,7,57.1,62.1,Tablet
3147,213,27,2023-11-18,2023,11,74.3,87.4,Smart TV
3148,103,33,2024-08-16,2024,8,65.3,56.8,Laptop
3149,614,4,2024-01-24,2024,1,77.2,70.2,Mobile
3150,26,39,2024-11-02,2024,11,45.7,49.7,Smart TV
3151,306,34,2024-08-17,2024,8,66.2,56.1,Mobile
3152,301,25,2024-01-20,2024,1,115.4,79.6,Laptop
3153,805,48,2024-07-24,2024,7,93.3,76.5,Tablet
3154,510,27,2023-02-21,2023,2,48.3,56.8,Smart TV
3155,15,20,2023-11-19,2023,11,46.8,53.2,Tablet
3156,349,35,2023-01-30,2023,1,65.7,72.2,Laptop
3157,787,21,2023-08-15,2023,8,59.9,51.6,Desktop
3158,825,39,2023-01-30,2023,1,42.4,46.1,Laptop
3159,265,26,2024-01-26,2024,1,97.2,83.8,Smart TV
3160,789,27,2023-12-11,2023,12,25.2,29.7,Tablet
3161,648,22,2024-09-10,2024,9,95.2,76.2,Smart TV
3162,948,4,2023-01-10,2023,1,88.1,80.1,Tablet
3163,165,12,2023-05-02,2023,5,60.2,50.2,Laptop
3164,186,49,2025-03-28,2025,3,85.6,68.5,Tablet
3165,711,43,2024-04-30,2024,4,59.6,60.2,Smart TV
3166,783,21,2024-09-19,2024,9,44.9,38.7,Mobile
3167,107,6,2023-07-01,2023,7,66.9,58.2,Mobile
3168,95,24,2024-05-30,2024,5,85.1,85.1,Laptop
3169,547,34,2024-10-16,2024,10,76.6,64.9,Mobile
3170,7,49,2024-07-03,2024,7,36.0,28.8,Tablet
3171,603,34,2024-02-10,2024,2,82.6,70.0,Tablet
3172,573,9,2023-07-20,2023,7,112.3,87.7,Smart TV
3173,592,39,2024-01-02,2024,1,66.5,72.3,Mobile
3174,954,18,2024-04-01,2024,4,58.6,46.5,Tablet
3175,812,17,2023-06-18,2023,6,93.1,77.6,Tablet
3176,78,10,2025-01-17,2025,1,44.9,44.0,Smart TV
3177,55,14,2024-06-25,2024,6,83.0,56.1,Tablet
3178,351,15,2024-03-16,2024,3,71.1,62.4,Desktop
3179,748,25,2025-02-09,2025,2,105.3,72.6,Tablet
3180,568,23,2025-04-18,2025,4,86.8,77.5,Laptop
3181,272,33,2023-06-29,2023,6,69.1,60.1,Mobile
3182,688,36,2024-12-12,2024,12,104.0,82.5,Desktop
3183,333,17,2024-01-06,2024,1,101.3,84.4,Laptop
3184,49,3,2024-11-23,2024,11,130.4,91.8,Laptop
3185,313,42,2024-01-12,2024,1,64.3,58.5,Tablet
3186,347,48,2023-05-30,2023,5,106.8,87.5,Mobile
3187,115,9,2023-07-18,2023,7,61.8,48.3,Tablet
3188,293,35,2024-09-21,2024,9,63.3,69.6,Tablet
3189,699,40,2025-01-21,2025,1,122.5,85.1,Mobile
3190,462,29,2025-03-03,2025,3,73.4,65.5,Smart TV
3191,249,43,2023-10-28,2023,10,77.1,77.9,Smart TV
3192,502,11,2023-02-01,2023,2,68.1,51.6,Desktop
3193,552,25,2024-12-02,2024,12,72.1,49.7,Mobile
3194,920,31,2023-12-29,2023,12,77.7,80.9,Desktop
3195,63,5,2024-09-13,2024,9,83.8,85.5,Mobile
3196,262,22,2025-01-01,2025,1,96.9,77.5,Mobile
3197,396,39,2025-03-22,2025,3,47.0,51.1,Desktop
3198,516,10,2023-10-01,2023,10,78.5,77.0,Smart TV
3199,339,15,2023-11-09,2023,11,31.7,27.8,Mobile
3200,528,5,2025-01-02,2025,1,55.9,57.0,Desktop
3201,294,33,2023-03-10,2023,3,99.2,86.3,Laptop
3202,177,18,2023-09-18,2023,9,71.1,56.4,Laptop
3203,268,17,2024-03-13,2024,3,44.0,36.7,Desktop
3204,216,35,2024-01-06,2024,1,53.3,58.6,Desktop
3205,223,29,2024-12-22,2024,12,94.0,83.9,Mobile
3206,16,42,2024-12-03,2024,12,86.0,78.2,Laptop
3207,247,42,2024-09-02,2024,9,49.8,45.3,Desktop
3208,468,33,2024-06-08,2024,6,90.4,78.6,Desktop
3209,753,25,2025-04-03,2025,4,111.5,76.9,Desktop
3210,436,38,2024-06-24,2024,6,87.5,71.7,Smart TV
3211,907,49,2024-12-08,2024,12,94.8,75.8,Laptop
3212,323,31,2024-08-15,2024,8,77.3,80.5,Tablet
3213,108,18,2024-04-05,2024,4,100.2,79.5,Laptop
3214,386,15,2023-02-07,2023,2,96.8,84.9,Desktop
3215,554,48,2024-01-26,2024,1,98.6,80.8,Smart TV
3216,275,9,2023-07-28,2023,7,109.8,85.8,Smart TV
3217,607,29,2023-06-16,2023,6,80.8,72.1,Smart TV
3218,582,7,2023-06-04,2023,6,123.0,94.6,Desktop
3219,512,2,2024-02-06,2024,2,111.8,90.2,Smart TV
3220,967,37,2023-08-04,2023,8,121.3,95.5,Desktop
3221,888,33,2023-02-20,2023,2,92.9,80.8,Desktop
3222,947,14,2023-06-21,2023,6,70.3,47.5,Mobile
3223,836,8,2023-01-16,2023,1,39.0,41.5,Mobile
3224,17,5,2024-12-09,2024,12,56.8,58.0,Tablet
3225,118,3,2023-01-31,2023,1,101.4,71.4,Desktop
3226,688,36,2025-04-01,2025,4,99.9,79.3,Tablet
3227,125,1,2024-07-14,2024,7,48.3,40.9,Laptop
3228,194,24,2024-01-28,2024,1,84.4,84.4,Laptop
3229,64,47,2023-08-29,2023,8,104.9,88.9,Laptop
3230,951,21,2024-10-27,2024,10,64.5,55.6,Mobile
3231,604,33,2025-02-12,2025,2,41.1,35.7,Tablet
3232,283,27,2025-03-12,2025,3,64.9,76.4,Smart TV
3233,200,21,2023-11-13,2023,11,76.7,66.1,Desktop
3234,324,44,2025-03-20,2025,3,63.8,42.5,Mobile
3235,204,47,2025-03-02,2025,3,115.0,97.5,Tablet
3236,856,49,2024-02-18,2024,2,112.5,90.0,Mobile
3237,379,18,2023-12-04,2023,12,116.4,92.4,Desktop
3238,389,29,2023-03-18,2023,3,68.9,61.5,Mobile
3239,447,28,2024-11-15,2024,11,87.8,65.0,Laptop
3240,95,5,2023-01-14,2023,1,53.5,54.6,Laptop
3241,307,6,2024-12-26,2024,12,48.0,41.7,Smart TV
3242,289,1,2025-04-07,2025,4,80.5,68.2,Laptop
3243,103,26,2024-09-20,2024,9,98.8,85.2,Desktop
3244,276,40,2024-04-25,2024,4,50.1,34.8,Desktop
3245,16,24,2025-03-02,2025,3,74.0,74.0,Smart TV
3246,441,27,2024-07-15,2024,7,52.8,62.1,Tablet
3247,548,47,2024-08-04,2024,8,87.6,74.2,Tablet
3248,164,25,2024-09-13,2024,9,99.9,68.9,Mobile
3249,541,15,2024-07-06,2024,7,77.0,67.5,Desktop
3250,533,41,2024-08-02,2024,8,52.9,44.8,Desktop
3251,699,43,2024-10-18,2024,10,69.5,70.2,Desktop
3252,75,24,2023-02-01,2023,2,63.9,63.9,Desktop
3253,440,12,2024-01-07,2024,1,82.3,68.6,Mobile
3254,584,30,2024-01-22,2024,1,35.3,31.0,Desktop
3255,243,9,2023-01-23,2023,1,117.4,91.7,Smart TV
3256,442,45,2025-02-21,2025,2,107.7,96.2,Tablet
3257,870,41,2024-06-18,2024,6,88.3,74.8,Smart TV
3258,390,1,2023-11-06,2023,11,111.9,94.8,Desktop
3259,876,1,2025-02-18,2025,2,108.3,91.8,Desktop
3260,378,9,2023-03-16,2023,3,107.3,83.8,Laptop
3261,344,33,2023-11-18,2023,11,108.3,94.2,Mobile
3262,472,32,2024-04-12,2024,4,82.5,58.9,Mobile
3263,688,48,2023-05-22,2023,5,85.9,70.4,Tablet
3264,617,12,2025-03-13,2025,3,47.6,39.7,Desktop
3265,690,42,2024-07-18,2024,7,52.1,47.4,Mobile
3266,624,46,2024-08-29,2024,8,33.9,38.5,Laptop
3267,182,11,2023-05-25,2023,5,100.3,76.0,Tablet
3268,343,33,2024-08-24,2024,8,45.7,39.7,Mobile
3269,831,46,2023-09-28,2023,9,46.9,53.3,Smart TV
3270,108,36,2023-12-21,2023,12,100.2,79.5,Laptop
3271,498,3,2023-11-23,2023,11,96.0,67.6,Desktop
3272,130,1,2024-08-14,2024,8,55.6,47.1,Laptop
3273,509,1,2024-12-28,2024,12,88.1,74.7,Mobile
3274,65,41,2024-02-13,2024,2,63.5,53.8,Laptop
3275,420,18,2023-02-24,2023,2,86.8,68.9,Smart TV
3276,848,9,2023-10-13,2023,10,110.7,86.5,Tablet
3277,182,33,2023-06-16,2023,6,103.7,90.2,Desktop
3278,336,47,2025-03-17,2025,3,68.7,58.2,Mobile
3279,92,32,2024-06-16,2024,6,109.5,78.2,Desktop
3280,188,11,2024-12-06,2024,12,75.1,56.9,Tablet
3281,247,6,2023-05-20,2023,5,111.8,97.2,Mobile
3282,399,35,2025-03-24,2025,3,18.2,20.0,Mobile
3283,61,23,2024-07-29,2024,7,87.1,77.8,Mobile
3284,94,8,2024-08-11,2024,8,16.0,17.0,Smart TV
3285,865,30,2025-04-06,2025,4,49.9,43.8,Mobile
3286,323,12,2024-03-13,2024,3,48.6,40.5,Mobile
3287,762,24,2023-08-21,2023,8,92.0,92.0,Tablet
3288,55,37,2023-05-20,2023,5,66.3,52.2,Mobile
3289,474,5,2025-04-09,2025,4,49.4,50.4,Mobile
3290,5,31,2023-09-20,2023,9,85.8,89.4,Mobile
3291,899,33,2024-08-10,2024,8,96.5,83.9,Desktop
3292,729,21,2024-12-16,2024,12,68.4,59.0,Smart TV
3293,817,37,2024-06-18,2024,6,88.0,69.3,Desktop
3294,569,37,2023-08-07,2023,8,110.9,87.3,Tablet
3295,353,9,2024-09-01,2024,9,72.4,56.6,Tablet
3296,785,8,2024-02-28,2024,2,31.8,33.8,Desktop
3297,813,47,2024-06-11,2024,6,106.9,90.6,Tablet
3298,208,20,2025-04-10,2025,4,38.9,44.2,Mobile
3299,37,17,2023-12-07,2023,12,42.5,35.4,Laptop
3300,794,36,2024-11-10,2024,11,96.3,76.4,Smart TV
3301,702,12,2023-03-12,2023,3,83.2,69.3,Laptop
3302,219,47,2024-01-04,2024,1,79.9,67.7,Desktop
3303,783,16,2023-12-12,2023,12,85.8,87.6,Smart TV
3304,431,34,2023-03-03,2023,3,77.8,65.9,Laptop
3305,559,28,2023-02-09,2023,2,111.1,82.3,Tablet
3306,199,38,2024-07-15,2024,7,65.5,53.7,Laptop
3307,913,20,2024-07-08,2024,7,54.4,61.8,Smart TV
3308,326,15,2024-01-27,2024,1,102.9,90.3,Laptop
3309,416,9,2024-07-07,2024,7,45.7,35.7,Laptop
3310,55,29,2025-04-15,2025,4,76.3,68.1,Laptop
3311,722,4,2024-02-07,2024,2,69.6,63.3,Desktop
3312,344,23,2023-03-23,2023,3,71.1,63.5,Tablet
3313,164,14,2024-08-01,2024,8,75.2,50.8,Mobile
3314,609,3,2024-07-07,2024,7,129.6,91.3,Laptop
3315,110,3,2024-05-20,2024,5,109.6,77.2,Laptop
3316,749,2,2024-11-13,2024,11,119.8,96.6,Mobile
3317,911,15,2023-04-13,2023,4,105.2,92.3,Mobile
3318,474,33,2024-02-02,2024,2,48.5,42.2,Mobile
3319,146,22,2025-04-04,2025,4,74.0,59.2,Tablet
3320,699,25,2023-02-25,2023,2,115.7,79.8,Smart TV
3321,173,41,2023-01-25,2023,1,77.9,66.0,Desktop
3322,380,15,2023-11-19,2023,11,97.1,85.2,Laptop
3323,716,6,2024-11-29,2024,11,57.8,50.3,Mobile
3324,915,6,2024-11-13,2024,11,53.5,46.5,Tablet
3325,923,21,2025-03-14,2025,3,97.8,84.3,Desktop
3326,366,4,2023-01-11,2023,1,53.6,48.7,Tablet
3327,778,45,2023-02-21,2023,2,45.1,40.3,Mobile
3328,346,14,2025-01-06,2025,1,134.5,90.9,Laptop
3329,990,42,2024-12-03,2024,12,87.7,79.7,Laptop
3330,451,41,2024-09-24,2024,9,73.2,62.0,Tablet
3331,290,3,2024-05-19,2024,5,60.8,42.8,Tablet
3332,722,13,2023-05-13,2023,5,55.7,61.9,Laptop
3333,726,48,2024-08-27,2024,8,96.6,79.2,Mobile
3334,936,15,2024-11-13,2024,11,94.0,82.5,Mobile
3335,50,1,2024-02-07,2024,2,69.3,58.7,Desktop
3336,222,20,2025-03-02,2025,3,38.3,43.5,Desktop
3337,122,1,2023-10-12,2023,10,73.9,62.6,Mobile
3338,900,14,2024-03-14,2024,3,52.4,35.4,Desktop
3339,716,49,2023-10-19,2023,10,47.9,38.3,Desktop
3340,308,41,2024-09-20,2024,9,105.7,89.6,Smart TV
3341,670,22,2024-09-22,2024,9,95.8,76.6,Smart TV
3342,983,35,2024-01-03,2024,1,64.2,70.5,Laptop
3343,703,37,2023-12-15,2023,12,60.5,47.6,Laptop
3344,398,5,2023-02-04,2023,2,84.0,85.7,Desktop
3345,964,37,2023-01-14,2023,1,98.9,77.9,Tablet
3346,585,28,2025-04-24,2025,4,99.1,73.4,Mobile
3347,560,25,2025-01-04,2025,1,98.3,67.8,Laptop
3348,46,45,2023-09-05,2023,9,109.5,97.8,Desktop
3349,274,45,2024-11-27,2024,11,51.0,45.5,Smart TV
3350,679,13,2024-08-06,2024,8,45.0,50.0,Laptop
3351,883,15,2023-01-22,2023,1,27.1,23.8,Tablet
3352,470,25,2025-02-15,2025,2,125.4,86.5,Smart TV
3353,343,21,2023-01-09,2023,1,62.3,53.7,Laptop
3354,849,1,2023-03-16,2023,3,83.3,70.6,Tablet
3355,321,17,2023-05-14,2023,5,106.8,89.0,Smart TV
3356,293,7,2024-04-15,2024,4,94.8,72.9,Smart TV
3357,597,4,2024-10-04,2024,10,56.3,51.2,Desktop
3358,720,10,2023-08-13,2023,8,85.8,84.1,Laptop
3359,339,7,2023-03-13,2023,3,37.6,28.9,Mobile
3360,586,3,2024-10-20,2024,10,126.1,88.8,Tablet
3361,860,44,2023-02-17,2023,2,94.5,63.0,Mobile
3362,653,49,2024-07-07,2024,7,92.2,73.8,Tablet
3363,523,17,2023-09-06,2023,9,34.2,28.5,Mobile
3364,91,25,2024-02-07,2024,2,98.7,68.1,Smart TV
3365,632,1,2023-10-16,2023,10,104.8,88.8,Laptop
3366,981,30,2023-12-09,2023,12,94.2,82.6,Desktop
3367,570,35,2024-04-06,2024,4,57.0,62.6,Smart TV
3368,90,11,2024-08-30,2024,8,108.1,81.9,Tablet
3369,320,11,2024-02-09,2024,2,46.9,35.5,Smart TV
3370,430,43,2025-04-03,2025,4,87.2,88.1,Mobile
3371,906,45,2023-05-25,2023,5,77.1,68.8,Laptop
3372,534,12,2023-03-21,2023,3,67.8,56.5,Tablet
3373,912,2,2024-12-12,2024,12,93.9,75.7,Mobile
3374,930,29,2023-04-28,2023,4,46.7,41.7,Laptop
3375,863,11,2023-08-20,2023,8,106.8,80.9,Desktop
3376,7,12,2023-07-13,2023,7,80.9,67.4,Smart TV
3377,102,42,2025-03-25,2025,3,83.8,76.2,Smart TV
3378,70,23,2024-06-21,2024,6,94.0,83.9,Desktop
3379,587,32,2025-01-10,2025,1,34.6,24.7,Laptop
3380,580,7,2024-03-20,2024,3,56.5,43.5,Mobile
3381,516,28,2023-08-05,2023,8,98.3,72.8,Laptop
3382,564,36,2023-03-25,2023,3,102.8,81.6,Laptop
3383,583,48,2024-04-19,2024,4,97.5,79.9,Tablet
3384,172,46,2024-12-08,2024,12,54.7,62.2,Mobile
3385,726,4,2025-02-07,2025,2,106.7,97.0,Laptop
3386,940,16,2024-05-05,2024,5,71.2,72.7,Desktop
3387,879,14,2023-03-10,2023,3,108.6,73.4,Tablet
3388,624,10,2024-06-04,2024,6,91.3,89.5,Tablet
3389,921,12,2025-04-02,2025,4,85.8,71.5,Laptop
3390,985,20,2023-02-24,2023,2,80.7,91.7,Smart TV
3391,173,47,2025-02-11,2025,2,82.4,69.8,Mobile
3392,56,12,2024-07-18,2024,7,64.0,53.3,Laptop
3393,550,9,2024-10-02,2024,10,116.0,90.6,Smart TV
3394,139,43,2023-06-09,2023,6,37.1,37.5,Mobile
3395,285,18,2024-05-13,2024,5,121.1,96.1,Smart TV
3396,749,9,2025-02-06,2025,2,111.5,87.1,Mobile
3397,68,27,2024-01-04,2024,1,58.3,68.6,Mobile
3398,690,9,2025-01-23,2025,1,98.7,77.1,Mobile
3399,131,3,2024-10-11,2024,10,75.1,52.9,Mobile
3400,284,46,2024-12-13,2024,12,67.1,76.2,Smart TV
3401,735,29,2024-05-24,2024,5,70.8,63.2,Smart TV
3402,713,7,2023-09-07,2023,9,83.2,64.0,Smart TV
3403,43,49,2023-05-14,2023,5,89.0,71.2,Tablet
3404,344,4,2024-02-21,2024,2,61.9,56.3,Smart TV
3405,3,44,2025-04-24,2025,4,56.0,37.3,Desktop
3406,237,29,2024-04-12,2024,4,77.2,68.9,Tablet
3407,925,38,2023-04-09,2023,4,93.2,76.4,Smart TV
3408,136,5,2024-12-01,2024,12,39.6,40.4,Desktop
3409,92,27,2024-11-30,2024,11,57.4,67.5,Mobile
3410,481,20,2024-01-23,2024,1,24.5,27.8,Smart TV
3411,597,48,2024-06-27,2024,6,65.5,53.7,Mobile
3412,270,16,2025-01-29,2025,1,71.6,73.1,Laptop
3413,69,40,2024-02-01,2024,2,93.7,65.1,Smart TV
3414,582,6,2025-03-31,2025,3,100.5,87.4,Mobile
3415,430,32,2023-01-15,2023,1,99.4,71.0,Laptop
3416,416,36,2024-01-13,2024,1,118.3,93.9,Tablet
3417,862,26,2024-04-16,2024,4,107.4,92.6,Mobile
3418,393,15,2024-12-18,2024,12,74.4,65.3,Smart TV
3419,87,37,2024-06-08,2024,6,107.6,84.7,Laptop
3420,371,4,2023-11-07,2023,11,82.5,75.0,Laptop
3421,308,42,2023-02-07,2023,2,74.7,67.9,Tablet
3422,401,13,2024-12-02,2024,12,64.3,71.5,Smart TV
3423,582,27,2023-12-19,2023,12,56.0,65.9,Tablet
3424,172,30,2023-07-14,2023,7,52.3,45.9,Smart TV
3425,395,9,2024-03-20,2024,3,112.8,88.1,Mobile
3426,91,19,2023-05-31,2023,5,66.7,56.5,Tablet
3427,682,9,2025-04-28,2025,4,105.0,82.0,Desktop
3428,713,21,2023-09-30,2023,9,91.9,79.2,Mobile
3429,696,33,2024-06-09,2024,6,89.1,77.5,Mobile
3430,547,48,2024-05-19,2024,5,112.5,92.2,Desktop
3431,974,44,2024-09-24,2024,9,63.9,42.6,Desktop
3432,953,27,2023-06-01,2023,6,58.9,69.3,Mobile
3433,674,39,2024-08-07,2024,8,43.7,47.5,Smart TV
3434,574,22,2025-04-04,2025,4,69.1,55.3,Smart TV
3435,738,19,2024-04-16,2024,4,111.4,94.4,Smart TV
3436,911,24,2024-11-13,2024,11,37.3,37.3,Desktop
3437,242,15,2023-09-09,2023,9,64.8,56.8,Smart TV
3438,973,3,2025-04-08,2025,4,113.5,79.9,Mobile
3439,81,46,2024-01-10,2024,1,53.7,61.0,Tablet
3440,29,24,2025-01-06,2025,1,57.3,57.3,Tablet
3441,798,47,2024-02-04,2024,2,106.2,90.0,Desktop
3442,692,18,2024-05-26,2024,5,77.5,61.5,Tablet
3443,412,38,2024-12-30,2024,12,108.3,88.8,Laptop
3444,740,41,2023-12-10,2023,12,108.6,92.0,Laptop
3445,991,16,2024-03-23,2024,3,62.6,63.9,Tablet
3446,878,18,2024-02-07,2024,2,81.6,64.8,Desktop
3447,796,33,2024-01-27,2024,1,107.3,93.3,Mobile
3448,442,14,2023-10-15,2023,10,67.5,45.6,Smart TV
3449,352,19,2024-01-14,2024,1,36.2,30.7,Mobile
3450,587,22,2024-09-25,2024,9,112.5,90.0,Laptop
3451,521,6,2025-04-14,2025,4,71.5,62.2,Tablet
3452,611,10,2023-11-27,2023,11,85.7,84.0,Laptop
3453,590,25,2024-02-11,2024,2,86.4,59.6,Tablet
3454,187,8,2023-09-03,2023,9,72.7,77.3,Laptop
3455,140,16,2024-01-12,2024,1,81.9,83.6,Desktop
3456,122,18,2023-07-05,2023,7,81.5,64.7,Laptop
3457,54,43,2023-09-29,2023,9,77.4,78.2,Desktop
3458,201,16,2025-03-22,2025,3,87.1,88.9,Tablet
3459,837,8,2023-11-05,2023,11,73.8,78.5,Smart TV
3460,736,4,2024-04-08,2024,4,81.7,74.3,Smart TV
3461,674,30,2023-08-20,2023,8,49.4,43.3,Mobile
3462,31,35,2024-10-23,2024,10,33.8,37.1,Desktop
3463,842,23,2023-06-21,2023,6,52.9,47.2,Mobile
3464,82,24,2025-01-17,2025,1,73.4,73.4,Mobile
3465,939,36,2023-10-15,2023,10,76.5,60.7,Smart TV
3466,372,43,2023-10-14,2023,10,81.2,82.0,Smart TV
3467,444,33,2025-03-27,2025,3,79.2,68.9,Laptop
3468,865,44,2024-10-28,2024,10,132.8,88.5,Tablet
3469,50,8,2024-05-24,2024,5,80.7,85.8,Mobile
3470,709,34,2024-02-25,2024,2,99.6,84.4,Smart TV
3471,228,29,2024-04-18,2024,4,76.7,68.5,Desktop
3472,441,26,2024-11-29,2024,11,70.8,61.0,Smart TV
3473,200,30,2023-01-04,2023,1,50.3,44.1,Mobile
3474,662,3,2025-02-20,2025,2,109.6,77.2,Laptop
3475,835,10,2025-04-13,2025,4,69.2,67.8,Desktop
3476,65,2,2024-01-12,2024,1,75.8,61.1,Desktop
3477,675,3,2023-02-07,2023,2,44.7,31.5,Smart TV
3478,496,44,2023-07-02,2023,7,122.4,81.6,Mobile
3479,317,12,2023-11-24,2023,11,82.9,69.1,Smart TV
3480,123,28,2023-01-28,2023,1,102.7,76.1,Smart TV
3481,991,37,2024-12-09,2024,12,106.9,84.2,Smart TV
3482,782,26,2024-06-25,2024,6,98.3,84.7,Mobile
3483,507,11,2023-02-05,2023,2,68.8,52.1,Smart TV
3484,388,40,2023-12-21,2023,12,90.3,62.7,Smart TV
3485,531,26,2023-06-30,2023,6,103.7,89.4,Mobile
3486,616,42,2023-07-10,2023,7,82.2,74.7,Tablet
3487,803,16,2023-12-19,2023,12,44.9,45.8,Laptop
3488,990,40,2023-12-27,2023,12,123.3,85.6,Smart TV
3489,932,16,2023-06-01,2023,6,48.6,49.6,Tablet
3490,233,45,2024-09-22,2024,9,57.6,51.4,Desktop
3491,618,39,2023-06-28,2023,6,48.9,53.1,Tablet
3492,708,45,2025-04-28,2025,4,99.3,88.7,Smart TV
3493,801,23,2023-08-19,2023,8,51.4,45.9,Tablet
3494,438,6,2024-06-03,2024,6,72.1,62.7,Mobile
3495,481,26,2023-04-04,2023,4,103.8,89.5,Desktop
3496,1000,30,2023-02-16,2023,2,81.6,71.6,Tablet
3497,622,32,2025-03-17,2025,3,130.2,93.0,Desktop
3498,827,11,2025-04-29,2025,4,114.4,86.7,Tablet
3499,40,7,2023-01-15,2023,1,91.7,70.5,Smart TV
3500,406,7,2023-12-29,2023,12,101.3,77.9,Desktop
3501,228,36,2024-11-25,2024,11,93.2,74.0,Smart TV
3502,724,6,2024-05-19,2024,5,90.7,78.9,Tablet
3503,946,46,2025-02-19,2025,2,67.4,76.6,Tablet
3504,490,13,2023-11-29,2023,11,42.7,47.4,Smart TV
3505,215,14,2024-12-08,2024,12,141.2,95.4,Smart TV
3506,976,11,2024-12-30,2024,12,94.2,71.4,Mobile
3507,773,39,2023-10-27,2023,10,36.6,39.8,Desktop
3508,687,48,2024-08-02,2024,8,58.9,48.3,Smart TV
3509,183,47,2023-12-29,2023,12,77.8,65.9,Tablet
3510,188,40,2023-12-12,2023,12,76.5,53.1,Mobile
3511,922,25,2023-09-06,2023,9,124.4,85.8,Tablet
3512,886,16,2023-03-10,2023,3,85.1,86.8,Mobile
3513,545,4,2023-10-06,2023,10,71.9,65.4,Tablet
3514,283,7,2025-04-27,2025,4,71.6,55.1,Tablet
3515,686,21,2023-08-23,2023,8,100.8,86.9,Laptop
3516,791,8,2024-10-30,2024,10,37.0,39.4,Mobile
3517,226,25,2023-06-28,2023,6,95.3,65.7,Mobile
3518,521,19,2024-11-10,2024,11,77.4,65.6,Desktop
3519,849,47,2024-04-29,2024,4,92.5,78.4,Tablet
3520,65,21,2025-01-18,2025,1,67.2,57.9,Tablet
3521,47,24,2023-11-23,2023,11,56.2,56.2,Mobile
3522,819,12,2024-10-03,2024,10,94.3,78.6,Laptop
3523,89,28,2025-01-07,2025,1,77.4,57.3,Mobile
3524,580,44,2023-12-17,2023,12,92.1,61.4,Laptop
3525,18,37,2024-11-17,2024,11,53.1,41.8,Tablet
3526,607,14,2024-08-28,2024,8,90.1,60.9,Desktop
3527,509,23,2025-04-04,2025,4,57.1,51.0,Tablet
3528,823,1,2025-04-10,2025,4,55.1,46.7,Laptop
3529,173,28,2023-06-12,2023,6,106.5,78.9,Mobile
3530,638,42,2024-05-23,2024,5,46.6,42.4,Mobile
3531,154,20,2023-03-17,2023,3,55.3,62.8,Tablet
3532,928,40,2024-02-18,2024,2,99.5,69.1,Desktop
3533,663,30,2024-02-20,2024,2,38.4,33.7,Desktop
3534,486,14,2023-03-17,2023,3,73.0,49.3,Tablet
3535,915,31,2023-08-25,2023,8,38.8,40.4,Desktop
3536,789,12,2023-05-16,2023,5,81.2,67.7,Tablet
3537,692,49,2023-01-29,2023,1,86.1,68.9,Laptop
3538,713,37,2024-06-27,2024,6,92.3,72.7,Tablet
3539,665,35,2024-03-06,2024,3,68.6,75.4,Smart TV
3540,964,41,2024-12-02,2024,12,87.9,74.5,Laptop
3541,208,8,2024-09-09,2024,9,67.2,71.5,Laptop
3542,317,13,2023-02-01,2023,2,60.2,66.9,Desktop
3543,653,22,2023-07-06,2023,7,68.5,54.8,Smart TV
3544,47,11,2023-05-04,2023,5,99.3,75.2,Laptop
3545,863,2,2025-03-04,2025,3,77.6,62.6,Tablet
3546,279,19,2024-07-30,2024,7,91.7,77.7,Laptop
3547,492,1,2024-12-29,2024,12,42.6,36.1,Smart TV
3548,431,36,2024-04-20,2024,4,82.4,65.4,Laptop
3549,558,43,2025-02-19,2025,2,66.9,67.6,Tablet
3550,305,37,2024-04-03,2024,4,95.9,75.5,Laptop
3551,907,6,2024-03-05,2024,3,97.9,85.1,Tablet
3552,912,23,2024-03-12,2024,3,89.5,79.9,Mobile
3553,264,22,2023-02-03,2023,2,38.6,30.9,Smart TV
3554,362,21,2024-12-16,2024,12,62.5,53.9,Smart TV
3555,39,38,2025-01-26,2025,1,79.1,64.8,Laptop
3556,579,28,2024-09-23,2024,9,69.0,51.1,Tablet
3557,452,6,2023-04-23,2023,4,101.3,88.1,Desktop
3558,666,23,2023-05-21,2023,5,83.3,74.4,Tablet
3559,229,21,2023-07-30,2023,7,41.9,36.1,Laptop
3560,608,30,2025-01-06,2025,1,30.1,26.4,Laptop
3561,359,8,2023-06-15,2023,6,54.5,58.0,Smart TV
3562,437,20,2023-08-29,2023,8,67.1,76.2,Desktop
3563,297,34,2024-09-27,2024,9,102.2,86.6,Desktop
3564,782,22,2024-09-18,2024,9,81.5,65.2,Laptop
3565,424,43,2024-03-21,2024,3,55.3,55.9,Laptop
3566,772,17,2023-10-27,2023,10,98.8,82.3,Laptop
3567,727,17,2025-03-15,2025,3,47.4,39.5,Laptop
3568,627,8,2024-02-10,2024,2,60.3,64.1,Smart TV
3569,772,39,2023-09-06,2023,9,76.8,83.5,Laptop
3570,283,38,2024-04-06,2024,4,71.4,58.5,Desktop
3571,903,18,2024-02-24,2024,2,71.8,57.0,Desktop
3572,778,44,2024-11-04,2024,11,120.5,80.3,Smart TV
3573,150,15,2023-02-18,2023,2,86.1,75.5,Desktop
3574,431,9,2024-09-11,2024,9,104.1,81.3,Smart TV
3575,590,43,2025-04-17,2025,4,72.0,72.7,Desktop
3576,597,18,2023-04-13,2023,4,70.6,56.0,Mobile
3577,991,1,2025-02-17,2025,2,87.9,74.5,Smart TV
3578,63,45,2023-06-27,2023,6,49.8,44.5,Tablet
3579,780,3,2024-05-05,2024,5,86.9,61.2,Desktop
3580,357,13,2023-10-21,2023,10,65.1,72.3,Laptop
3581,345,31,2025-03-30,2025,3,72.2,75.2,Smart TV
3582,39,16,2023-01-11,2023,1,34.2,34.9,Laptop
3583,581,28,2023-11-08,2023,11,87.1,64.5,Mobile
3584,152,47,2024-09-17,2024,9,63.8,54.1,Mobile
3585,843,2,2023-05-25,2023,5,110.2,88.9,Laptop
3586,110,9,2025-03-08,2025,3,56.8,44.4,Tablet
3587,342,26,2023-12-31,2023,12,84.0,72.4,Desktop
3588,402,13,2023-12-05,2023,12,58.6,65.1,Tablet
3589,987,1,2024-07-22,2024,7,108.0,91.5,Mobile
3590,945,37,2024-09-16,2024,9,68.2,53.7,Mobile
3591,268,46,2024-01-05,2024,1,37.4,42.5,Laptop
3592,407,25,2023-08-15,2023,8,59.5,41.0,Smart TV
3593,957,35,2024-07-17,2024,7,71.3,78.4,Laptop
3594,912,12,2023-07-15,2023,7,102.8,85.7,Smart TV
3595,956,43,2025-01-28,2025,1,46.1,46.6,Smart TV
3596,200,20,2024-04-13,2024,4,41.9,47.6,Smart TV
3597,672,7,2023-01-20,2023,1,77.5,59.6,Tablet
3598,732,38,2024-03-01,2024,3,86.9,71.2,Tablet
3599,801,35,2023-01-29,2023,1,66.1,72.6,Laptop
3600,728,46,2023-05-25,2023,5,42.7,48.5,Desktop
3601,983,4,2023-06-06,2023,6,97.1,88.3,Mobile
3602,663,43,2024-05-13,2024,5,67.0,67.7,Laptop
3603,66,30,2023-09-27,2023,9,58.5,51.3,Mobile
3604,310,14,2023-11-23,2023,11,55.4,37.4,Smart TV
3605,550,24,2023-02-18,2023,2,49.1,49.1,Desktop
3606,625,18,2024-03-08,2024,3,82.0,65.1,Smart TV
3607,460,49,2023-12-11,2023,12,102.0,81.6,Smart TV
3608,204,13,2023-05-17,2023,5,35.8,39.8,Smart TV
3609,10,9,2023-01-17,2023,1,59.4,46.4,Tablet
3610,588,7,2023-08-09,2023,8,68.4,52.6,Mobile
3611,236,2,2023-08-13,2023,8,64.5,52.0,Tablet
3612,480,29,2023-03-11,2023,3,91.6,81.8,Mobile
3613,687,28,2025-03-13,2025,3,92.7,68.7,Mobile
3614,449,28,2023-05-26,2023,5,112.7,83.5,Desktop
3615,625,23,2025-02-07,2025,2,95.3,85.1,Smart TV
3616,921,48,2023-02-28,2023,2,61.0,50.0,Laptop
3617,216,4,2023-03-22,2023,3,100.8,91.6,Smart TV
3618,933,15,2025-01-22,2025,1,85.5,75.0,Laptop
3619,836,32,2023-06-24,2023,6,77.0,55.0,Smart TV
3620,278,46,2025-03-22,2025,3,33.0,37.5,Laptop
3621,470,5,2025-03-29,2025,3,68.7,70.1,Mobile
3622,94,30,2025-01-04,2025,1,56.0,49.1,Smart TV
3623,678,9,2023-10-27,2023,10,46.7,36.5,Laptop
3624,60,29,2025-04-13,2025,4,98.4,87.9,Tablet
3625,939,17,2024-11-07,2024,11,105.8,88.2,Tablet
3626,748,7,2024-05-02,2024,5,101.1,77.8,Tablet
3627,329,17,2024-02-28,2024,2,52.2,43.5,Desktop
3628,959,12,2023-09-28,2023,9,43.3,36.1,Laptop
3629,656,35,2023-08-21,2023,8,73.9,81.2,Smart TV
3630,808,44,2024-04-25,2024,4,115.8,77.2,Laptop
3631,518,5,2023-07-04,2023,7,62.6,63.9,Desktop
3632,801,45,2023-12-18,2023,12,72.6,64.8,Desktop
3633,289,46,2023-09-18,2023,9,61.0,69.3,Smart TV
3634,970,16,2024-05-12,2024,5,54.9,56.0,Smart TV
3635,463,37,2025-02-26,2025,2,116.2,91.5,Smart TV
3636,103,9,2023-03-28,2023,3,52.6,41.1,Mobile
3637,123,34,2024-04-13,2024,4,110.4,93.6,Mobile
3638,242,45,2023-12-21,2023,12,106.8,95.4,Desktop
3639,426,48,2024-09-20,2024,9,44.0,36.1,Mobile
3640,466,4,2025-04-24,2025,4,77.2,70.2,Mobile
3641,818,41,2023-08-19,2023,8,89.4,75.8,Laptop
3642,107,38,2024-09-26,2024,9,93.6,76.7,Laptop
3643,183,39,2023-11-22,2023,11,73.0,79.3,Mobile
3644,506,7,2023-06-26,2023,6,65.3,50.2,Tablet
3645,969,25,2025-02-05,2025,2,81.8,56.4,Smart TV
3646,571,30,2023-07-06,2023,7,56.1,49.2,Laptop
3647,878,19,2023-06-03,2023,6,55.9,47.4,Tablet
3648,181,25,2024-11-26,2024,11,88.2,60.8,Laptop
3649,606,42,2024-01-27,2024,1,95.3,86.6,Smart TV
3650,931,13,2025-01-27,2025,1,61.0,67.8,Smart TV
3651,208,19,2023-10-29,2023,10,70.3,59.6,Mobile
3652,313,33,2024-06-15,2024,6,81.5,70.9,Desktop
3653,595,22,2023-01-13,2023,1,71.9,57.5,Mobile
3654,824,11,2023-01-11,2023,1,114.8,87.0,Desktop
3655,700,25,2025-02-23,2025,2,103.5,71.4,Laptop
3656,74,40,2025-02-23,2025,2,126.4,87.8,Smart TV
3657,807,44,2024-04-03,2024,4,106.2,70.8,Desktop
3658,719,12,2024-02-11,2024,2,80.5,67.1,Smart TV
3659,164,39,2025-01-28,2025,1,41.9,45.5,Smart TV
3660,464,32,2024-04-30,2024,4,85.0,60.7,Smart TV
3661,164,23,2024-08-03,2024,8,54.1,48.3,Tablet
3662,83,26,2023-12-24,2023,12,84.8,73.1,Smart TV
3663,829,39,2023-05-18,2023,5,49.1,53.4,Smart TV
3664,155,38,2023-10-20,2023,10,54.5,44.7,Laptop
3665,947,27,2023-08-12,2023,8,54.1,63.6,Laptop
3666,776,43,2024-12-18,2024,12,74.2,75.0,Smart TV
3667,447,16,2024-04-19,2024,4,77.4,79.0,Smart TV
3668,662,27,2023-06-26,2023,6,58.8,69.2,Smart TV
3669,44,28,2024-01-22,2024,1,53.9,39.9,Laptop
3670,639,33,2023-01-28,2023,1,89.7,78.0,Desktop
3671,348,7,2023-07-19,2023,7,68.4,52.6,Mobile
3672,229,42,2024-07-05,2024,7,91.2,82.9,Mobile
3673,45,18,2024-08-10,2024,8,91.6,72.7,Smart TV
3674,722,11,2023-03-07,2023,3,112.6,85.3,Mobile
3675,182,10,2023-04-07,2023,4,94.0,92.2,Smart TV
3676,801,5,2024-01-17,2024,1,59.0,60.2,Mobile
3677,729,24,2024-07-05,2024,7,48.3,48.3,Tablet
3678,557,27,2024-07-02,2024,7,46.8,55.1,Mobile
3679,107,49,2024-08-19,2024,8,54.9,43.9,Laptop
3680,269,36,2024-07-04,2024,7,47.1,37.4,Laptop
3681,313,49,2023-05-17,2023,5,107.5,86.0,Mobile
3682,44,25,2023-07-01,2023,7,107.9,74.4,Desktop
3683,938,32,2024-03-28,2024,3,108.6,77.6,Tablet
3684,251,21,2024-06-17,2024,6,71.1,61.3,Tablet
3685,654,26,2023-10-16,2023,10,106.6,91.9,Tablet
3686,767,20,2025-03-04,2025,3,56.1,63.8,Smart TV
3687,223,19,2024-11-05,2024,11,59.7,50.6,Desktop
3688,145,46,2024-03-22,2024,3,36.8,41.8,Smart TV
3689,188,2,2023-11-09,2023,11,99.1,79.9,Mobile
3690,292,11,2024-09-18,2024,9,74.3,56.3,Smart TV
3691,815,8,2023-10-16,2023,10,77.8,82.8,Desktop
3692,792,45,2023-04-25,2023,4,46.6,41.6,Desktop
3693,458,10,2025-04-25,2025,4,84.6,82.9,Desktop
3694,625,39,2024-09-19,2024,9,62.4,67.8,Mobile
3695,668,11,2024-06-10,2024,6,106.0,80.3,Mobile
3696,754,36,2023-01-21,2023,1,46.9,37.2,Tablet
3697,433,27,2023-01-22,2023,1,59.8,70.3,Mobile
3698,64,1,2023-12-23,2023,12,107.7,91.3,Smart TV
3699,553,22,2023-07-18,2023,7,91.5,73.2,Smart TV
3700,894,7,2023-01-04,2023,1,79.2,60.9,Mobile
3701,335,12,2023-10-04,2023,10,66.7,55.6,Desktop
3702,921,16,2024-07-17,2024,7,79.2,80.8,Laptop
3703,567,45,2023-06-15,2023,6,101.4,90.5,Desktop
3704,176,43,2025-03-08,2025,3,73.5,74.2,Desktop
3705,64,4,2024-04-06,2024,4,72.0,65.5,Tablet
3706,168,30,2025-02-13,2025,2,77.1,67.6,Smart TV
3707,879,15,2023-07-01,2023,7,98.4,86.3,Smart TV
3708,904,33,2024-09-16,2024,9,102.0,88.7,Smart TV
3709,220,31,2024-02-22,2024,2,85.5,89.1,Mobile
3710,518,22,2024-10-12,2024,10,55.5,44.4,Desktop
3711,935,49,2025-04-27,2025,4,104.0,83.2,Smart TV
3712,408,30,2023-04-18,2023,4,63.7,55.9,Desktop
3713,313,7,2023-01-01,2023,1,122.6,94.3,Smart TV
3714,159,43,2024-06-01,2024,6,83.3,84.1,Smart TV
3715,922,15,2025-01-04,2025,1,87.0,76.3,Mobile
3716,690,35,2024-06-04,2024,6,40.9,44.9,Smart TV
3717,473,48,2024-09-06,2024,9,99.4,81.5,Mobile
3718,542,31,2023-11-30,2023,11,77.5,80.7,Mobile
3719,416,31,2024-05-19,2024,5,62.2,64.8,Mobile
3720,433,49,2024-10-06,2024,10,101.6,81.3,Desktop
3721,172,1,2024-10-12,2024,10,105.0,89.0,Desktop
3722,536,7,2024-10-31,2024,10,110.5,85.0,Smart TV
3723,789,5,2024-09-28,2024,9,63.0,64.3,Tablet
3724,120,30,2024-05-30,2024,5,91.3,80.1,Laptop
3725,994,38,2024-03-05,2024,3,91.4,74.9,Desktop
3726,659,16,2024-07-08,2024,7,78.4,80.0,Laptop
3727,677,32,2023-07-02,2023,7,114.5,81.8,Mobile
3728,734,47,2023-06-04,2023,6,94.9,80.4,Tablet
3729,378,45,2025-04-21,2025,4,73.5,65.6,Tablet
3730,783,11,2024-09-18,2024,9,115.5,87.5,Desktop
3731,850,7,2023-05-22,2023,5,79.3,61.0,Smart TV
3732,316,40,2024-06-03,2024,6,108.7,75.5,Smart TV
3733,352,21,2023-08-17,2023,8,88.2,76.0,Tablet
3734,644,41,2023-01-10,2023,1,97.9,83.0,Laptop
3735,908,9,2024-08-16,2024,8,111.5,87.1,Mobile
3736,456,18,2024-10-04,2024,10,87.8,69.7,Desktop
3737,422,28,2024-08-27,2024,8,130.0,96.3,Laptop
3738,65,49,2024-03-24,2024,3,93.2,74.6,Tablet
3739,497,2,2024-07-29,2024,7,30.4,24.5,Desktop
3740,469,20,2024-12-03,2024,12,41.3,46.9,Laptop
3741,703,40,2024-08-07,2024,8,84.1,58.4,Laptop
3742,78,33,2023-07-18,2023,7,97.3,84.6,Desktop
3743,868,20,2023-04-26,2023,4,40.6,46.1,Tablet
3744,532,41,2023-12-18,2023,12,62.2,52.7,Desktop
3745,550,35,2023-04-20,2023,4,44.8,49.2,Desktop
3746,547,2,2023-09-29,2023,9,72.9,58.8,Mobile
3747,812,39,2023-06-20,2023,6,55.6,60.4,Tablet
3748,897,1,2023-12-01,2023,12,110.3,93.5,Mobile
3749,856,3,2023-06-17,2023,6,93.0,65.5,Tablet
3750,41,26,2024-02-14,2024,2,68.2,58.8,Desktop
3751,924,4,2023-01-19,2023,1,94.7,86.1,Smart TV
3752,278,35,2023-09-16,2023,9,32.2,35.4,Smart TV
3753,1,36,2024-07-06,2024,7,94.0,74.6,Smart TV
3754,896,43,2025-04-03,2025,4,34.3,34.6,Tablet
3755,313,43,2025-04-14,2025,4,72.3,73.0,Smart TV
3756,634,39,2025-01-24,2025,1,69.0,75.0,Mobile
3757,567,23,2024-03-01,2024,3,107.2,95.7,Smart TV
3758,15,10,2024-04-02,2024,4,85.7,84.0,Mobile
3759,49,1,2023-08-06,2023,8,41.9,35.5,Laptop
3760,738,25,2025-02-17,2025,2,115.1,79.4,Mobile
3761,607,39,2023-12-31,2023,12,21.4,23.3,Laptop
3762,397,19,2023-04-10,2023,4,87.2,73.9,Desktop
3763,197,29,2024-07-08,2024,7,88.3,78.8,Laptop
3764,443,29,2024-08-06,2024,8,40.8,36.4,Tablet
3765,936,47,2023-01-20,2023,1,92.4,78.3,Desktop
3766,484,11,2024-02-29,2024,2,116.0,87.9,Mobile
3767,32,8,2024-10-08,2024,10,53.0,56.4,Mobile
3768,49,15,2023-10-05,2023,10,102.7,90.1,Laptop
3769,973,17,2023-05-15,2023,5,91.1,75.9,Mobile
3770,403,31,2023-10-08,2023,10,75.6,78.8,Tablet
3771,573,26,2025-04-18,2025,4,104.4,90.0,Smart TV
3772,309,3,2024-01-22,2024,1,67.0,47.2,Smart TV
3773,120,21,2023-12-19,2023,12,88.6,76.4,Tablet
3774,894,31,2023-05-21,2023,5,58.1,60.5,Tablet
3775,787,12,2023-07-08,2023,7,109.7,91.4,Smart TV
3776,128,39,2023-01-09,2023,1,40.8,44.4,Laptop
3777,451,2,2023-09-22,2023,9,87.9,70.9,Tablet
3778,923,25,2023-11-07,2023,11,105.8,73.0,Laptop
3779,382,39,2023-08-17,2023,8,47.0,51.1,Mobile
3780,869,15,2024-07-01,2024,7,61.8,54.2,Mobile
3781,501,6,2023-05-21,2023,5,67.5,58.7,Laptop
3782,224,7,2023-06-20,2023,6,104.5,80.4,Desktop
3783,58,1,2025-01-28,2025,1,66.1,56.0,Smart TV
3784,675,12,2023-04-04,2023,4,109.1,90.9,Mobile
3785,952,46,2025-03-08,2025,3,71.6,81.4,Smart TV
3786,649,30,2024-05-21,2024,5,55.4,48.6,Laptop
3787,549,42,2024-07-12,2024,7,89.9,81.7,Desktop
3788,355,36,2023-11-25,2023,11,101.9,80.9,Laptop
3789,568,21,2023-06-25,2023,6,58.8,50.7,Laptop
3790,175,44,2023-12-21,2023,12,70.5,47.0,Laptop
3791,104,26,2023-04-29,2023,4,110.0,94.8,Laptop
3792,501,24,2024-09-21,2024,9,40.9,40.9,Mobile
3793,57,22,2023-02-23,2023,2,90.6,72.5,Mobile
3794,372,20,2024-09-05,2024,9,50.4,57.3,Laptop
3795,276,31,2023-08-24,2023,8,79.8,83.1,Smart TV
3796,366,10,2023-11-01,2023,11,69.1,67.7,Desktop
3797,750,48,2025-01-19,2025,1,72.2,59.2,Tablet
3798,122,23,2024-08-17,2024,8,66.6,59.5,Desktop
3799,471,13,2023-09-24,2023,9,71.6,79.6,Smart TV
3800,38,22,2023-08-25,2023,8,88.0,70.4,Desktop
3801,32,15,2023-07-19,2023,7,51.9,45.5,Smart TV
3802,432,6,2025-03-17,2025,3,44.7,38.9,Smart TV
3803,246,42,2024-06-17,2024,6,99.1,90.1,Smart TV
3804,438,3,2024-06-09,2024,6,99.0,69.7,Desktop
3805,911,12,2025-04-11,2025,4,107.8,89.8,Mobile
3806,362,12,2024-05-06,2024,5,87.8,73.2,Smart TV
3807,10,19,2025-04-27,2025,4,87.0,73.7,Smart TV
3808,324,44,2023-03-06,2023,3,90.6,60.4,Mobile
3809,456,45,2023-11-10,2023,11,74.0,66.1,Smart TV
3810,949,21,2025-01-16,2025,1,63.0,54.3,Desktop
3811,52,7,2024-06-08,2024,6,96.5,74.2,Mobile
3812,365,28,2024-12-03,2024,12,94.4,69.9,Laptop
3813,286,25,2024-05-23,2024,5,59.9,41.3,Tablet
3814,454,48,2024-01-23,2024,1,111.1,91.1,Desktop
3815,829,26,2024-08-25,2024,8,105.6,91.0,Laptop
3816,230,14,2025-04-13,2025,4,96.8,65.4,Desktop
3817,620,37,2023-09-21,2023,9,112.3,88.4,Tablet
3818,269,22,2023-02-23,2023,2,95.4,76.3,Desktop
3819,600,2,2024-12-07,2024,12,42.0,33.9,Mobile
3820,546,39,2024-07-21,2024,7,41.6,45.2,Mobile
3821,545,15,2024-12-01,2024,12,92.0,80.7,Smart TV
3822,98,46,2023-03-29,2023,3,48.8,55.5,Desktop
3823,298,19,2023-06-24,2023,6,92.3,78.2,Tablet
3824,284,48,2024-06-10,2024,6,101.9,83.5,Laptop
3825,635,49,2024-11-17,2024,11,95.8,76.6,Tablet
3826,597,24,2024-03-24,2024,3,49.8,49.8,Laptop
3827,844,32,2023-12-03,2023,12,108.5,77.5,Desktop
3828,357,49,2024-06-16,2024,6,57.0,45.6,Desktop
3829,760,8,2024-08-29,2024,8,36.7,39.0,Tablet
3830,764,38,2024-04-18,2024,4,99.7,81.7,Desktop
3831,677,43,2024-10-08,2024,10,85.2,86.1,Smart TV
3832,307,34,2024-07-07,2024,7,60.4,51.2,Desktop
3833,930,29,2023-03-25,2023,3,77.3,69.0,Laptop
3834,769,38,2024-06-25,2024,6,72.5,59.4,Laptop
3835,948,22,2025-04-10,2025,4,53.4,42.7,Laptop
3836,814,14,2024-03-11,2024,3,104.8,70.8,Smart TV
3837,536,26,2024-06-19,2024,6,50.2,43.3,Smart TV
3838,744,14,2024-10-15,2024,10,48.0,32.4,Desktop
3839,515,22,2025-02-09,2025,2,84.4,67.5,Desktop
3840,117,6,2024-08-14,2024,8,64.1,55.7,Tablet
3841,855,35,2023-03-23,2023,3,73.5,80.8,Desktop
3842,12,2,2025-01-25,2025,1,104.5,84.3,Desktop
3843,646,11,2023-04-18,2023,4,89.9,68.1,Desktop
3844,49,24,2023-11-20,2023,11,47.7,47.7,Tablet
3845,947,28,2024-08-22,2024,8,71.4,52.9,Laptop
3846,92,41,2025-04-28,2025,4,92.5,78.4,Desktop
3847,552,49,2023-01-22,2023,1,103.2,82.6,Tablet
3848,985,48,2023-01-13,2023,1,101.5,83.2,Laptop
3849,200,9,2024-11-20,2024,11,83.6,65.3,Mobile
3850,125,37,2023-09-04,2023,9,106.7,84.0,Mobile
3851,11,16,2024-06-29,2024,6,44.7,45.6,Desktop
3852,486,20,2023-05-18,2023,5,44.4,50.5,Mobile
3853,250,47,2024-03-12,2024,3,41.1,34.8,Mobile
3854,707,34,2023-12-02,2023,12,101.0,85.6,Mobile
3855,877,33,2025-01-04,2025,1,52.1,45.3,Laptop
3856,336,4,2023-05-19,2023,5,65.5,59.5,Tablet
3857,212,26,2023-03-13,2023,3,103.7,89.4,Desktop
3858,509,14,2024-01-24,2024,1,122.5,82.8,Smart TV
3859,937,29,2023-03-22,2023,3,60.0,53.6,Laptop
3860,522,47,2024-09-05,2024,9,77.5,65.7,Smart TV
3861,215,23,2023-09-05,2023,9,94.5,84.4,Mobile
3862,722,1,2024-10-03,2024,10,72.8,61.7,Laptop
3863,999,49,2024-03-16,2024,3,52.1,41.7,Laptop
3864,462,43,2023-09-10,2023,9,40.7,41.1,Laptop
3865,882,25,2025-04-20,2025,4,93.1,64.2,Desktop
3866,500,37,2023-07-10,2023,7,80.1,63.1,Mobile
3867,104,25,2023-10-25,2023,10,80.9,55.8,Desktop
3868,44,43,2023-05-18,2023,5,85.2,86.1,Smart TV
3869,483,32,2023-07-06,2023,7,96.2,68.7,Smart TV
3870,558,39,2024-03-07,2024,3,60.7,66.0,Tablet
3871,5,22,2023-09-13,2023,9,74.0,59.2,Desktop
3872,85,25,2025-04-06,2025,4,81.8,56.4,Mobile
3873,837,46,2024-11-30,2024,11,23.6,26.8,Mobile
3874,639,45,2024-04-17,2024,4,104.2,93.0,Laptop
3875,650,14,2023-12-09,2023,12,107.7,72.8,Laptop
3876,420,17,2023-02-13,2023,2,113.5,94.6,Mobile
3877,39,13,2024-11-16,2024,11,15.5,17.2,Tablet
3878,220,1,2023-09-28,2023,9,55.7,47.2,Tablet
3879,214,28,2023-05-18,2023,5,123.0,91.1,Desktop
3880,894,7,2023-09-27,2023,9,100.6,77.4,Laptop
3881,465,8,2024-06-25,2024,6,42.6,45.3,Laptop
3882,814,14,2023-01-23,2023,1,110.6,74.7,Desktop
3883,817,3,2024-03-04,2024,3,100.4,70.7,Laptop
3884,712,49,2024-11-06,2024,11,108.9,87.1,Mobile
3885,584,12,2023-06-27,2023,6,85.6,71.3,Laptop
3886,962,40,2024-06-05,2024,6,98.8,68.6,Laptop
3887,893,21,2025-02-11,2025,2,108.1,93.2,Mobile
3888,877,46,2023-08-31,2023,8,62.7,71.3,Desktop
3889,767,30,2023-05-20,2023,5,98.5,86.4,Mobile
3890,465,18,2023-07-21,2023,7,38.4,30.5,Tablet
3891,826,36,2024-07-27,2024,7,120.7,95.8,Mobile
3892,776,25,2025-04-20,2025,4,83.4,57.5,Mobile
3893,208,20,2023-08-02,2023,8,62.5,71.0,Mobile
3894,520,32,2023-07-30,2023,7,102.8,73.4,Tablet
3895,668,48,2024-01-03,2024,1,113.7,93.2,Smart TV
3896,750,15,2023-08-08,2023,8,75.1,65.9,Tablet
3897,461,1,2025-04-29,2025,4,66.2,56.1,Smart TV
3898,735,1,2024-09-11,2024,9,33.0,28.0,Mobile
3899,965,23,2023-07-17,2023,7,80.2,71.6,Tablet
3900,993,2,2023-07-10,2023,7,90.8,73.2,Tablet
3901,137,23,2023-09-28,2023,9,94.1,84.0,Mobile
3902,947,17,2023-03-11,2023,3,94.1,78.4,Smart TV
3903,884,15,2023-03-29,2023,3,87.1,76.4,Laptop
3904,462,30,2023-05-18,2023,5,29.9,26.2,Laptop
3905,68,2,2023-02-27,2023,2,99.9,80.6,Tablet
3906,707,38,2024-12-22,2024,12,70.3,57.6,Desktop
3907,221,11,2023-10-05,2023,10,84.3,63.9,Smart TV
3908,861,36,2024-10-20,2024,10,50.1,39.8,Desktop
3909,495,46,2024-09-22,2024,9,74.4,84.6,Smart TV
3910,148,49,2023-10-11,2023,10,91.5,73.2,Tablet
3911,29,38,2025-01-17,2025,1,99.8,81.8,Tablet
3912,155,48,2024-02-04,2024,2,116.5,95.5,Desktop
3913,417,14,2023-07-07,2023,7,74.6,50.4,Mobile
3914,508,20,2025-03-23,2025,3,43.1,49.0,Laptop
3915,853,45,2024-10-23,2024,10,88.7,79.2,Smart TV
3916,430,7,2023-04-21,2023,4,94.5,72.7,Desktop
3917,53,3,2023-07-17,2023,7,85.1,59.9,Desktop
3918,442,7,2024-12-05,2024,12,83.8,64.5,Mobile
3919,487,1,2023-06-02,2023,6,86.5,73.3,Tablet
3920,712,42,2023-06-23,2023,6,40.8,37.1,Smart TV
3921,798,3,2023-02-02,2023,2,107.4,75.6,Smart TV
3922,401,27,2025-01-08,2025,1,53.4,62.8,Smart TV
3923,420,35,2024-08-20,2024,8,47.1,51.8,Tablet
3924,620,21,2023-01-31,2023,1,43.7,37.7,Tablet
3925,250,9,2023-12-08,2023,12,118.7,92.7,Desktop
3926,989,1,2023-01-27,2023,1,99.6,84.4,Smart TV
3927,631,30,2023-04-02,2023,4,58.6,51.4,Mobile
3928,671,29,2023-06-25,2023,6,54.8,48.9,Mobile
3929,210,35,2025-04-12,2025,4,25.3,27.8,Desktop
3930,484,5,2024-11-01,2024,11,38.1,38.9,Mobile
3931,26,17,2023-11-20,2023,11,105.0,87.5,Laptop
3932,762,27,2025-03-22,2025,3,50.6,59.5,Desktop
3933,172,36,2025-04-07,2025,4,122.3,97.1,Mobile
3934,486,1,2024-04-10,2024,4,66.7,56.5,Smart TV
3935,417,4,2023-05-29,2023,5,94.0,85.5,Laptop
3936,301,9,2023-07-08,2023,7,81.0,63.3,Mobile
3937,664,26,2023-01-16,2023,1,55.0,47.4,Smart TV
3938,220,38,2023-10-04,2023,10,100.9,82.7,Smart TV
3939,978,47,2024-11-11,2024,11,96.3,81.6,Desktop
3940,279,20,2025-01-29,2025,1,64.2,73.0,Tablet
3941,905,12,2024-01-20,2024,1,91.9,76.6,Smart TV
3942,691,12,2024-03-06,2024,3,93.4,77.8,Laptop
3943,324,7,2023-08-19,2023,8,117.5,90.4,Tablet
3944,419,6,2024-10-29,2024,10,79.6,69.2,Laptop
3945,738,36,2023-01-25,2023,1,118.6,94.1,Smart TV
3946,277,23,2025-04-27,2025,4,89.6,80.0,Desktop
3947,554,23,2023-04-25,2023,4,72.4,64.6,Smart TV
3948,109,7,2024-08-11,2024,8,102.6,78.9,Laptop
3949,979,35,2024-08-18,2024,8,31.0,34.1,Tablet
3950,554,26,2025-02-14,2025,2,93.4,80.5,Desktop
3951,822,35,2024-02-28,2024,2,56.6,62.2,Desktop
3952,691,27,2023-05-10,2023,5,45.9,54.0,Mobile
3953,930,1,2024-05-27,2024,5,85.3,72.3,Laptop
3954,468,17,2023-01-25,2023,1,85.9,71.6,Smart TV
3955,449,43,2024-07-24,2024,7,93.8,94.7,Desktop
3956,113,37,2023-02-03,2023,2,89.5,70.5,Desktop
3957,867,37,2023-05-14,2023,5,52.2,41.1,Laptop
3958,45,4,2024-02-18,2024,2,82.0,74.5,Desktop
3959,956,13,2024-02-07,2024,2,62.6,69.6,Smart TV
3960,854,13,2025-03-15,2025,3,40.9,45.4,Desktop
3961,276,33,2024-03-23,2024,3,66.1,57.5,Mobile
3962,517,11,2023-05-01,2023,5,71.4,54.1,Desktop
3963,421,21,2023-10-08,2023,10,78.2,67.4,Smart TV
3964,732,1,2023-06-22,2023,6,45.4,38.5,Smart TV
3965,205,48,2025-01-14,2025,1,86.1,70.6,Smart TV
3966,888,1,2024-01-03,2024,1,105.3,89.2,Mobile
3967,900,14,2025-02-18,2025,2,79.5,53.7,Mobile
3968,22,2,2024-07-15,2024,7,89.2,71.9,Smart TV
3969,813,19,2025-01-31,2025,1,95.5,80.9,Tablet
3970,465,16,2024-08-30,2024,8,43.1,44.0,Mobile
3971,4,34,2024-06-17,2024,6,87.9,74.5,Desktop
3972,93,8,2023-09-16,2023,9,68.6,73.0,Mobile
3973,594,6,2024-01-29,2024,1,85.4,74.3,Smart TV
3974,841,16,2023-05-23,2023,5,78.1,79.7,Smart TV
3975,957,30,2025-01-29,2025,1,97.8,85.8,Desktop
3976,968,37,2025-01-14,2025,1,87.5,68.9,Desktop
3977,46,25,2023-01-10,2023,1,106.0,73.1,Laptop
3978,308,35,2023-03-26,2023,3,70.2,77.1,Desktop
3979,436,31,2023-09-22,2023,9,62.3,64.9,Mobile
3980,52,2,2024-09-03,2024,9,105.5,85.1,Desktop
3981,528,18,2024-12-01,2024,12,67.8,53.8,Tablet
3982,122,7,2025-01-10,2025,1,111.7,85.9,Tablet
3983,85,7,2024-06-19,2024,6,114.5,88.1,Laptop
3984,95,43,2024-09-10,2024,9,73.0,73.7,Laptop
3985,711,17,2023-12-04,2023,12,85.3,71.1,Desktop
3986,986,20,2023-06-03,2023,6,37.4,42.5,Laptop
3987,825,43,2023-01-13,2023,1,38.5,38.9,Smart TV
3988,332,49,2023-09-02,2023,9,72.5,58.0,Tablet
3989,31,29,2023-11-26,2023,11,71.9,64.2,Desktop
3990,622,39,2023-09-14,2023,9,72.5,78.8,Laptop
3991,884,26,2024-03-18,2024,3,78.8,67.9,Mobile
3992,98,4,2024-07-17,2024,7,51.5,46.8,Mobile
3993,830,9,2024-12-24,2024,12,106.6,83.3,Mobile
3994,706,33,2023-06-05,2023,6,103.7,90.2,Smart TV
3995,526,29,2024-09-02,2024,9,101.2,90.4,Laptop
3996,992,1,2023-06-02,2023,6,110.0,93.2,Tablet
3997,145,3,2024-06-27,2024,6,88.8,62.5,Mobile
3998,509,17,2024-12-06,2024,12,73.3,61.1,Smart TV
3999,479,15,2025-03-19,2025,3,102.4,89.8,Smart TV
4000,422,20,2023-06-13,2023,6,39.4,44.8,Tablet
4001,18,1,2023-10-29,2023,10,48.7,41.3,Desktop
4002,97,36,2023-05-23,2023,5,92.7,73.6,Laptop
4003,110,36,2023-04-29,2023,4,100.5,79.8,Mobile
4004,644,12,2025-03-16,2025,3,92.8,77.3,Laptop
4005,355,37,2023-01-19,2023,1,74.4,58.6,Tablet
4006,118,3,2023-03-04,2023,3,98.3,69.2,Smart TV
4007,225,4,2023-09-28,2023,9,73.8,67.1,Mobile
4008,56,6,2023-05-11,2023,5,85.1,74.0,Desktop
4009,147,30,2023-03-30,2023,3,36.9,32.4,Smart TV
4010,206,9,2024-08-04,2024,8,104.7,81.8,Tablet
4011,71,23,2023-04-02,2023,4,51.0,45.5,Laptop
4012,970,35,2025-01-02,2025,1,54.2,59.6,Tablet
4013,446,49,2023-11-29,2023,11,67.8,54.2,Laptop
4014,320,25,2025-01-12,2025,1,51.5,35.5,Laptop
4015,671,12,2023-05-28,2023,5,113.9,94.9,Tablet
4016,225,41,2023-11-04,2023,11,76.2,64.6,Mobile
4017,110,40,2023-04-01,2023,4,88.7,61.6,Mobile
4018,375,32,2025-01-06,2025,1,115.1,82.2,Smart TV
4019,988,47,2023-11-13,2023,11,83.3,70.6,Smart TV
4020,266,16,2023-12-25,2023,12,72.4,73.9,Tablet
4021,86,32,2024-02-24,2024,2,101.8,72.7,Smart TV
4022,963,21,2025-02-14,2025,2,49.9,43.0,Smart TV
4023,846,30,2024-11-15,2024,11,105.5,92.5,Tablet
4024,464,1,2024-06-05,2024,6,76.8,65.1,Tablet
4025,721,25,2023-12-26,2023,12,131.9,91.0,Tablet
4026,976,10,2023-05-14,2023,5,59.1,57.9,Mobile
4027,980,40,2024-03-28,2024,3,127.0,88.2,Tablet
4028,873,35,2024-03-28,2024,3,68.9,75.7,Desktop
4029,301,31,2024-04-23,2024,4,82.3,85.7,Smart TV
4030,593,4,2024-10-16,2024,10,58.2,52.9,Mobile
4031,38,27,2023-04-22,2023,4,42.3,49.8,Desktop
4032,495,20,2023-05-30,2023,5,44.4,50.4,Laptop
4033,832,14,2023-11-11,2023,11,54.3,36.7,Tablet
4034,900,48,2025-02-10,2025,2,78.6,64.4,Smart TV
4035,971,8,2023-06-04,2023,6,68.2,72.6,Tablet
4036,864,17,2024-09-11,2024,9,98.4,82.0,Laptop
4037,168,23,2023-09-20,2023,9,83.7,74.7,Smart TV
4038,18,26,2024-11-06,2024,11,92.7,79.9,Laptop
4039,659,6,2025-02-23,2025,2,52.2,45.4,Desktop
4040,505,13,2024-07-13,2024,7,55.0,61.1,Tablet
4041,256,1,2024-11-15,2024,11,79.3,67.2,Laptop
4042,231,22,2024-11-24,2024,11,94.0,75.2,Laptop
4043,513,33,2025-04-05,2025,4,58.1,50.5,Mobile
4044,541,34,2023-10-11,2023,10,88.7,75.2,Tablet
4045,550,2,2024-02-19,2024,2,81.7,65.9,Mobile
4046,356,7,2025-04-16,2025,4,55.8,42.9,Mobile
4047,187,6,2023-06-14,2023,6,97.9,85.1,Laptop
4048,319,13,2024-11-03,2024,11,29.8,33.1,Smart TV
4049,254,2,2023-05-02,2023,5,100.1,80.7,Mobile
4050,319,40,2025-01-31,2025,1,132.9,92.3,Tablet
4051,5,16,2024-05-23,2024,5,46.3,47.2,Desktop
4052,395,4,2023-03-01,2023,3,57.8,52.5,Mobile
4053,716,13,2023-04-18,2023,4,55.7,61.9,Desktop
4054,638,39,2023-02-20,2023,2,67.6,73.5,Mobile
4055,961,1,2023-08-03,2023,8,70.1,59.4,Tablet
4056,833,8,2023-09-04,2023,9,63.6,67.7,Mobile
4057,604,30,2025-02-19,2025,2,89.1,78.2,Tablet
4058,47,48,2023-04-18,2023,4,107.6,88.2,Tablet
4059,906,10,2025-02-17,2025,2,98.1,96.2,Laptop
4060,701,46,2024-09-23,2024,9,79.5,90.3,Desktop
4061,265,7,2024-08-18,2024,8,101.4,78.0,Tablet
4062,842,34,2023-12-03,2023,12,103.1,87.4,Mobile
4063,644,8,2023-03-20,2023,3,53.4,56.8,Smart TV
4064,346,34,2023-06-19,2023,6,95.1,80.6,Mobile
4065,484,11,2024-07-25,2024,7,95.6,72.4,Tablet
4066,536,48,2023-01-04,2023,1,84.8,69.5,Tablet
4067,614,49,2023-02-27,2023,2,101.2,81.0,Tablet
4068,115,27,2023-04-19,2023,4,52.7,62.0,Desktop
4069,114,40,2024-04-26,2024,4,136.2,94.6,Smart TV
4070,133,13,2024-11-24,2024,11,63.8,70.9,Tablet
4071,258,31,2024-05-17,2024,5,80.2,83.5,Desktop
4072,203,32,2023-12-13,2023,12,120.4,86.0,Mobile
4073,459,27,2024-07-27,2024,7,67.6,79.5,Mobile
4074,187,19,2024-07-14,2024,7,34.0,28.8,Desktop
4075,376,23,2024-04-21,2024,4,97.9,87.4,Desktop
4076,33,1,2023-06-23,2023,6,92.3,78.2,Laptop
4077,199,9,2023-08-07,2023,8,112.4,87.8,Smart TV
4078,167,8,2024-02-05,2024,2,68.2,72.5,Tablet
4079,617,43,2025-02-20,2025,2,64.0,64.6,Laptop
4080,868,30,2023-09-23,2023,9,74.7,65.5,Tablet
4081,21,25,2025-03-31,2025,3,98.6,68.0,Laptop
4082,68,28,2024-09-26,2024,9,107.9,79.9,Smart TV
4083,592,24,2024-12-14,2024,12,82.4,82.4,Smart TV
4084,92,21,2023-02-26,2023,2,95.0,81.9,Tablet
4085,917,20,2025-04-23,2025,4,28.2,32.1,Tablet
4086,951,1,2023-08-11,2023,8,61.5,52.1,Mobile
4087,964,42,2024-06-19,2024,6,91.4,83.1,Smart TV
4088,289,14,2024-12-20,2024,12,122.0,82.4,Mobile
4089,635,35,2023-08-16,2023,8,44.6,49.0,Laptop
4090,516,5,2023-08-14,2023,8,48.7,49.7,Mobile
4091,757,28,2024-09-07,2024,9,114.6,84.9,Mobile
4092,834,1,2023-11-20,2023,11,102.7,87.0,Mobile
4093,151,7,2024-01-13,2024,1,116.6,89.7,Tablet
4094,488,47,2024-01-09,2024,1,97.9,83.0,Desktop
4095,398,45,2023-10-25,2023,10,73.8,65.9,Smart TV
4096,237,43,2024-09-21,2024,9,86.3,87.2,Smart TV
4097,318,36,2023-04-03,2023,4,52.9,42.0,Laptop
4098,18,8,2025-02-18,2025,2,56.1,59.7,Laptop
4099,788,10,2024-05-17,2024,5,72.7,71.3,Desktop
4100,807,28,2023-05-06,2023,5,82.1,60.8,Smart TV
4101,566,22,2023-11-25,2023,11,102.8,82.2,Mobile
4102,141,35,2025-02-27,2025,2,52.2,57.4,Tablet
4103,338,7,2023-05-18,2023,5,71.4,54.9,Laptop
4104,784,37,2024-05-24,2024,5,90.6,71.3,Laptop
4105,371,17,2023-06-08,2023,6,77.0,64.2,Mobile
4106,781,43,2025-04-11,2025,4,75.0,75.8,Smart TV
4107,233,47,2024-01-28,2024,1,35.3,29.9,Laptop
4108,806,19,2024-03-21,2024,3,97.7,82.8,Laptop
4109,791,18,2024-03-08,2024,3,105.1,83.4,Tablet
4110,145,3,2024-01-02,2024,1,54.4,38.3,Mobile
4111,28,30,2023-07-28,2023,7,43.1,37.8,Desktop
4112,475,8,2024-01-06,2024,1,44.6,47.5,Tablet
4113,545,42,2025-02-09,2025,2,60.1,54.6,Mobile
4114,222,7,2024-05-13,2024,5,78.9,60.7,Smart TV
4115,543,2,2025-03-05,2025,3,63.4,51.1,Tablet
4116,304,5,2023-11-05,2023,11,50.0,51.0,Tablet
4117,688,12,2024-01-28,2024,1,43.3,36.1,Desktop
4118,177,22,2023-09-23,2023,9,104.1,83.3,Tablet
4119,702,34,2024-02-17,2024,2,112.5,95.3,Tablet
4120,191,36,2024-06-12,2024,6,108.2,85.9,Mobile
4121,460,27,2024-03-14,2024,3,18.2,21.4,Tablet
4122,700,14,2023-05-28,2023,5,103.5,69.9,Mobile
4123,881,46,2023-07-31,2023,7,38.6,43.9,Desktop
4124,991,26,2024-05-02,2024,5,77.3,66.6,Smart TV
4125,367,39,2023-05-09,2023,5,56.1,61.0,Desktop
4126,856,31,2024-09-13,2024,9,35.0,36.5,Mobile
4127,817,17,2024-06-13,2024,6,108.1,90.1,Desktop
4128,403,38,2024-11-26,2024,11,67.0,54.9,Mobile
4129,711,22,2025-03-09,2025,3,79.9,63.9,Smart TV
4130,266,1,2023-12-22,2023,12,99.1,84.0,Desktop
4131,967,39,2025-03-01,2025,3,39.8,43.3,Tablet
4132,761,6,2023-12-02,2023,12,87.1,75.7,Tablet
4133,440,17,2025-03-06,2025,3,32.2,26.8,Smart TV
4134,699,42,2025-01-25,2025,1,67.0,60.9,Tablet
4135,60,48,2024-04-30,2024,4,86.6,71.0,Tablet
4136,512,46,2023-12-14,2023,12,35.4,40.2,Mobile
4137,601,46,2023-01-29,2023,1,63.4,72.1,Laptop
4138,151,12,2024-05-03,2024,5,63.6,53.0,Tablet
4139,768,9,2024-04-11,2024,4,104.4,81.6,Smart TV
4140,62,46,2023-06-30,2023,6,57.8,65.7,Tablet
4141,106,7,2025-02-18,2025,2,51.6,39.7,Tablet
4142,851,24,2024-10-28,2024,10,88.4,88.4,Tablet
4143,622,8,2024-05-18,2024,5,38.2,40.6,Laptop
4144,162,40,2024-07-10,2024,7,92.2,64.0,Laptop
4145,275,36,2024-02-18,2024,2,94.2,74.8,Smart TV
4146,34,24,2023-06-29,2023,6,91.5,91.5,Tablet
4147,979,38,2023-01-09,2023,1,64.4,52.8,Smart TV
4148,192,2,2023-07-04,2023,7,102.1,82.3,Desktop
4149,814,36,2023-01-15,2023,1,53.3,42.3,Laptop
4150,189,44,2024-02-12,2024,2,86.1,57.4,Mobile
4151,63,28,2024-07-13,2024,7,42.5,31.5,Mobile
4152,462,30,2025-02-16,2025,2,34.2,30.0,Smart TV
4153,826,6,2024-02-14,2024,2,104.0,90.4,Tablet
4154,909,3,2023-12-17,2023,12,113.2,79.7,Mobile
4155,299,38,2023-07-23,2023,7,64.5,52.9,Tablet
4156,856,30,2023-07-07,2023,7,64.2,56.3,Laptop
4157,386,37,2023-08-18,2023,8,110.1,86.7,Tablet
4158,164,37,2023-10-13,2023,10,106.4,83.8,Tablet
4159,248,36,2023-01-06,2023,1,92.0,73.0,Desktop
4160,34,48,2024-02-12,2024,2,100.9,82.7,Laptop
4161,267,4,2023-06-10,2023,6,96.8,88.0,Desktop
4162,747,40,2025-04-17,2025,4,138.2,96.0,Laptop
4163,112,45,2024-09-10,2024,9,60.1,53.7,Desktop
4164,231,9,2024-04-18,2024,4,102.9,80.4,Tablet
4165,185,35,2023-03-31,2023,3,57.2,62.9,Tablet
4166,228,23,2024-10-29,2024,10,40.1,35.8,Desktop
4167,837,28,2023-03-02,2023,3,61.4,45.5,Tablet
4168,736,27,2024-04-08,2024,4,43.7,51.4,Smart TV
4169,465,11,2024-07-20,2024,7,102.8,77.9,Laptop
4170,211,38,2024-05-15,2024,5,69.7,57.1,Desktop
4171,383,2,2024-04-08,2024,4,100.8,81.3,Desktop
4172,880,35,2024-03-21,2024,3,16.7,18.3,Tablet
4173,373,49,2024-02-27,2024,2,108.0,86.4,Mobile
4174,174,3,2024-07-12,2024,7,38.8,27.3,Mobile
4175,579,11,2024-09-01,2024,9,46.9,35.5,Smart TV
4176,791,5,2024-01-16,2024,1,81.8,83.5,Smart TV
4177,635,3,2023-10-14,2023,10,80.5,56.7,Desktop
4178,936,3,2024-08-21,2024,8,77.0,54.2,Smart TV
4179,357,13,2023-09-11,2023,9,18.1,20.1,Smart TV
4180,251,23,2023-03-10,2023,3,38.8,34.6,Laptop
4181,928,42,2025-04-04,2025,4,67.7,61.5,Mobile
4182,117,40,2025-01-16,2025,1,78.2,54.3,Laptop
4183,291,22,2025-03-26,2025,3,101.4,81.1,Mobile
4184,232,26,2024-08-17,2024,8,82.6,71.2,Desktop
4185,828,36,2023-10-19,2023,10,100.9,80.1,Smart TV
4186,639,13,2025-02-12,2025,2,38.5,42.8,Smart TV
4187,302,16,2024-02-08,2024,2,88.3,90.1,Desktop
4188,437,9,2023-01-08,2023,1,108.8,85.0,Mobile
4189,356,37,2025-02-03,2025,2,104.1,82.0,Smart TV
4190,126,9,2025-03-18,2025,3,73.5,57.4,Laptop
4191,93,11,2024-08-16,2024,8,49.2,37.3,Laptop
4192,770,39,2024-02-07,2024,2,71.4,77.6,Desktop
4193,630,9,2023-02-27,2023,2,57.3,44.8,Smart TV
4194,991,32,2024-02-16,2024,2,72.9,52.1,Tablet
4195,471,20,2024-08-25,2024,8,35.5,40.3,Mobile
4196,394,12,2024-09-01,2024,9,100.2,83.5,Laptop
4197,657,6,2024-08-02,2024,8,60.4,52.5,Tablet
4198,351,40,2025-03-26,2025,3,61.2,42.5,Smart TV
4199,186,26,2024-04-02,2024,4,46.3,39.9,Smart TV
4200,103,31,2024-01-17,2024,1,52.5,54.7,Tablet
4201,132,28,2023-10-08,2023,10,94.0,69.6,Smart TV
4202,684,33,2024-10-06,2024,10,103.6,90.1,Laptop
4203,393,7,2023-05-26,2023,5,104.5,80.4,Desktop
4204,436,8,2024-04-04,2024,4,42.5,45.2,Mobile
4205,585,38,2023-06-12,2023,6,95.9,78.6,Desktop
4206,925,18,2023-11-19,2023,11,110.5,87.7,Laptop
4207,63,13,2023-06-20,2023,6,27.7,30.8,Smart TV
4208,881,22,2023-12-30,2023,12,34.0,27.2,Mobile
4209,278,14,2025-01-07,2025,1,123.4,83.4,Mobile
4210,596,41,2023-04-18,2023,4,70.2,59.5,Mobile
4211,530,29,2024-05-11,2024,5,100.8,90.0,Tablet
4212,654,9,2023-09-25,2023,9,88.6,69.2,Smart TV
4213,384,45,2025-01-29,2025,1,62.9,56.2,Smart TV
4214,158,6,2024-05-28,2024,5,84.2,73.2,Laptop
4215,644,44,2023-11-26,2023,11,120.6,80.4,Desktop
4216,811,8,2024-08-27,2024,8,76.9,81.8,Mobile
4217,310,35,2024-05-09,2024,5,51.4,56.5,Tablet
4218,850,37,2023-07-23,2023,7,118.4,93.2,Smart TV
4219,776,11,2024-08-26,2024,8,99.5,75.4,Desktop
4220,441,23,2023-04-08,2023,4,70.7,63.1,Desktop
4221,966,4,2023-06-19,2023,6,68.3,62.1,Desktop
4222,682,19,2024-03-19,2024,3,68.2,57.8,Desktop
4223,342,41,2024-05-30,2024,5,99.0,83.9,Laptop
4224,753,34,2024-06-27,2024,6,60.9,51.6,Desktop
4225,176,21,2024-12-17,2024,12,78.5,67.7,Tablet
4226,139,26,2025-03-18,2025,3,57.9,49.9,Desktop
4227,273,26,2024-05-08,2024,5,52.8,45.5,Desktop
4228,798,11,2024-01-07,2024,1,78.9,59.8,Smart TV
4229,883,41,2023-11-23,2023,11,96.6,81.9,Mobile
4230,805,38,2024-02-06,2024,2,60.5,49.6,Smart TV
4231,177,12,2023-12-25,2023,12,32.0,26.7,Mobile
4232,547,12,2023-12-28,2023,12,97.9,81.6,Tablet
4233,173,49,2023-11-04,2023,11,85.2,68.2,Desktop
4234,422,13,2024-08-26,2024,8,70.3,78.1,Mobile
4235,93,11,2025-03-22,2025,3,64.8,49.1,Laptop
4236,90,19,2024-08-06,2024,8,88.0,74.6,Desktop
4237,12,1,2024-09-12,2024,9,94.9,80.4,Tablet
4238,404,11,2024-12-11,2024,12,89.8,68.0,Smart TV
4239,420,26,2023-01-01,2023,1,66.0,56.9,Laptop
4240,848,4,2024-08-17,2024,8,69.6,63.3,Smart TV
4241,190,5,2024-05-03,2024,5,64.6,65.9,Mobile
4242,735,15,2024-09-21,2024,9,45.3,39.7,Mobile
4243,589,15,2023-09-09,2023,9,72.8,63.9,Smart TV
4244,552,40,2023-07-01,2023,7,66.8,46.4,Laptop
4245,857,30,2023-04-06,2023,4,47.1,41.3,Desktop
4246,228,25,2023-01-06,2023,1,116.1,80.1,Tablet
4247,989,2,2024-06-25,2024,6,58.7,47.3,Tablet
4248,675,3,2023-11-25,2023,11,93.2,65.6,Tablet
4249,114,44,2025-02-05,2025,2,99.9,66.6,Mobile
4250,486,28,2023-05-13,2023,5,87.9,65.1,Smart TV
4251,726,34,2024-12-31,2024,12,108.0,91.5,Mobile
4252,16,37,2023-11-30,2023,11,69.2,54.5,Smart TV
4253,205,18,2024-03-09,2024,3,52.4,41.6,Tablet
4254,675,10,2023-08-17,2023,8,80.8,79.2,Smart TV
4255,889,13,2025-03-16,2025,3,19.9,22.1,Desktop
4256,266,19,2024-12-30,2024,12,49.6,42.0,Tablet
4257,307,9,2023-07-24,2023,7,103.7,81.0,Tablet
4258,358,18,2025-04-16,2025,4,74.0,58.7,Smart TV
4259,471,12,2024-04-20,2024,4,83.3,69.4,Tablet
4260,536,24,2024-05-03,2024,5,92.3,92.3,Mobile
4261,433,45,2023-08-02,2023,8,94.2,84.1,Desktop
4262,300,12,2024-09-30,2024,9,113.4,94.5,Laptop
4263,902,28,2025-04-08,2025,4,52.6,39.0,Laptop
4264,879,22,2023-04-13,2023,4,89.5,71.6,Tablet
4265,21,6,2024-05-21,2024,5,88.3,76.8,Desktop
4266,194,12,2023-11-03,2023,11,96.2,80.2,Mobile
4267,904,11,2023-10-21,2023,10,97.7,74.0,Tablet
4268,316,18,2025-03-01,2025,3,72.2,57.3,Tablet
4269,173,15,2023-10-03,2023,10,71.1,62.4,Laptop
4270,816,13,2024-05-28,2024,5,56.6,62.9,Tablet
4271,584,49,2023-01-12,2023,1,61.6,49.3,Laptop
4272,792,35,2024-01-14,2024,1,49.0,53.9,Smart TV
4273,429,36,2024-08-04,2024,8,43.7,34.7,Tablet
4274,178,13,2024-06-12,2024,6,61.6,68.4,Mobile
4275,669,1,2023-01-04,2023,1,89.3,75.7,Smart TV
4276,513,22,2024-10-02,2024,10,110.4,88.3,Tablet
4277,760,18,2023-06-28,2023,6,52.7,41.8,Laptop
4278,241,21,2025-03-09,2025,3,87.5,75.4,Mobile
4279,856,3,2024-08-18,2024,8,118.9,83.7,Tablet
4280,547,5,2023-09-26,2023,9,28.5,29.1,Tablet
4281,867,42,2024-10-12,2024,10,72.8,66.2,Mobile
4282,301,15,2024-04-11,2024,4,81.3,71.3,Desktop
4283,269,18,2023-08-06,2023,8,86.7,68.8,Tablet
4284,746,25,2023-03-26,2023,3,106.0,73.1,Tablet
4285,864,42,2023-12-26,2023,12,96.7,87.9,Laptop
4286,918,27,2024-04-23,2024,4,66.1,77.8,Smart TV
4287,414,36,2025-04-08,2025,4,112.3,89.1,Mobile
4288,377,43,2023-11-01,2023,11,87.2,88.1,Mobile
4289,532,24,2025-04-16,2025,4,71.9,71.9,Desktop
4290,585,3,2023-03-03,2023,3,67.9,47.8,Tablet
4291,947,45,2023-06-20,2023,6,83.8,74.8,Mobile
4292,12,34,2023-11-12,2023,11,72.8,61.7,Tablet
4293,666,36,2024-01-30,2024,1,38.2,30.3,Smart TV
4294,373,27,2025-02-09,2025,2,22.5,26.5,Mobile
4295,234,46,2023-09-11,2023,9,71.0,80.7,Desktop
4296,522,16,2023-08-05,2023,8,31.3,31.9,Tablet
4297,661,29,2024-11-12,2024,11,59.5,53.1,Tablet
4298,483,45,2025-03-21,2025,3,99.0,88.4,Mobile
4299,562,9,2023-07-07,2023,7,104.7,81.8,Tablet
4300,421,31,2024-08-11,2024,8,74.7,77.8,Mobile
4301,630,2,2025-02-28,2025,2,88.8,71.6,Desktop
4302,663,33,2024-03-17,2024,3,70.6,61.4,Desktop
4303,779,22,2024-11-23,2024,11,94.8,75.8,Mobile
4304,397,31,2025-02-08,2025,2,50.6,52.7,Tablet
4305,210,20,2024-11-27,2024,11,59.8,68.0,Desktop
4306,890,33,2025-02-13,2025,2,80.5,70.0,Tablet
4307,25,48,2023-11-19,2023,11,103.1,84.5,Laptop
4308,869,2,2024-11-17,2024,11,96.1,77.5,Desktop
4309,142,9,2025-04-28,2025,4,57.3,44.8,Tablet
4310,61,17,2024-10-25,2024,10,104.3,86.9,Tablet
4311,784,45,2025-02-22,2025,2,44.9,40.1,Tablet
4312,700,47,2024-03-29,2024,3,38.2,32.4,Tablet
4313,211,12,2023-03-04,2023,3,99.6,83.0,Tablet
4314,782,11,2024-08-14,2024,8,120.0,90.9,Mobile
4315,486,13,2025-04-09,2025,4,37.4,41.6,Desktop
4316,860,40,2023-03-24,2023,3,114.0,79.2,Desktop
4317,836,35,2023-06-13,2023,6,56.8,62.4,Tablet
4318,720,21,2025-02-26,2025,2,61.0,52.6,Smart TV
4319,475,6,2024-04-13,2024,4,94.2,81.9,Mobile
4320,547,28,2025-04-22,2025,4,115.7,85.7,Desktop
4321,269,11,2024-02-19,2024,2,99.4,75.3,Smart TV
4322,31,14,2025-01-05,2025,1,118.5,80.1,Desktop
4323,704,43,2023-08-29,2023,8,93.4,94.3,Mobile
4324,691,16,2023-12-01,2023,12,58.5,59.7,Desktop
4325,709,2,2023-04-26,2023,4,72.3,58.3,Desktop
4326,626,27,2024-04-05,2024,4,45.9,54.0,Smart TV
4327,66,40,2023-12-15,2023,12,122.8,85.3,Tablet
4328,195,1,2024-01-12,2024,1,66.9,56.7,Desktop
4329,544,11,2023-10-06,2023,10,72.2,54.7,Desktop
4330,761,18,2024-11-05,2024,11,105.7,83.9,Mobile
4331,715,10,2025-03-12,2025,3,89.4,87.6,Mobile
4332,478,47,2024-07-05,2024,7,52.0,44.1,Tablet
4333,515,1,2024-01-31,2024,1,91.3,77.4,Laptop
4334,680,15,2024-11-25,2024,11,50.5,44.3,Desktop
4335,594,49,2025-02-15,2025,2,111.5,89.2,Mobile
4336,106,25,2024-10-28,2024,10,125.6,86.6,Desktop
4337,944,47,2024-11-04,2024,11,55.7,47.2,Desktop
4338,96,22,2023-01-02,2023,1,65.2,52.2,Tablet
4339,794,3,2023-04-28,2023,4,99.0,69.7,Desktop
4340,160,27,2024-10-07,2024,10,48.7,57.3,Mobile
4341,209,2,2024-06-09,2024,6,95.7,77.2,Mobile
4342,531,41,2023-03-09,2023,3,80.9,68.6,Tablet
4343,154,34,2023-06-19,2023,6,89.6,75.9,Tablet
4344,564,12,2024-10-28,2024,10,105.0,87.5,Laptop
4345,853,20,2024-06-23,2024,6,73.7,83.7,Mobile
4346,469,10,2024-06-12,2024,6,72.8,71.4,Desktop
4347,990,22,2024-08-01,2024,8,63.6,50.9,Tablet
4348,647,18,2023-04-01,2023,4,50.1,39.8,Desktop
4349,3,28,2024-08-29,2024,8,107.6,79.7,Desktop
4350,906,25,2023-04-23,2023,4,72.4,49.9,Tablet
4351,416,26,2023-05-16,2023,5,33.6,29.0,Mobile
4352,544,9,2023-01-18,2023,1,70.8,55.3,Mobile
4353,468,4,2024-10-12,2024,10,91.1,82.8,Smart TV
4354,945,27,2023-07-19,2023,7,66.5,78.2,Laptop
4355,276,14,2023-11-30,2023,11,125.2,84.6,Tablet
4356,646,42,2023-07-08,2023,7,85.6,77.8,Laptop
4357,535,44,2025-04-21,2025,4,131.7,87.8,Mobile
4358,84,12,2023-01-12,2023,1,98.3,81.9,Laptop
4359,830,43,2024-11-04,2024,11,46.7,47.2,Smart TV
4360,674,24,2023-08-09,2023,8,66.1,66.1,Mobile
4361,600,6,2023-06-09,2023,6,106.7,92.8,Tablet
4362,373,16,2023-01-10,2023,1,49.8,50.8,Laptop
4363,584,29,2024-02-19,2024,2,95.6,85.4,Mobile
4364,256,40,2024-01-21,2024,1,112.5,78.1,Tablet
4365,1,9,2025-02-11,2025,2,75.6,59.1,Tablet
4366,326,9,2025-02-22,2025,2,113.4,88.6,Laptop
4367,44,23,2023-12-30,2023,12,60.5,54.0,Tablet
4368,262,33,2025-02-10,2025,2,46.3,40.3,Desktop
4369,835,29,2025-03-19,2025,3,71.3,63.7,Laptop
4370,696,2,2023-09-06,2023,9,108.7,87.7,Laptop
4371,861,33,2024-07-13,2024,7,54.7,47.6,Laptop
4372,896,46,2024-08-06,2024,8,52.5,59.7,Desktop
4373,379,18,2024-12-30,2024,12,82.7,65.6,Smart TV
4374,203,9,2023-08-25,2023,8,86.0,67.2,Tablet
4375,413,30,2024-09-10,2024,9,95.2,83.5,Desktop
4376,418,19,2024-08-22,2024,8,46.7,39.6,Laptop
4377,596,20,2024-08-03,2024,8,75.9,86.2,Smart TV
4378,139,48,2023-02-21,2023,2,112.7,92.4,Smart TV
4379,620,34,2024-02-01,2024,2,60.2,51.0,Tablet
4380,578,40,2023-05-12,2023,5,39.7,27.6,Tablet
4381,408,5,2024-04-09,2024,4,61.4,62.7,Tablet
4382,182,13,2023-12-20,2023,12,80.2,89.1,Desktop
4383,674,10,2024-08-25,2024,8,91.7,89.9,Desktop
4384,811,47,2024-07-15,2024,7,66.0,55.9,Laptop
4385,770,36,2025-01-22,2025,1,87.9,69.8,Tablet
4386,570,33,2024-04-20,2024,4,92.9,80.8,Tablet
4387,626,12,2024-01-17,2024,1,108.0,90.0,Tablet
4388,13,20,2023-05-05,2023,5,53.5,60.8,Mobile
4389,536,17,2024-09-14,2024,9,102.0,85.0,Mobile
4390,336,13,2024-09-09,2024,9,38.2,42.5,Desktop
4391,87,10,2023-05-10,2023,5,67.0,65.7,Mobile
4392,5,5,2023-10-24,2023,10,64.8,66.1,Tablet
4393,953,26,2023-05-31,2023,5,99.9,86.1,Mobile
4394,980,20,2025-01-28,2025,1,39.7,45.1,Mobile
4395,892,19,2025-01-18,2025,1,107.6,91.2,Mobile
4396,223,20,2023-05-02,2023,5,53.2,60.5,Desktop
4397,508,21,2023-06-05,2023,6,103.4,89.1,Desktop
4398,482,9,2023-02-03,2023,2,96.6,75.5,Desktop
4399,446,42,2023-12-02,2023,12,94.4,85.8,Tablet
4400,305,11,2025-01-30,2025,1,110.7,83.9,Smart TV
4401,304,1,2023-12-04,2023,12,90.6,76.8,Smart TV
4402,57,34,2023-07-07,2023,7,64.7,54.8,Smart TV
4403,32,37,2024-05-11,2024,5,123.4,97.2,Tablet
4404,624,7,2024-09-29,2024,9,119.2,91.7,Desktop
4405,928,40,2024-02-15,2024,2,65.5,45.5,Desktop
4406,963,35,2025-04-16,2025,4,81.5,89.6,Laptop
4407,412,35,2023-05-15,2023,5,30.5,33.5,Laptop
4408,252,41,2023-01-03,2023,1,80.6,68.3,Tablet
4409,419,7,2024-06-22,2024,6,87.5,67.3,Laptop
4410,492,10,2025-02-14,2025,2,84.8,83.1,Laptop
4411,870,1,2023-11-14,2023,11,66.0,55.9,Laptop
4412,503,17,2023-05-04,2023,5,97.0,80.8,Laptop
4413,231,5,2024-11-03,2024,11,65.2,66.5,Laptop
4414,871,26,2023-04-10,2023,4,32.6,28.1,Tablet
4415,502,32,2023-07-21,2023,7,108.9,77.8,Mobile
4416,509,23,2023-03-05,2023,3,60.8,54.3,Mobile
4417,776,37,2025-02-19,2025,2,99.9,78.7,Mobile
4418,151,45,2023-12-08,2023,12,96.2,85.9,Desktop
4419,612,47,2023-03-14,2023,3,89.0,75.4,Desktop
4420,496,13,2023-08-04,2023,8,38.3,42.6,Smart TV
4421,830,19,2023-11-14,2023,11,68.2,57.8,Tablet
4422,294,36,2024-09-15,2024,9,26.1,20.7,Laptop
4423,506,28,2023-01-27,2023,1,91.8,68.0,Desktop
4424,426,9,2025-03-04,2025,3,69.4,54.2,Mobile
4425,946,1,2024-12-09,2024,12,101.5,86.0,Tablet
4426,330,5,2025-03-07,2025,3,31.3,31.9,Tablet
4427,645,3,2024-12-05,2024,12,104.8,73.8,Laptop
4428,92,31,2024-12-12,2024,12,53.0,55.2,Smart TV
4429,885,35,2024-08-30,2024,8,43.4,47.7,Tablet
4430,198,17,2023-02-07,2023,2,91.3,76.1,Mobile
4431,572,23,2024-06-05,2024,6,25.5,22.8,Laptop
4432,558,48,2023-03-22,2023,3,99.6,81.6,Mobile
4433,329,29,2023-09-24,2023,9,64.5,57.6,Desktop
4434,402,43,2024-01-10,2024,1,55.4,56.0,Mobile
4435,944,26,2023-02-18,2023,2,90.5,78.0,Tablet
4436,3,4,2023-10-19,2023,10,30.5,27.7,Smart TV
4437,914,1,2025-01-04,2025,1,71.0,60.2,Laptop
4438,121,35,2023-10-10,2023,10,83.2,91.4,Smart TV
4439,619,46,2024-07-13,2024,7,29.0,33.0,Desktop
4440,25,44,2023-08-03,2023,8,113.0,75.3,Tablet
4441,788,11,2025-02-24,2025,2,120.8,91.5,Mobile
4442,245,33,2024-01-16,2024,1,103.4,89.9,Desktop
4443,568,26,2024-12-01,2024,12,106.8,92.1,Mobile
4444,676,29,2024-06-30,2024,6,81.8,73.0,Smart TV
4445,402,21,2023-06-11,2023,6,88.4,76.2,Laptop
4446,93,25,2023-10-17,2023,10,116.0,80.0,Desktop
4447,212,14,2025-01-09,2025,1,81.5,55.1,Tablet
4448,136,13,2023-02-26,2023,2,57.8,64.2,Tablet
4449,308,17,2023-01-22,2023,1,85.3,71.1,Desktop
4450,922,4,2025-02-19,2025,2,91.5,83.2,Tablet
4451,500,3,2024-06-01,2024,6,115.3,81.2,Desktop
4452,572,31,2023-02-13,2023,2,72.7,75.7,Mobile
4453,696,46,2023-05-01,2023,5,56.8,64.6,Desktop
4454,860,47,2025-04-22,2025,4,94.4,80.0,Laptop
4455,887,15,2023-03-22,2023,3,47.8,41.9,Smart TV
4456,831,25,2024-01-23,2024,1,62.1,42.8,Laptop
4457,551,18,2024-07-20,2024,7,78.1,62.0,Mobile
4458,352,11,2025-03-30,2025,3,86.6,65.6,Smart TV
4459,674,8,2023-04-25,2023,4,51.9,55.2,Laptop
4460,466,44,2024-11-19,2024,11,144.3,96.2,Smart TV
4461,19,21,2023-08-20,2023,8,88.0,75.9,Tablet
4462,695,1,2024-05-02,2024,5,82.4,69.8,Laptop
4463,373,46,2023-10-13,2023,10,61.1,69.4,Mobile
4464,885,35,2024-11-26,2024,11,65.2,71.6,Smart TV
4465,82,29,2025-02-07,2025,2,42.8,38.2,Tablet
4466,764,5,2025-04-22,2025,4,50.8,51.8,Smart TV
4467,591,18,2024-03-07,2024,3,110.6,87.8,Tablet
4468,824,25,2024-02-22,2024,2,67.0,46.2,Tablet
4469,185,16,2023-12-01,2023,12,78.9,80.5,Desktop
4470,385,1,2024-01-08,2024,1,64.5,54.7,Mobile
4471,142,48,2024-01-29,2024,1,48.3,39.6,Desktop
4472,309,2,2023-05-13,2023,5,79.5,64.1,Desktop
4473,929,29,2023-01-07,2023,1,59.9,53.5,Tablet
4474,530,26,2023-02-19,2023,2,71.3,61.5,Mobile
4475,403,16,2023-02-12,2023,2,64.1,65.4,Smart TV
4476,445,1,2024-01-15,2024,1,41.4,35.1,Desktop
4477,909,42,2023-03-31,2023,3,85.8,78.0,Tablet
4478,273,1,2024-09-30,2024,9,86.4,73.2,Mobile
4479,12,14,2024-08-23,2024,8,51.9,35.1,Mobile
4480,169,4,2025-04-04,2025,4,90.3,82.1,Mobile
4481,147,24,2023-05-19,2023,5,31.0,31.0,Laptop
4482,348,11,2024-12-06,2024,12,69.0,52.3,Tablet
4483,776,24,2024-08-05,2024,8,69.3,69.3,Desktop
4484,376,15,2023-04-25,2023,4,85.2,74.7,Smart TV
4485,993,26,2023-02-12,2023,2,41.9,36.1,Desktop
4486,441,3,2023-05-17,2023,5,123.8,87.2,Tablet
4487,358,32,2023-10-30,2023,10,110.2,78.7,Laptop
4488,831,18,2024-10-07,2024,10,95.0,75.4,Smart TV
4489,45,21,2023-10-20,2023,10,95.5,82.3,Desktop
4490,289,45,2023-10-20,2023,10,101.5,90.6,Smart TV
4491,527,6,2023-05-08,2023,5,84.9,73.8,Desktop
4492,124,46,2024-07-15,2024,7,46.0,52.3,Laptop
4493,543,14,2023-10-18,2023,10,130.7,88.3,Laptop
4494,781,22,2024-02-12,2024,2,118.9,95.1,Smart TV
4495,888,11,2024-09-03,2024,9,111.3,84.3,Laptop
4496,153,8,2024-05-20,2024,5,27.7,29.5,Tablet
4497,390,1,2023-08-29,2023,8,110.9,94.0,Tablet
4498,106,27,2023-05-23,2023,5,47.7,56.1,Tablet
4499,11,19,2024-04-04,2024,4,102.9,87.2,Smart TV
4500,776,27,2024-02-20,2024,2,36.6,43.1,Mobile
4501,375,33,2024-01-09,2024,1,36.7,31.9,Laptop
4502,978,13,2024-11-28,2024,11,51.3,57.0,Mobile
4503,434,32,2025-04-08,2025,4,58.9,42.1,Tablet
4504,56,23,2024-06-23,2024,6,75.9,67.8,Mobile
4505,383,9,2023-07-03,2023,7,72.3,56.5,Mobile
4506,215,16,2024-08-27,2024,8,60.0,61.2,Tablet
4507,581,17,2023-02-27,2023,2,96.8,80.7,Laptop
4508,750,48,2024-01-10,2024,1,65.0,53.3,Laptop
4509,712,30,2024-08-20,2024,8,42.0,36.8,Tablet
4510,127,37,2025-01-22,2025,1,51.3,40.4,Desktop
4511,653,37,2024-06-28,2024,6,83.2,65.5,Laptop
4512,868,46,2024-02-19,2024,2,49.7,56.5,Tablet
4513,907,8,2024-07-21,2024,7,73.4,78.1,Desktop
4514,507,17,2024-10-04,2024,10,94.8,79.0,Tablet
4515,406,36,2023-01-08,2023,1,80.8,64.1,Tablet
4516,51,12,2023-09-06,2023,9,116.8,97.3,Tablet
4517,868,31,2025-03-31,2025,3,78.4,81.7,Desktop
4518,272,16,2023-01-07,2023,1,83.0,84.7,Mobile
4519,578,12,2023-06-17,2023,6,37.8,31.5,Laptop
4520,443,32,2023-09-05,2023,9,75.0,53.6,Smart TV
4521,707,46,2024-09-10,2024,9,38.9,44.2,Smart TV
4522,216,37,2024-02-19,2024,2,74.7,58.8,Mobile
4523,191,36,2023-05-17,2023,5,76.7,60.9,Smart TV
4524,836,26,2025-04-03,2025,4,103.0,88.8,Tablet
4525,386,40,2024-08-30,2024,8,112.8,78.3,Laptop
4526,170,29,2024-04-29,2024,4,100.9,90.1,Desktop
4527,956,46,2023-06-13,2023,6,53.9,61.3,Laptop
4528,668,10,2023-02-17,2023,2,47.6,46.7,Smart TV
4529,23,37,2023-04-07,2023,4,71.4,56.2,Mobile
4530,67,28,2024-09-23,2024,9,69.3,51.3,Smart TV
4531,529,18,2023-10-28,2023,10,59.0,46.8,Laptop
4532,507,43,2023-03-14,2023,3,75.3,76.1,Desktop
4533,153,39,2023-01-10,2023,1,54.3,59.0,Laptop
4534,883,6,2023-12-03,2023,12,99.2,86.3,Laptop
4535,130,25,2023-02-28,2023,2,130.4,89.9,Tablet
4536,332,28,2024-08-05,2024,8,107.9,79.9,Desktop
4537,72,13,2024-07-18,2024,7,33.6,37.3,Mobile
4538,734,26,2025-03-18,2025,3,67.9,58.5,Smart TV
4539,219,44,2023-06-08,2023,6,76.5,51.0,Tablet
4540,641,47,2025-03-08,2025,3,56.6,48.0,Smart TV
4541,505,29,2024-04-23,2024,4,77.6,69.3,Smart TV
4542,962,5,2024-02-29,2024,2,58.8,60.0,Mobile
4543,978,26,2024-02-16,2024,2,105.2,90.7,Tablet
4544,29,29,2023-01-04,2023,1,59.1,52.8,Laptop
4545,54,16,2024-01-23,2024,1,82.7,84.4,Laptop
4546,630,21,2023-06-23,2023,6,89.3,77.0,Laptop
4547,139,41,2023-10-22,2023,10,48.4,41.0,Mobile
4548,656,31,2025-03-21,2025,3,77.5,80.7,Mobile
4549,136,32,2023-10-04,2023,10,41.7,29.8,Tablet
4550,485,49,2024-01-11,2024,1,89.1,71.3,Tablet
4551,465,27,2023-05-22,2023,5,69.4,81.7,Tablet
4552,851,11,2023-01-15,2023,1,113.9,86.3,Smart TV
4553,724,26,2023-07-15,2023,7,98.3,84.7,Laptop
4554,650,26,2025-03-25,2025,3,66.0,56.9,Tablet
4555,747,5,2023-10-17,2023,10,46.7,47.7,Desktop
4556,498,42,2024-08-23,2024,8,58.3,53.0,Desktop
4557,948,14,2024-08-24,2024,8,118.8,80.3,Desktop
4558,696,32,2025-02-05,2025,2,104.4,74.6,Desktop
4559,726,18,2024-09-04,2024,9,106.0,84.1,Laptop
4560,614,46,2024-06-02,2024,6,56.0,63.6,Desktop
4561,911,21,2025-04-13,2025,4,70.1,60.4,Laptop
4562,612,45,2025-03-30,2025,3,88.1,78.7,Smart TV
4563,844,27,2025-03-04,2025,3,42.0,49.4,Smart TV
4564,135,48,2023-08-16,2023,8,115.4,94.6,Laptop
4565,915,25,2023-04-14,2023,4,66.8,46.1,Smart TV
4566,736,36,2024-08-22,2024,8,101.4,80.5,Desktop
4567,825,42,2023-03-18,2023,3,86.5,78.6,Mobile
4568,338,40,2023-10-23,2023,10,106.7,74.1,Laptop
4569,234,17,2023-01-17,2023,1,29.5,24.6,Mobile
4570,187,44,2024-04-06,2024,4,101.5,67.7,Smart TV
4571,141,13,2025-04-16,2025,4,55.0,61.1,Laptop
4572,962,32,2023-11-04,2023,11,70.0,50.0,Smart TV
4573,350,26,2025-01-02,2025,1,80.0,69.0,Desktop
4574,713,32,2023-03-07,2023,3,121.1,86.5,Desktop
4575,539,10,2023-05-12,2023,5,53.8,52.7,Desktop
4576,659,35,2024-10-26,2024,10,46.7,51.3,Desktop
4577,996,19,2023-03-11,2023,3,76.6,64.9,Mobile
4578,394,45,2023-03-20,2023,3,107.6,96.1,Smart TV
4579,715,47,2023-09-19,2023,9,88.1,74.7,Laptop
4580,411,20,2024-04-23,2024,4,55.4,63.0,Desktop
4581,996,18,2024-02-05,2024,2,39.4,31.3,Laptop
4582,528,28,2024-12-04,2024,12,91.8,68.0,Laptop
4583,581,25,2023-07-17,2023,7,127.9,88.2,Desktop
4584,248,1,2024-09-27,2024,9,102.5,86.9,Tablet
4585,158,13,2024-02-09,2024,2,26.3,29.2,Desktop
4586,61,37,2023-05-25,2023,5,84.6,66.6,Tablet
4587,411,9,2023-01-08,2023,1,54.7,42.7,Laptop
4588,365,21,2025-01-20,2025,1,79.3,68.4,Desktop
4589,417,18,2023-12-05,2023,12,89.5,71.0,Desktop
4590,970,26,2023-11-27,2023,11,71.1,61.3,Laptop
4591,910,32,2023-12-27,2023,12,59.9,42.8,Smart TV
4592,261,31,2024-03-17,2024,3,55.5,57.8,Mobile
4593,54,25,2024-06-20,2024,6,98.9,68.2,Desktop
4594,806,27,2025-04-07,2025,4,32.3,38.0,Mobile
4595,366,5,2024-02-29,2024,2,46.1,47.0,Mobile
4596,158,12,2023-09-20,2023,9,104.5,87.1,Laptop
4597,71,33,2024-08-25,2024,8,87.9,76.4,Laptop
4598,6,10,2025-03-31,2025,3,88.2,86.5,Smart TV
4599,207,34,2024-02-21,2024,2,105.8,89.7,Tablet
4600,18,33,2025-03-05,2025,3,63.0,54.8,Laptop
4601,841,31,2023-02-12,2023,2,78.3,81.6,Tablet
4602,21,16,2024-02-23,2024,2,50.8,51.8,Desktop
4603,306,18,2023-06-07,2023,6,113.4,90.0,Desktop
4604,659,27,2023-03-04,2023,3,62.0,72.9,Laptop
4605,749,4,2024-07-07,2024,7,84.0,76.4,Desktop
4606,229,2,2024-09-15,2024,9,103.7,83.6,Laptop
4607,765,5,2023-08-06,2023,8,61.8,63.1,Desktop
4608,789,28,2024-10-15,2024,10,52.1,38.6,Desktop
4609,488,39,2024-05-11,2024,5,74.6,81.1,Desktop
4610,899,32,2023-05-19,2023,5,120.7,86.2,Laptop
4611,157,36,2023-10-03,2023,10,55.3,43.9,Laptop
4612,399,40,2023-10-04,2023,10,104.1,72.3,Laptop
4613,326,3,2024-04-20,2024,4,74.7,52.6,Tablet
4614,770,45,2024-05-18,2024,5,66.5,59.4,Desktop
4615,998,1,2024-08-09,2024,8,71.9,60.9,Smart TV
4616,587,17,2024-11-24,2024,11,35.9,29.9,Laptop
4617,599,41,2025-02-18,2025,2,86.6,73.4,Smart TV
4618,674,28,2023-01-02,2023,1,67.0,49.6,Desktop
4619,257,18,2023-05-31,2023,5,98.5,78.2,Mobile
4620,821,15,2023-04-03,2023,4,71.7,62.9,Desktop
4621,615,49,2023-05-24,2023,5,77.0,61.6,Laptop
4622,626,2,2024-04-24,2024,4,63.9,51.5,Laptop
4623,158,3,2023-08-21,2023,8,60.2,42.4,Tablet
4624,681,30,2024-04-27,2024,4,66.7,58.5,Tablet
4625,472,24,2024-09-16,2024,9,63.6,63.6,Mobile
4626,673,20,2023-03-10,2023,3,49.5,56.2,Laptop
4627,931,44,2024-06-19,2024,6,122.0,81.3,Smart TV
4628,4,33,2024-06-18,2024,6,95.0,82.6,Smart TV
4629,860,39,2023-11-24,2023,11,55.8,60.6,Tablet
4630,714,33,2025-04-05,2025,4,105.0,91.3,Mobile
4631,585,27,2023-06-12,2023,6,60.6,71.3,Smart TV
4632,995,28,2023-02-01,2023,2,110.6,81.9,Laptop
4633,740,36,2024-01-21,2024,1,102.1,81.0,Laptop
4634,170,30,2024-03-06,2024,3,98.2,86.1,Laptop
4635,951,34,2023-08-03,2023,8,50.3,42.6,Tablet
4636,198,45,2023-01-03,2023,1,72.5,64.7,Smart TV
4637,864,38,2023-08-07,2023,8,95.8,78.5,Mobile
4638,381,6,2025-04-11,2025,4,83.4,72.5,Mobile
4639,480,35,2024-05-27,2024,5,65.5,72.0,Tablet
4640,844,24,2025-04-21,2025,4,62.0,62.0,Laptop
4641,425,40,2024-07-15,2024,7,108.9,75.6,Mobile
4642,956,27,2023-06-06,2023,6,49.2,57.9,Smart TV
4643,226,42,2024-04-30,2024,4,49.4,44.9,Desktop
4644,515,38,2023-01-28,2023,1,116.1,95.2,Smart TV
4645,234,31,2024-11-26,2024,11,82.2,85.6,Mobile
4646,37,46,2025-04-12,2025,4,77.3,87.8,Laptop
4647,844,18,2025-03-29,2025,3,102.1,81.0,Tablet
4648,57,43,2024-07-19,2024,7,57.6,58.2,Tablet
4649,458,38,2023-11-27,2023,11,98.2,80.5,Mobile
4650,643,29,2024-03-06,2024,3,79.3,70.8,Laptop
4651,208,38,2024-06-21,2024,6,48.9,40.1,Desktop
4652,554,40,2024-12-02,2024,12,49.5,34.4,Tablet
4653,767,14,2024-04-18,2024,4,106.1,71.7,Laptop
4654,598,5,2023-11-25,2023,11,29.6,30.2,Desktop
4655,310,24,2024-06-06,2024,6,96.1,96.1,Tablet
4656,172,26,2025-04-26,2025,4,85.3,73.5,Desktop
4657,270,36,2024-06-08,2024,6,85.7,68.0,Smart TV
4658,538,2,2023-06-09,2023,6,115.3,93.0,Tablet
4659,409,6,2023-06-04,2023,6,63.5,55.2,Tablet
4660,698,7,2023-07-04,2023,7,57.7,44.4,Desktop
4661,29,41,2023-12-08,2023,12,96.8,82.0,Desktop
4662,900,35,2023-04-13,2023,4,57.0,62.6,Desktop
4663,536,42,2024-02-01,2024,2,95.2,86.5,Mobile
4664,524,9,2025-04-15,2025,4,108.5,84.8,Tablet
4665,8,26,2024-02-02,2024,2,94.0,81.0,Desktop
4666,38,8,2023-02-18,2023,2,35.7,38.0,Tablet
4667,799,10,2024-08-26,2024,8,75.2,73.7,Tablet
4668,567,39,2023-08-25,2023,8,73.5,79.9,Desktop
4669,679,28,2024-11-08,2024,11,80.6,59.7,Tablet
4670,944,3,2023-09-06,2023,9,114.9,80.9,Mobile
4671,431,32,2023-12-02,2023,12,96.5,68.9,Desktop
4672,424,34,2025-03-12,2025,3,96.3,81.6,Smart TV
4673,998,13,2023-12-13,2023,12,51.5,57.2,Tablet
4674,453,16,2025-01-27,2025,1,42.1,43.0,Smart TV
4675,861,43,2023-08-12,2023,8,42.4,42.8,Laptop
4676,349,41,2023-02-13,2023,2,93.8,79.5,Laptop
4677,451,44,2023-02-03,2023,2,94.7,63.1,Mobile
4678,538,31,2024-09-24,2024,9,73.0,76.0,Smart TV
4679,529,18,2024-12-28,2024,12,107.6,85.4,Laptop
4680,46,20,2024-01-12,2024,1,54.0,61.4,Mobile
4681,996,5,2023-11-15,2023,11,77.0,78.6,Mobile
4682,668,45,2023-04-15,2023,4,92.5,82.6,Smart TV
4683,664,21,2023-02-20,2023,2,60.4,52.1,Desktop
4684,455,8,2023-11-29,2023,11,51.4,54.7,Desktop
4685,617,5,2025-01-31,2025,1,64.3,65.6,Tablet
4686,633,29,2024-07-04,2024,7,41.1,36.7,Smart TV
4687,238,41,2023-11-06,2023,11,99.9,84.7,Laptop
4688,366,28,2024-06-08,2024,6,79.7,59.0,Tablet
4689,1000,31,2024-08-11,2024,8,81.5,84.9,Mobile
4690,937,49,2023-08-26,2023,8,106.6,85.3,Tablet
4691,744,28,2023-11-02,2023,11,114.9,85.1,Mobile
4692,443,14,2023-05-18,2023,5,113.2,76.5,Tablet
4693,224,49,2024-05-25,2024,5,89.1,71.3,Smart TV
4694,890,8,2023-12-30,2023,12,56.0,59.6,Tablet
4695,724,11,2024-09-07,2024,9,118.3,89.6,Smart TV
4696,679,29,2023-08-28,2023,8,48.5,43.3,Tablet
4697,985,36,2025-03-03,2025,3,103.6,82.2,Mobile
4698,140,37,2025-04-29,2025,4,52.7,41.5,Desktop
4699,378,46,2024-11-08,2024,11,35.7,40.6,Smart TV
4700,233,12,2023-11-04,2023,11,50.0,41.7,Laptop
4701,71,36,2023-12-22,2023,12,97.1,77.1,Laptop
4702,551,16,2024-08-20,2024,8,66.1,67.4,Tablet
4703,25,30,2023-08-01,2023,8,67.8,59.5,Tablet
4704,867,31,2024-12-27,2024,12,54.1,56.4,Smart TV
4705,745,8,2023-12-20,2023,12,59.0,62.8,Desktop
4706,291,42,2023-03-26,2023,3,99.3,90.3,Tablet
4707,275,48,2024-09-16,2024,9,54.2,44.4,Mobile
4708,453,1,2023-12-11,2023,12,33.4,28.3,Smart TV
4709,920,11,2023-03-20,2023,3,94.6,71.7,Mobile
4710,415,37,2024-07-19,2024,7,49.9,39.3,Laptop
4711,913,7,2023-08-22,2023,8,109.2,84.0,Laptop
4712,858,18,2024-11-14,2024,11,88.1,69.9,Mobile
4713,723,38,2023-09-19,2023,9,103.9,85.2,Smart TV
4714,711,32,2025-04-10,2025,4,95.8,68.4,Mobile
4715,754,9,2024-08-28,2024,8,108.7,84.9,Smart TV
4716,549,26,2023-10-23,2023,10,91.4,78.8,Smart TV
4717,995,13,2025-02-28,2025,2,66.4,73.8,Tablet
4718,985,41,2023-12-23,2023,12,110.8,93.9,Mobile
4719,589,47,2024-10-23,2024,10,88.7,75.2,Smart TV
4720,120,36,2023-07-13,2023,7,83.8,66.5,Tablet
4721,471,8,2024-09-06,2024,9,84.7,90.1,Tablet
4722,446,5,2023-01-02,2023,1,49.4,50.4,Tablet
4723,938,16,2023-10-12,2023,10,49.1,50.1,Mobile
4724,138,9,2023-05-17,2023,5,101.8,79.5,Smart TV
4725,276,40,2024-08-25,2024,8,105.4,73.2,Mobile
4726,922,14,2025-01-12,2025,1,100.2,67.7,Tablet
4727,568,15,2024-03-07,2024,3,80.3,70.4,Desktop
4728,759,2,2023-04-07,2023,4,86.4,69.7,Tablet
4729,630,5,2023-12-02,2023,12,48.9,49.9,Tablet
4730,124,18,2023-10-28,2023,10,40.1,31.8,Smart TV
4731,217,16,2025-03-06,2025,3,85.3,87.0,Mobile
4732,469,20,2024-02-09,2024,2,49.9,56.7,Laptop
4733,144,25,2025-04-13,2025,4,52.9,36.5,Desktop
4734,393,16,2024-05-16,2024,5,80.8,82.5,Tablet
4735,224,5,2024-08-04,2024,8,69.1,70.5,Tablet
4736,916,40,2024-10-10,2024,10,88.8,61.7,Desktop
4737,777,11,2024-10-16,2024,10,67.1,50.8,Tablet
4738,385,17,2025-04-11,2025,4,50.4,42.0,Desktop
4739,47,2,2023-08-10,2023,8,112.5,90.7,Desktop
4740,332,1,2023-07-03,2023,7,97.0,82.2,Laptop
4741,352,5,2025-01-16,2025,1,43.0,43.9,Laptop
4742,799,19,2024-11-30,2024,11,66.7,56.5,Desktop
4743,409,31,2023-05-25,2023,5,48.6,50.6,Desktop
4744,235,37,2023-01-01,2023,1,75.6,59.5,Smart TV
4745,980,15,2023-03-09,2023,3,64.1,56.2,Laptop
4746,283,25,2025-01-18,2025,1,118.9,82.0,Mobile
4747,383,44,2024-05-08,2024,5,88.5,59.0,Smart TV
4748,153,23,2023-04-06,2023,4,49.7,44.4,Desktop
4749,469,34,2024-06-13,2024,6,81.8,69.3,Laptop
4750,219,5,2023-05-18,2023,5,20.3,20.7,Mobile
4751,598,21,2023-10-20,2023,10,64.5,55.6,Tablet
4752,667,28,2024-03-11,2024,3,57.0,42.2,Smart TV
4753,54,45,2024-06-25,2024,6,94.9,84.7,Desktop
4754,53,4,2023-04-13,2023,4,89.4,81.3,Desktop
4755,492,16,2023-03-29,2023,3,59.1,60.3,Desktop
4756,87,21,2023-04-05,2023,4,106.0,91.4,Laptop
4757,235,28,2024-05-07,2024,5,98.1,72.7,Smart TV
4758,647,7,2025-03-30,2025,3,37.4,28.8,Desktop
4759,80,36,2024-04-12,2024,4,53.5,42.5,Desktop
4760,688,26,2024-10-08,2024,10,83.8,72.2,Tablet
4761,309,9,2023-12-05,2023,12,106.1,82.9,Mobile
4762,417,42,2024-07-15,2024,7,86.0,78.2,Mobile
4763,147,28,2025-04-21,2025,4,101.0,74.8,Smart TV
4764,251,47,2023-03-15,2023,3,75.5,64.0,Laptop
4765,184,46,2025-01-30,2025,1,48.6,55.2,Mobile
4766,190,13,2023-02-25,2023,2,53.8,59.8,Laptop
4767,663,45,2023-12-10,2023,12,100.4,89.6,Mobile
4768,692,21,2025-04-30,2025,4,54.3,46.8,Laptop
4769,759,7,2023-04-09,2023,4,76.4,58.8,Smart TV
4770,28,26,2024-02-23,2024,2,81.2,70.0,Mobile
4771,323,5,2023-09-20,2023,9,62.2,63.5,Smart TV
4772,20,7,2024-02-16,2024,2,87.1,67.0,Smart TV
4773,211,48,2024-06-15,2024,6,57.3,47.0,Smart TV
4774,874,9,2023-10-12,2023,10,43.4,33.9,Laptop
4775,238,38,2023-05-14,2023,5,62.1,50.9,Smart TV
4776,49,24,2024-01-22,2024,1,47.0,47.0,Mobile
4777,98,43,2025-01-26,2025,1,75.7,76.5,Mobile
4778,871,5,2023-04-27,2023,4,46.1,47.0,Laptop
4779,215,15,2024-08-12,2024,8,48.9,42.9,Smart TV
4780,658,12,2024-01-08,2024,1,60.8,50.7,Tablet
4781,979,8,2025-03-26,2025,3,43.4,46.2,Desktop
4782,261,22,2024-02-26,2024,2,99.2,79.4,Laptop
4783,130,14,2023-11-08,2023,11,75.6,51.1,Tablet
4784,306,20,2024-09-16,2024,9,64.0,72.7,Smart TV
4785,271,38,2024-06-08,2024,6,82.1,67.3,Smart TV
4786,275,12,2025-02-02,2025,2,44.2,36.8,Desktop
4787,974,23,2023-09-11,2023,9,75.8,67.7,Tablet
4788,652,43,2024-04-29,2024,4,76.2,77.0,Smart TV
4789,284,43,2024-08-09,2024,8,72.8,73.5,Laptop
4790,182,40,2024-04-28,2024,4,123.4,85.7,Laptop
4791,415,6,2023-12-09,2023,12,91.8,79.8,Tablet
4792,983,26,2024-01-15,2024,1,98.7,85.1,Desktop
4793,868,5,2023-10-01,2023,10,77.7,79.3,Smart TV
4794,379,16,2024-10-16,2024,10,70.1,71.5,Desktop
4795,939,27,2024-03-02,2024,3,40.5,47.7,Laptop
4796,225,16,2024-02-19,2024,2,84.8,86.5,Laptop
4797,164,19,2024-03-28,2024,3,98.6,83.6,Laptop
4798,946,49,2024-02-08,2024,2,84.4,67.5,Laptop
4799,683,15,2023-12-13,2023,12,60.3,52.9,Desktop
4800,716,45,2024-12-17,2024,12,101.5,90.6,Smart TV
4801,781,41,2025-02-23,2025,2,88.3,74.8,Laptop
4802,766,16,2023-06-07,2023,6,57.6,58.8,Tablet
4803,506,38,2023-06-04,2023,6,72.5,59.4,Laptop
4804,487,6,2023-06-10,2023,6,89.4,77.7,Tablet
4805,974,13,2025-02-01,2025,2,74.0,82.2,Laptop
4806,278,14,2024-11-06,2024,11,86.7,58.6,Desktop
4807,337,33,2025-02-06,2025,2,77.3,67.2,Desktop
4808,27,27,2025-03-14,2025,3,59.2,69.6,Smart TV
4809,304,37,2024-04-26,2024,4,95.8,75.4,Smart TV
4810,631,39,2025-02-09,2025,2,56.8,61.7,Mobile
4811,426,7,2023-12-29,2023,12,113.2,87.1,Desktop
4812,86,7,2024-02-08,2024,2,115.6,88.9,Desktop
4813,672,13,2024-12-12,2024,12,23.2,25.8,Mobile
4814,510,14,2024-04-30,2024,4,68.2,46.1,Mobile
4815,483,45,2023-06-20,2023,6,93.5,83.5,Mobile
4816,966,7,2023-10-08,2023,10,94.6,72.8,Tablet
4817,835,31,2024-07-21,2024,7,85.7,89.3,Mobile
4818,570,9,2024-01-31,2024,1,104.6,81.7,Desktop
4819,213,8,2023-05-15,2023,5,82.6,87.9,Tablet
4820,803,13,2024-08-29,2024,8,65.0,72.2,Tablet
4821,407,12,2023-11-28,2023,11,93.4,77.8,Smart TV
4822,767,38,2024-10-10,2024,10,60.0,49.2,Laptop
4823,353,49,2024-02-20,2024,2,65.9,52.7,Smart TV
4824,613,7,2024-04-16,2024,4,61.0,46.9,Desktop
4825,882,38,2024-10-07,2024,10,108.6,89.0,Mobile
4826,221,26,2025-04-20,2025,4,86.5,74.6,Desktop
4827,867,43,2023-03-23,2023,3,96.2,97.2,Mobile
4828,186,42,2024-02-28,2024,2,88.4,80.4,Tablet
4829,736,19,2024-08-03,2024,8,81.3,68.9,Desktop
4830,420,29,2024-11-19,2024,11,35.3,31.5,Desktop
4831,230,14,2023-12-03,2023,12,79.8,53.9,Mobile
4832,34,7,2024-02-03,2024,2,56.7,43.6,Laptop
4833,805,37,2023-01-29,2023,1,56.3,44.3,Smart TV
4834,582,39,2023-10-06,2023,10,24.5,26.6,Mobile
4835,200,15,2023-08-26,2023,8,65.7,57.6,Laptop
4836,221,31,2024-11-12,2024,11,64.0,66.7,Tablet
4837,673,14,2024-12-03,2024,12,85.4,57.7,Mobile
4838,289,3,2025-04-25,2025,4,105.2,74.1,Laptop
4839,91,47,2023-03-05,2023,3,109.4,92.7,Tablet
4840,506,39,2023-08-10,2023,8,83.9,91.2,Desktop
4841,94,7,2024-02-15,2024,2,35.6,27.4,Laptop
4842,593,42,2024-12-28,2024,12,82.9,75.4,Mobile
4843,791,2,2023-02-18,2023,2,107.3,86.5,Smart TV
4844,916,3,2023-06-04,2023,6,103.0,72.5,Tablet
4845,874,27,2023-05-02,2023,5,52.4,61.7,Mobile
4846,766,5,2024-09-27,2024,9,45.5,46.4,Smart TV
4847,125,13,2023-09-22,2023,9,63.2,70.2,Laptop
4848,310,36,2023-09-25,2023,9,111.4,88.4,Mobile
4849,215,21,2023-07-22,2023,7,46.1,39.7,Mobile
4850,713,31,2024-08-02,2024,8,91.9,95.7,Mobile
4851,498,38,2023-04-13,2023,4,64.3,52.7,Desktop
4852,392,4,2023-03-23,2023,3,67.1,61.0,Tablet
4853,102,45,2023-03-30,2023,3,94.2,84.1,Mobile
4854,209,9,2025-03-12,2025,3,103.2,80.6,Desktop
4855,699,20,2025-04-16,2025,4,33.7,38.3,Tablet
4856,686,1,2023-06-15,2023,6,111.0,94.1,Desktop
4857,569,42,2023-04-01,2023,4,64.7,58.8,Mobile
4858,136,35,2024-04-15,2024,4,45.1,49.6,Smart TV
4859,931,32,2024-12-14,2024,12,55.7,39.8,Desktop
4860,219,28,2024-05-02,2024,5,116.8,86.5,Laptop
4861,503,25,2023-10-29,2023,10,126.2,87.0,Smart TV
4862,620,5,2023-09-02,2023,9,84.0,85.7,Mobile
4863,941,41,2024-05-26,2024,5,70.3,59.6,Mobile
4864,674,25,2023-05-06,2023,5,121.5,83.8,Laptop
4865,174,16,2024-10-18,2024,10,47.1,48.1,Laptop
4866,291,4,2023-03-19,2023,3,88.9,80.8,Mobile
4867,943,22,2023-08-12,2023,8,76.9,61.5,Tablet
4868,612,43,2024-03-19,2024,3,92.7,93.6,Smart TV
4869,398,5,2024-02-21,2024,2,72.4,73.9,Laptop
4870,172,21,2023-06-29,2023,6,96.0,82.8,Tablet
4871,758,20,2023-03-18,2023,3,57.5,65.3,Laptop
4872,499,47,2025-04-08,2025,4,45.3,38.4,Tablet
4873,598,35,2024-09-03,2024,9,43.9,48.2,Desktop
4874,937,23,2024-03-12,2024,3,72.9,65.1,Laptop
4875,519,37,2024-09-04,2024,9,68.5,53.9,Mobile
4876,32,24,2023-04-19,2023,4,75.4,75.4,Laptop
4877,444,29,2023-12-23,2023,12,102.4,91.4,Tablet
4878,214,24,2024-01-08,2024,1,83.6,83.6,Laptop
4879,908,10,2023-07-08,2023,7,69.7,68.3,Mobile
4880,467,10,2024-02-04,2024,2,67.1,65.8,Laptop
4881,415,24,2023-01-27,2023,1,56.7,56.7,Mobile
4882,488,2,2024-11-10,2024,11,43.3,34.9,Laptop
4883,880,42,2023-10-09,2023,10,48.5,44.1,Smart TV
4884,6,25,2024-06-05,2024,6,113.2,78.1,Tablet
4885,882,12,2023-09-24,2023,9,41.4,34.5,Desktop
4886,456,7,2023-01-06,2023,1,31.5,24.2,Tablet
4887,419,35,2024-09-05,2024,9,43.7,48.0,Mobile
4888,498,9,2024-07-03,2024,7,60.3,47.1,Tablet
4889,418,11,2023-07-16,2023,7,93.9,71.1,Mobile
4890,125,23,2025-03-22,2025,3,88.0,78.6,Smart TV
4891,235,10,2024-07-19,2024,7,48.7,47.7,Smart TV
4892,570,10,2023-10-18,2023,10,28.9,28.3,Laptop
4893,483,21,2023-06-09,2023,6,83.9,72.3,Laptop
4894,621,38,2024-09-01,2024,9,72.3,59.3,Mobile
4895,280,6,2023-02-09,2023,2,93.7,81.5,Desktop
4896,275,29,2024-09-11,2024,9,94.8,84.6,Smart TV
4897,382,7,2024-12-22,2024,12,57.9,44.5,Smart TV
4898,356,43,2023-01-31,2023,1,84.7,85.6,Laptop
4899,199,21,2025-03-09,2025,3,106.5,91.8,Smart TV
4900,169,42,2024-06-27,2024,6,83.0,75.5,Mobile
4901,811,28,2023-10-24,2023,10,60.3,44.7,Laptop
4902,980,32,2024-07-23,2024,7,133.3,95.2,Desktop
4903,778,30,2024-06-20,2024,6,63.0,55.3,Smart TV
4904,949,35,2023-01-18,2023,1,22.5,24.7,Laptop
4905,105,40,2023-10-22,2023,10,129.0,89.6,Laptop
4906,249,20,2023-03-21,2023,3,68.1,77.4,Smart TV
4907,806,49,2024-06-06,2024,6,103.6,82.9,Mobile
4908,953,42,2023-09-26,2023,9,64.6,58.7,Desktop
4909,420,30,2023-10-22,2023,10,93.1,81.7,Smart TV
4910,564,3,2023-06-29,2023,6,58.2,41.0,Desktop
4911,691,36,2024-09-16,2024,9,68.2,54.1,Tablet
4912,228,49,2023-12-19,2023,12,88.6,70.9,Desktop
4913,658,46,2023-01-26,2023,1,39.8,45.2,Desktop
4914,600,8,2024-11-14,2024,11,42.1,44.8,Desktop
4915,743,46,2024-03-31,2024,3,71.2,80.9,Smart TV
4916,842,47,2024-02-17,2024,2,89.3,75.7,Mobile
4917,327,22,2024-07-19,2024,7,76.2,61.0,Laptop
4918,937,32,2025-03-14,2025,3,89.6,64.0,Desktop
4919,314,45,2025-02-25,2025,2,34.0,30.4,Laptop
4920,192,37,2025-01-24,2025,1,27.8,21.9,Tablet
4921,618,28,2024-08-03,2024,8,104.8,77.6,Laptop
4922,368,10,2024-06-16,2024,6,77.7,76.2,Desktop
4923,440,1,2024-01-22,2024,1,45.5,38.6,Mobile
4924,398,22,2024-03-06,2024,3,86.1,68.9,Smart TV
4925,464,49,2023-10-07,2023,10,79.9,63.9,Mobile
4926,85,26,2023-11-22,2023,11,55.0,47.4,Tablet
4927,96,15,2024-03-04,2024,3,89.8,78.8,Mobile
4928,307,38,2024-07-19,2024,7,45.8,37.5,Laptop
4929,226,41,2023-01-21,2023,1,84.5,71.6,Smart TV
4930,491,47,2024-02-13,2024,2,90.4,76.6,Smart TV
4931,656,40,2024-02-12,2024,2,85.2,59.2,Laptop
4932,471,32,2023-07-04,2023,7,85.4,61.0,Mobile
4933,545,19,2024-11-22,2024,11,60.1,50.9,Smart TV
4934,923,17,2023-06-28,2023,6,63.8,53.2,Desktop
4935,5,3,2023-10-08,2023,10,57.4,40.4,Smart TV
4936,316,8,2025-01-07,2025,1,43.6,46.4,Tablet
4937,615,7,2023-12-02,2023,12,94.5,72.7,Laptop
4938,470,19,2024-08-21,2024,8,107.0,90.7,Tablet
4939,179,32,2024-07-30,2024,7,118.9,84.9,Mobile
4940,167,18,2023-06-18,2023,6,80.4,63.8,Mobile
4941,245,49,2023-08-07,2023,8,67.4,53.9,Smart TV
4942,636,22,2024-11-22,2024,11,94.8,75.8,Laptop
4943,186,15,2023-03-26,2023,3,69.4,60.9,Desktop
4944,944,9,2024-06-21,2024,6,83.1,64.9,Mobile
4945,287,2,2025-04-28,2025,4,58.3,47.0,Tablet
4946,402,12,2024-12-07,2024,12,92.0,76.7,Mobile
4947,454,11,2023-04-12,2023,4,92.7,70.2,Smart TV
4948,615,9,2025-04-29,2025,4,59.0,46.1,Laptop
4949,90,27,2024-04-20,2024,4,60.8,71.5,Mobile
4950,368,44,2023-09-04,2023,9,113.1,75.4,Tablet
4951,392,39,2023-08-03,2023,8,83.0,90.2,Mobile
4952,406,15,2023-05-10,2023,5,97.2,85.3,Mobile
4953,995,14,2023-05-05,2023,5,127.4,86.1,Desktop
4954,161,33,2023-02-16,2023,2,68.5,59.6,Laptop
4955,8,12,2023-06-04,2023,6,42.4,35.3,Mobile
4956,688,38,2023-02-19,2023,2,53.1,43.5,Smart TV
4957,659,16,2023-08-05,2023,8,62.8,64.1,Smart TV
4958,502,39,2024-05-13,2024,5,28.2,30.7,Mobile
4959,662,2,2023-07-08,2023,7,100.1,80.7,Laptop
4960,441,7,2024-01-21,2024,1,61.9,47.6,Laptop
4961,386,46,2025-01-05,2025,1,60.0,68.2,Mobile
4962,527,48,2024-01-13,2024,1,76.7,62.9,Desktop
4963,317,1,2025-01-14,2025,1,80.6,68.3,Desktop
4964,832,10,2023-08-21,2023,8,22.0,21.6,Laptop
4965,745,14,2023-05-20,2023,5,121.7,82.2,Mobile
4966,986,25,2024-10-28,2024,10,111.8,77.1,Tablet
4967,939,35,2025-02-25,2025,2,46.8,51.4,Laptop
4968,452,47,2023-10-22,2023,10,101.6,86.1,Tablet
4969,14,48,2023-05-02,2023,5,93.3,76.5,Laptop
4970,201,44,2024-09-21,2024,9,120.5,80.3,Mobile
4971,943,6,2024-11-17,2024,11,78.7,68.4,Tablet
4972,439,27,2024-12-29,2024,12,25.8,30.3,Smart TV
4973,675,31,2024-10-25,2024,10,85.2,88.8,Tablet
4974,69,9,2023-01-28,2023,1,107.3,83.8,Smart TV
4975,568,6,2025-04-21,2025,4,92.3,80.3,Laptop
4976,489,36,2023-02-26,2023,2,83.2,66.0,Mobile
4977,817,47,2024-10-01,2024,10,44.4,37.6,Smart TV
4978,252,5,2024-11-22,2024,11,57.5,58.7,Desktop
4979,697,29,2023-01-25,2023,1,72.6,64.8,Tablet
4980,648,28,2023-07-29,2023,7,83.4,61.8,Smart TV
4981,155,13,2024-12-01,2024,12,55.3,61.4,Desktop
4982,160,5,2023-05-22,2023,5,64.1,65.4,Laptop
4983,663,33,2024-01-12,2024,1,76.4,66.4,Tablet
4984,86,6,2023-10-20,2023,10,99.4,86.4,Desktop
4985,320,13,2023-01-23,2023,1,74.6,82.9,Smart TV
4986,465,22,2025-03-02,2025,3,111.9,89.5,Desktop
4987,771,35,2024-08-01,2024,8,35.9,39.4,Smart TV
4988,720,45,2023-03-16,2023,3,59.1,52.8,Laptop
4989,448,23,2024-09-05,2024,9,87.9,78.5,Desktop
4990,872,25,2024-01-25,2024,1,110.8,76.4,Smart TV
4991,995,31,2025-02-12,2025,2,89.8,93.5,Laptop
4992,106,32,2024-11-05,2024,11,103.2,73.7,Tablet
4993,423,22,2024-08-06,2024,8,49.1,39.3,Laptop
4994,918,14,2024-06-20,2024,6,69.4,46.9,Mobile
4995,101,18,2024-11-14,2024,11,110.2,87.5,Tablet
4996,824,23,2023-06-17,2023,6,89.9,80.3,Tablet
4997,300,12,2024-03-17,2024,3,81.7,68.1,Smart TV
4998,893,24,2023-03-07,2023,3,84.7,84.7,Tablet
4999,188,18,2023-11-20,2023,11,115.5,91.7,Smart TV
5000,986,16,2024-05-15,2024,5,90.5,92.3,Laptop
5001,689,26,2023-11-18,2023,11,105.4,90.9,Tablet
5002,629,31,2024-02-25,2024,2,54.5,56.8,Tablet
5003,524,19,2024-08-25,2024,8,79.2,67.1,Smart TV
5004,286,37,2023-10-22,2023,10,102.5,80.7,Mobile
5005,23,20,2024-02-21,2024,2,44.4,50.5,Tablet
5006,593,9,2024-08-04,2024,8,85.4,66.7,Tablet
5007,547,22,2023-04-23,2023,4,59.1,47.3,Mobile
5008,888,27,2025-02-23,2025,2,48.7,57.3,Tablet
5009,729,32,2023-07-03,2023,7,106.0,75.7,Smart TV
5010,758,21,2024-12-20,2024,12,35.5,30.6,Tablet
5011,599,14,2023-09-21,2023,9,118.0,79.7,Laptop
5012,888,9,2023-03-16,2023,3,59.0,46.1,Mobile
5013,309,28,2025-03-12,2025,3,105.8,78.4,Mobile
5014,191,10,2025-03-17,2025,3,52.9,51.9,Tablet
5015,473,36,2024-12-07,2024,12,114.9,91.2,Mobile
5016,294,23,2024-05-19,2024,5,91.1,81.3,Tablet
5017,879,9,2024-01-18,2024,1,57.1,44.6,Desktop
5018,299,45,2024-11-02,2024,11,40.8,36.4,Mobile
5019,209,15,2024-10-27,2024,10,87.1,76.4,Smart TV
5020,96,19,2024-04-08,2024,4,87.0,73.7,Smart TV
5021,793,16,2023-07-17,2023,7,66.7,68.1,Smart TV
5022,711,4,2024-08-04,2024,8,88.3,80.3,Laptop
5023,325,5,2025-01-04,2025,1,58.0,59.2,Tablet
5024,13,26,2023-07-21,2023,7,76.6,66.0,Smart TV
5025,688,9,2025-03-13,2025,3,121.6,95.0,Desktop
5026,437,13,2023-01-05,2023,1,80.7,89.7,Smart TV
5027,28,4,2025-01-07,2025,1,87.2,79.3,Laptop
5028,516,18,2023-05-10,2023,5,81.8,64.9,Laptop
5029,792,35,2023-07-28,2023,7,64.2,70.6,Tablet
5030,870,29,2024-11-22,2024,11,83.7,74.7,Mobile
5031,970,33,2023-06-20,2023,6,105.1,91.4,Desktop
5032,620,26,2024-05-25,2024,5,94.3,81.3,Mobile
5033,715,14,2024-01-26,2024,1,39.5,26.7,Laptop
5034,656,44,2023-09-17,2023,9,114.3,76.2,Laptop
5035,913,28,2024-09-05,2024,9,62.5,46.3,Desktop
5036,380,27,2023-10-14,2023,10,63.8,75.0,Mobile
5037,888,13,2023-05-30,2023,5,48.1,53.4,Mobile
5038,930,37,2023-08-09,2023,8,81.4,64.1,Mobile
5039,80,7,2023-12-06,2023,12,76.7,59.0,Mobile
5040,487,23,2025-03-16,2025,3,99.7,89.0,Mobile
5041,554,4,2023-08-10,2023,8,101.6,92.4,Desktop
5042,591,41,2025-02-14,2025,2,96.2,81.5,Mobile
5043,293,17,2024-10-15,2024,10,46.6,38.8,Laptop
5044,63,18,2023-09-05,2023,9,48.1,38.2,Tablet
5045,395,33,2023-12-15,2023,12,45.9,39.9,Smart TV
5046,854,22,2023-07-15,2023,7,90.1,72.1,Mobile
5047,282,33,2024-10-23,2024,10,61.6,53.6,Laptop
5048,470,21,2023-12-27,2023,12,82.7,71.3,Smart TV
5049,44,40,2024-10-16,2024,10,40.2,27.9,Tablet
5050,529,21,2024-01-26,2024,1,67.6,58.3,Mobile
5051,499,29,2024-07-16,2024,7,63.7,56.9,Mobile
5052,986,39,2023-02-08,2023,2,53.4,58.0,Mobile
5053,415,39,2024-06-23,2024,6,60.5,65.8,Smart TV
5054,496,45,2023-04-16,2023,4,75.7,67.6,Mobile
5055,375,34,2024-02-03,2024,2,79.1,67.0,Desktop
5056,433,8,2023-03-29,2023,3,54.9,58.4,Tablet
5057,450,23,2024-08-16,2024,8,91.7,81.9,Desktop
5058,207,43,2023-07-23,2023,7,48.3,48.8,Mobile
5059,488,3,2025-01-06,2025,1,86.3,60.8,Mobile
5060,341,35,2023-08-01,2023,8,42.8,47.0,Desktop
5061,69,38,2023-12-23,2023,12,81.5,66.8,Tablet
5062,723,10,2024-07-12,2024,7,65.1,63.8,Laptop
5063,975,16,2023-09-11,2023,9,73.3,74.8,Desktop
5064,789,49,2024-06-05,2024,6,61.4,49.1,Smart TV
5065,398,26,2024-11-06,2024,11,54.8,47.2,Tablet
5066,928,45,2024-05-08,2024,5,69.1,61.7,Mobile
5067,69,44,2023-12-05,2023,12,109.5,73.0,Laptop
5068,952,28,2024-03-14,2024,3,99.1,73.4,Desktop
5069,890,14,2023-01-05,2023,1,125.9,85.1,Smart TV
5070,7,10,2025-03-18,2025,3,73.2,71.8,Smart TV
5071,162,30,2023-07-03,2023,7,79.7,69.9,Tablet
5072,441,38,2024-07-27,2024,7,103.6,84.9,Smart TV
5073,262,21,2023-03-13,2023,3,90.0,77.6,Mobile
5074,169,21,2023-05-09,2023,5,101.7,87.7,Laptop
5075,967,20,2024-03-12,2024,3,40.4,45.9,Desktop
5076,479,13,2023-01-08,2023,1,56.2,62.5,Tablet
5077,129,47,2023-01-09,2023,1,91.6,77.6,Smart TV
5078,569,46,2023-06-20,2023,6,64.0,72.7,Tablet
5079,467,48,2025-02-12,2025,2,54.4,44.6,Desktop
5080,300,9,2023-11-23,2023,11,58.6,45.8,Tablet
5081,669,33,2024-02-04,2024,2,59.9,52.1,Desktop
5082,63,1,2024-03-29,2024,3,105.6,89.5,Smart TV
5083,75,4,2025-04-27,2025,4,51.8,47.1,Laptop
5084,145,13,2023-10-30,2023,10,53.3,59.2,Mobile
5085,358,48,2024-11-05,2024,11,85.5,70.1,Tablet
5086,481,7,2025-02-14,2025,2,99.7,76.7,Tablet
5087,958,8,2024-11-25,2024,11,61.3,65.2,Mobile
5088,386,24,2024-12-27,2024,12,76.3,76.3,Laptop
5089,791,26,2024-02-17,2024,2,96.6,83.3,Tablet
5090,304,3,2024-09-13,2024,9,108.3,76.3,Tablet
5091,537,16,2023-07-19,2023,7,57.5,58.7,Laptop
5092,17,2,2024-09-21,2024,9,100.3,80.9,Smart TV
5093,166,19,2023-05-22,2023,5,113.3,96.0,Tablet
5094,699,46,2024-01-09,2024,1,50.9,57.8,Smart TV
5095,981,45,2023-07-06,2023,7,51.2,45.7,Mobile
5096,594,5,2025-02-17,2025,2,87.0,88.8,Mobile
5097,470,2,2024-01-06,2024,1,99.2,80.0,Tablet
5098,688,16,2024-03-07,2024,3,35.4,36.1,Mobile
5099,343,32,2025-03-18,2025,3,108.8,77.7,Mobile
5100,85,22,2023-02-08,2023,2,102.9,82.3,Mobile
5101,45,5,2024-02-11,2024,2,78.7,80.3,Tablet
5102,10,2,2024-05-31,2024,5,40.9,33.0,Tablet
5103,358,36,2024-08-08,2024,8,102.2,81.1,Laptop
5104,865,30,2023-12-11,2023,12,86.4,75.8,Desktop
5105,941,14,2023-08-14,2023,8,89.8,60.7,Desktop
5106,513,46,2023-07-31,2023,7,69.6,79.1,Desktop
5107,192,7,2023-10-18,2023,10,96.8,74.5,Tablet
5108,584,6,2025-04-17,2025,4,64.6,56.2,Smart TV
5109,994,46,2024-06-01,2024,6,78.3,89.0,Tablet
5110,874,19,2024-11-26,2024,11,101.2,85.8,Smart TV
5111,24,14,2023-04-04,2023,4,135.7,91.7,Tablet
5112,710,9,2025-04-16,2025,4,100.5,78.5,Tablet
5113,374,10,2025-03-08,2025,3,73.3,71.9,Laptop
5114,403,35,2023-12-08,2023,12,71.6,78.7,Smart TV
5115,738,32,2024-11-16,2024,11,64.3,45.9,Mobile
5116,41,3,2024-12-06,2024,12,125.0,88.0,Smart TV
5117,22,35,2024-02-05,2024,2,30.6,33.6,Tablet
5118,809,2,2023-11-24,2023,11,51.0,41.1,Mobile
5119,573,22,2023-10-14,2023,10,66.1,52.9,Smart TV
5120,508,8,2024-02-15,2024,2,40.9,43.5,Mobile
5121,901,42,2024-12-13,2024,12,89.5,81.4,Smart TV
5122,328,27,2024-11-02,2024,11,46.0,54.1,Smart TV
5123,832,1,2023-04-02,2023,4,105.5,89.4,Mobile
5124,740,3,2024-08-26,2024,8,51.8,36.5,Desktop
5125,603,16,2023-03-09,2023,3,72.1,73.6,Desktop
5126,117,47,2023-01-04,2023,1,100.2,84.9,Laptop
5127,875,35,2023-02-15,2023,2,59.9,65.8,Smart TV
5128,344,45,2023-10-13,2023,10,42.9,38.3,Desktop
5129,902,39,2025-02-13,2025,2,62.0,67.4,Desktop
5130,758,15,2023-02-20,2023,2,103.1,90.4,Smart TV
5131,649,29,2024-03-03,2024,3,75.0,67.0,Smart TV
5132,789,27,2024-02-08,2024,2,68.7,80.8,Mobile
5133,525,6,2023-05-24,2023,5,110.2,95.8,Tablet
5134,533,5,2023-12-24,2023,12,75.5,77.0,Desktop
5135,311,30,2024-12-15,2024,12,108.6,95.3,Tablet
5136,868,1,2023-12-22,2023,12,105.8,89.7,Smart TV
5137,76,6,2023-02-07,2023,2,109.2,95.0,Desktop
5138,970,14,2024-11-21,2024,11,123.9,83.7,Smart TV
5139,9,40,2024-03-19,2024,3,102.0,70.8,Smart TV
5140,620,29,2024-09-25,2024,9,79.7,71.2,Smart TV
5141,97,36,2024-08-21,2024,8,121.1,96.1,Laptop
5142,144,43,2024-03-08,2024,3,75.4,76.2,Tablet
5143,418,47,2023-12-31,2023,12,92.0,78.0,Mobile
5144,416,32,2024-03-13,2024,3,97.9,69.9,Mobile
5145,522,32,2024-05-05,2024,5,91.7,65.5,Smart TV
5146,674,34,2024-07-09,2024,7,100.2,84.9,Smart TV
5147,419,16,2024-03-18,2024,3,71.7,73.2,Laptop
5148,26,6,2025-01-16,2025,1,90.0,78.3,Smart TV
5149,471,26,2023-06-26,2023,6,87.6,75.5,Smart TV
5150,436,28,2024-03-21,2024,3,91.8,68.0,Desktop
5151,12,37,2024-12-17,2024,12,101.3,79.8,Tablet
5152,660,26,2023-03-29,2023,3,107.0,92.2,Laptop
5153,174,12,2024-07-17,2024,7,108.0,90.0,Desktop
5154,693,46,2024-07-04,2024,7,14.6,16.6,Laptop
5155,595,38,2023-09-05,2023,9,103.5,84.8,Desktop
5156,549,7,2023-05-19,2023,5,79.3,61.0,Desktop
5157,489,31,2024-04-21,2024,4,46.2,48.1,Laptop
5158,998,39,2024-05-22,2024,5,23.0,25.0,Smart TV
5159,935,36,2024-01-14,2024,1,117.2,93.0,Desktop
5160,26,21,2023-01-31,2023,1,105.0,90.5,Laptop
5161,128,29,2023-04-22,2023,4,99.2,88.6,Tablet
5162,338,31,2024-07-18,2024,7,72.0,75.0,Desktop
5163,72,9,2024-08-27,2024,8,118.8,92.8,Laptop
5164,889,26,2023-12-26,2023,12,98.1,84.6,Desktop
5165,546,29,2023-03-24,2023,3,87.5,78.1,Laptop
5166,539,28,2023-02-10,2023,2,50.1,37.1,Laptop
5167,793,3,2023-01-05,2023,1,115.2,81.1,Smart TV
5168,269,18,2024-08-31,2024,8,101.4,80.5,Smart TV
5169,536,29,2024-07-28,2024,7,96.2,85.9,Tablet
5170,358,41,2024-04-19,2024,4,114.5,97.0,Smart TV
5171,658,2,2025-03-03,2025,3,58.4,47.1,Smart TV
5172,19,8,2023-04-15,2023,4,37.1,39.5,Mobile
5173,66,42,2024-06-03,2024,6,71.6,65.1,Mobile
5174,506,18,2023-06-25,2023,6,93.9,74.5,Mobile
5175,412,43,2024-10-20,2024,10,75.1,75.9,Smart TV
5176,186,11,2023-08-21,2023,8,114.3,86.6,Tablet
5177,620,14,2025-04-20,2025,4,66.5,44.9,Desktop
5178,17,25,2023-06-22,2023,6,128.0,88.3,Mobile
5179,802,32,2024-10-16,2024,10,72.7,51.9,Smart TV
5180,832,17,2025-03-15,2025,3,60.0,50.0,Tablet
5181,667,46,2024-03-09,2024,3,60.0,68.2,Desktop
5182,463,24,2023-09-02,2023,9,69.4,69.4,Laptop
5183,26,45,2025-04-08,2025,4,68.5,61.2,Mobile
5184,827,42,2025-02-19,2025,2,63.8,58.0,Tablet
5185,969,43,2024-09-03,2024,9,63.1,63.7,Tablet
5186,695,32,2023-09-19,2023,9,50.5,36.1,Tablet
5187,556,32,2025-03-18,2025,3,74.1,52.9,Laptop
5188,260,24,2023-08-13,2023,8,56.4,56.4,Mobile
5189,288,25,2024-11-02,2024,11,97.4,67.2,Desktop
5190,999,35,2024-11-09,2024,11,47.9,52.6,Desktop
5191,204,43,2025-02-04,2025,2,86.7,87.6,Desktop
5192,204,19,2024-07-29,2024,7,96.9,82.1,Smart TV
5193,678,23,2024-11-01,2024,11,82.1,73.3,Tablet
5194,646,11,2024-03-02,2024,3,113.3,85.8,Smart TV
5195,445,26,2025-04-29,2025,4,69.0,59.5,Laptop
5196,247,10,2023-01-31,2023,1,88.8,87.1,Tablet
5197,485,24,2024-06-21,2024,6,69.5,69.5,Desktop
5198,923,39,2023-10-25,2023,10,66.0,71.7,Tablet
5199,790,40,2024-07-28,2024,7,77.3,53.7,Laptop
5200,308,16,2025-01-16,2025,1,66.0,67.3,Desktop
5201,708,22,2024-07-02,2024,7,41.0,32.8,Mobile
5202,782,47,2025-03-20,2025,3,70.7,59.9,Mobile
5203,370,47,2023-02-02,2023,2,89.3,75.7,Desktop
5204,276,26,2024-04-19,2024,4,57.2,49.3,Mobile
5205,53,30,2023-07-21,2023,7,66.3,58.2,Desktop
5206,777,13,2024-08-03,2024,8,52.4,58.2,Smart TV
5207,937,48,2024-05-16,2024,5,109.1,89.4,Desktop
5208,323,18,2024-10-12,2024,10,105.8,84.0,Laptop
5209,683,41,2024-12-03,2024,12,29.5,25.0,Desktop
5210,948,2,2023-03-06,2023,3,82.8,66.8,Laptop
5211,573,23,2023-04-23,2023,4,70.4,62.9,Smart TV
5212,706,45,2024-10-13,2024,10,28.0,25.0,Laptop
5213,24,43,2023-07-09,2023,7,92.1,93.0,Mobile
5214,320,14,2023-12-18,2023,12,80.5,54.4,Mobile
5215,143,30,2024-09-02,2024,9,65.1,57.1,Smart TV
5216,845,15,2025-02-07,2025,2,80.5,70.6,Laptop
5217,193,6,2025-03-27,2025,3,93.5,81.3,Mobile
5218,115,10,2023-09-02,2023,9,80.0,78.4,Desktop
5219,30,18,2023-06-20,2023,6,82.8,65.7,Smart TV
5220,907,30,2025-04-16,2025,4,65.1,57.1,Desktop
5221,445,44,2024-01-25,2024,1,134.1,89.4,Laptop
5222,114,45,2023-02-22,2023,2,80.9,72.2,Tablet
5223,229,34,2023-07-17,2023,7,87.0,73.7,Laptop
5224,357,19,2023-12-17,2023,12,109.3,92.6,Laptop
5225,648,49,2024-03-17,2024,3,118.4,94.7,Desktop
5226,844,41,2023-03-24,2023,3,88.6,75.1,Laptop
5227,97,6,2024-05-03,2024,5,90.6,78.8,Laptop
5228,353,23,2023-11-17,2023,11,92.6,82.7,Smart TV
5229,706,30,2024-12-16,2024,12,37.3,32.7,Tablet
5230,139,31,2023-07-10,2023,7,70.3,73.2,Mobile
5231,426,30,2023-07-24,2023,7,63.7,55.9,Laptop
5232,395,7,2023-05-24,2023,5,112.3,86.4,Laptop
5233,851,31,2024-01-19,2024,1,89.7,93.4,Smart TV
5234,780,28,2023-09-21,2023,9,118.9,88.1,Smart TV
5235,772,28,2023-01-30,2023,1,96.8,71.7,Desktop
5236,122,33,2025-03-13,2025,3,90.2,78.4,Tablet
5237,164,1,2024-08-26,2024,8,90.6,76.8,Mobile
5238,435,37,2023-08-28,2023,8,51.9,40.9,Tablet
5239,247,2,2025-03-20,2025,3,107.0,86.3,Desktop
5240,613,22,2023-03-17,2023,3,84.5,67.6,Tablet
5241,964,4,2023-11-15,2023,11,68.0,61.8,Laptop
5242,739,40,2025-04-21,2025,4,108.6,75.4,Smart TV
5243,940,9,2024-11-24,2024,11,103.0,80.5,Tablet
5244,452,15,2024-11-23,2024,11,96.6,84.7,Smart TV
5245,976,49,2023-08-09,2023,8,72.8,58.2,Smart TV
5246,848,34,2024-07-23,2024,7,85.5,72.5,Mobile
5247,316,33,2023-12-19,2023,12,99.6,86.6,Mobile
5248,674,19,2024-10-27,2024,10,56.8,48.1,Smart TV
5249,379,39,2025-04-15,2025,4,45.5,49.5,Mobile
5250,880,44,2023-05-29,2023,5,110.4,73.6,Smart TV
5251,110,16,2023-09-19,2023,9,45.4,46.3,Laptop
5252,786,24,2024-03-28,2024,3,64.4,64.4,Smart TV
5253,621,40,2023-03-07,2023,3,63.2,43.9,Laptop
5254,300,38,2023-01-25,2023,1,100.5,82.4,Laptop
5255,199,6,2024-06-17,2024,6,99.6,86.6,Smart TV
5256,663,20,2023-09-12,2023,9,56.8,64.6,Smart TV
5257,938,6,2023-02-09,2023,2,91.7,79.7,Smart TV
5258,681,38,2024-05-10,2024,5,85.5,70.1,Mobile
5259,329,2,2024-02-22,2024,2,59.1,47.7,Desktop
5260,118,44,2024-04-23,2024,4,114.2,76.1,Tablet
5261,925,22,2025-04-08,2025,4,47.9,38.3,Tablet
5262,219,11,2024-06-05,2024,6,58.2,44.1,Tablet
5263,145,44,2024-09-21,2024,9,61.2,40.8,Mobile
5264,749,33,2024-05-15,2024,5,62.7,54.5,Desktop
5265,160,11,2023-04-11,2023,4,99.8,75.6,Smart TV
5266,407,37,2023-03-19,2023,3,106.7,84.0,Tablet
5267,224,44,2024-04-16,2024,4,101.4,67.6,Tablet
5268,117,2,2024-01-03,2024,1,57.9,46.7,Desktop
5269,699,29,2024-05-14,2024,5,25.0,22.3,Laptop
5270,355,39,2025-01-28,2025,1,63.9,69.5,Laptop
5271,885,13,2023-02-27,2023,2,45.6,50.7,Mobile
5272,829,12,2023-01-07,2023,1,55.3,46.1,Tablet
5273,761,34,2023-09-07,2023,9,87.3,74.0,Desktop
5274,628,3,2023-08-07,2023,8,116.7,82.2,Laptop
5275,654,23,2023-02-26,2023,2,55.7,49.7,Laptop
5276,516,26,2024-04-08,2024,4,96.2,82.9,Mobile
5277,244,42,2025-03-08,2025,3,39.3,35.7,Mobile
5278,620,47,2025-03-18,2025,3,62.2,52.7,Tablet
5279,702,45,2024-04-15,2024,4,88.9,79.4,Laptop
5280,641,5,2024-07-03,2024,7,38.4,39.2,Tablet
5281,555,33,2023-04-09,2023,4,40.5,35.2,Smart TV
5282,851,36,2024-11-11,2024,11,58.2,46.2,Smart TV
5283,74,4,2025-02-07,2025,2,66.4,60.4,Smart TV
5284,251,18,2024-01-20,2024,1,47.5,37.7,Desktop
5285,318,11,2023-06-02,2023,6,31.5,23.9,Smart TV
5286,549,43,2024-07-14,2024,7,49.1,49.6,Smart TV
5287,178,3,2025-02-28,2025,2,104.4,73.5,Smart TV
5288,702,47,2023-03-20,2023,3,104.0,88.1,Tablet
5289,536,8,2025-01-11,2025,1,52.2,55.5,Tablet
5290,862,1,2023-09-01,2023,9,86.0,72.9,Mobile
5291,665,45,2024-05-05,2024,5,108.2,96.6,Tablet
5292,615,1,2024-04-22,2024,4,97.2,82.4,Desktop
5293,724,20,2024-10-25,2024,10,51.8,58.9,Mobile
5294,44,2,2023-12-29,2023,12,56.9,45.9,Laptop
5295,716,46,2023-04-13,2023,4,75.7,86.0,Mobile
5296,468,8,2024-03-20,2024,3,58.7,62.4,Mobile
5297,814,42,2024-11-18,2024,11,80.0,72.7,Desktop
5298,329,7,2023-07-04,2023,7,69.7,53.6,Mobile
5299,542,24,2023-03-24,2023,3,83.1,83.1,Desktop
5300,772,6,2024-09-29,2024,9,65.7,57.1,Laptop
5301,371,17,2024-01-08,2024,1,80.2,66.8,Tablet
5302,146,40,2024-02-09,2024,2,89.7,62.3,Tablet
5303,843,8,2024-09-06,2024,9,53.0,56.4,Mobile
5304,242,29,2024-04-01,2024,4,91.6,81.8,Mobile
5305,705,49,2024-11-22,2024,11,88.8,71.0,Tablet
5306,769,10,2024-03-11,2024,3,56.5,55.4,Laptop
5307,411,7,2023-05-18,2023,5,106.7,82.1,Tablet
5308,946,29,2024-07-10,2024,7,60.1,53.7,Mobile
5309,382,24,2024-05-21,2024,5,52.8,52.8,Mobile
5310,201,35,2024-06-21,2024,6,44.5,48.9,Mobile
5311,170,47,2023-05-24,2023,5,63.2,53.6,Laptop
5312,684,25,2023-03-12,2023,3,86.4,59.6,Tablet
5313,908,25,2023-06-30,2023,6,102.5,70.7,Smart TV
5314,745,14,2023-01-01,2023,1,87.8,59.3,Mobile
5315,74,30,2024-03-02,2024,3,95.4,83.7,Laptop
5316,179,41,2024-11-18,2024,11,50.9,43.1,Smart TV
5317,303,33,2023-08-21,2023,8,50.8,44.2,Tablet
5318,545,48,2024-03-07,2024,3,64.4,52.8,Tablet
5319,269,31,2023-01-28,2023,1,82.8,86.2,Tablet
5320,321,25,2024-07-05,2024,7,137.3,94.7,Tablet
5321,608,33,2024-05-09,2024,5,104.2,90.6,Smart TV
5322,387,36,2024-07-26,2024,7,105.5,83.7,Smart TV
5323,4,2,2023-10-12,2023,10,90.6,73.1,Tablet
5324,700,39,2024-10-18,2024,10,63.9,69.5,Mobile
5325,784,23,2024-08-13,2024,8,106.0,94.6,Smart TV
5326,799,46,2024-08-31,2024,8,57.9,65.8,Tablet
5327,958,4,2024-01-28,2024,1,67.5,61.4,Smart TV
5328,287,5,2023-02-14,2023,2,28.5,29.1,Smart TV
5329,593,7,2023-03-25,2023,3,95.0,73.1,Smart TV
5330,132,33,2023-06-10,2023,6,66.9,58.2,Mobile
5331,532,13,2023-01-21,2023,1,32.8,36.4,Desktop
5332,792,26,2024-10-29,2024,10,42.6,36.7,Tablet
5333,343,44,2024-04-03,2024,4,108.5,72.3,Desktop
5334,672,17,2024-08-13,2024,8,83.8,69.8,Laptop
5335,596,40,2024-04-04,2024,4,110.9,77.0,Mobile
5336,324,11,2023-05-19,2023,5,57.4,43.5,Mobile
5337,114,18,2024-07-13,2024,7,109.2,86.7,Laptop
5338,428,23,2024-06-13,2024,6,91.7,81.9,Desktop
5339,635,35,2024-11-09,2024,11,75.5,83.0,Mobile
5340,444,5,2024-05-19,2024,5,71.6,73.1,Laptop
5341,417,16,2023-04-07,2023,4,95.2,97.1,Smart TV
5342,849,7,2023-06-22,2023,6,98.4,75.7,Laptop
5343,853,23,2024-04-04,2024,4,95.4,85.2,Tablet
5344,106,27,2024-09-03,2024,9,47.2,55.5,Tablet
5345,936,36,2024-06-03,2024,6,49.4,39.2,Desktop
5346,860,14,2024-06-22,2024,6,128.3,86.7,Desktop
5347,664,38,2024-08-22,2024,8,44.8,36.7,Desktop
5348,971,11,2024-12-15,2024,12,47.1,35.7,Smart TV
5349,659,1,2024-05-26,2024,5,47.2,40.0,Tablet
5350,357,13,2025-03-25,2025,3,37.1,41.2,Tablet
5351,228,45,2023-07-19,2023,7,74.8,66.8,Mobile
5352,822,16,2023-03-20,2023,3,68.0,69.4,Desktop
5353,338,18,2024-08-15,2024,8,42.6,33.8,Mobile
5354,318,45,2024-09-08,2024,9,96.2,85.9,Smart TV
5355,488,44,2023-06-17,2023,6,113.8,75.9,Laptop
5356,381,34,2025-03-06,2025,3,72.7,61.6,Smart TV
5357,350,45,2024-03-07,2024,3,100.0,89.3,Smart TV
5358,697,39,2024-08-23,2024,8,68.9,74.9,Smart TV
5359,494,18,2025-01-20,2025,1,67.7,53.7,Smart TV
5360,149,21,2025-03-06,2025,3,108.1,93.2,Laptop
5361,109,29,2025-04-08,2025,4,64.5,57.6,Desktop
5362,718,48,2023-07-08,2023,7,74.4,61.0,Mobile
5363,645,48,2023-09-18,2023,9,104.7,85.8,Tablet
5364,920,12,2023-04-19,2023,4,102.4,85.3,Smart TV
5365,724,13,2024-02-20,2024,2,33.3,37.0,Desktop
5366,405,15,2024-08-08,2024,8,86.4,75.8,Laptop
5367,265,7,2025-04-24,2025,4,68.8,52.9,Desktop
5368,258,21,2023-08-28,2023,8,48.8,42.1,Tablet
5369,223,4,2024-09-09,2024,9,61.0,55.5,Tablet
5370,613,26,2024-06-17,2024,6,91.2,78.6,Laptop
5371,794,40,2023-02-17,2023,2,112.6,78.2,Tablet
5372,713,43,2023-11-10,2023,11,62.8,63.4,Desktop
5373,552,30,2023-05-19,2023,5,88.0,77.2,Mobile
5374,576,48,2024-09-17,2024,9,92.8,76.1,Smart TV
5375,720,7,2024-04-16,2024,4,91.1,70.1,Smart TV
5376,337,42,2025-02-17,2025,2,99.7,90.6,Tablet
5377,411,33,2023-03-07,2023,3,44.4,38.6,Smart TV
5378,221,40,2024-04-26,2024,4,74.3,51.6,Tablet
5379,464,2,2024-05-04,2024,5,99.2,80.0,Mobile
5380,491,43,2023-08-20,2023,8,79.8,80.6,Mobile
5381,724,12,2023-11-09,2023,11,55.6,46.3,Smart TV
5382,662,11,2025-01-22,2025,1,114.3,86.6,Laptop
5383,97,45,2024-09-23,2024,9,81.0,72.3,Smart TV
5384,831,4,2024-02-26,2024,2,87.1,79.2,Smart TV
5385,190,47,2023-08-29,2023,8,79.7,67.5,Laptop
5386,924,1,2023-04-07,2023,4,104.5,88.6,Mobile
5387,665,20,2023-10-25,2023,10,43.5,49.4,Desktop
5388,894,18,2023-06-09,2023,6,99.5,79.0,Mobile
5389,162,45,2023-10-14,2023,10,62.4,55.7,Laptop
5390,8,45,2024-09-07,2024,9,67.2,60.0,Tablet
5391,360,45,2023-04-04,2023,4,50.2,44.8,Desktop
5392,437,43,2023-03-08,2023,3,94.1,95.1,Tablet
5393,281,1,2024-09-19,2024,9,99.8,84.6,Laptop
5394,106,20,2024-05-21,2024,5,57.0,64.8,Desktop
5395,724,5,2023-07-17,2023,7,49.8,50.8,Smart TV
5396,308,21,2023-04-06,2023,4,92.5,79.7,Desktop
5397,58,33,2025-04-24,2025,4,58.1,50.5,Mobile
5398,684,5,2023-01-28,2023,1,49.7,50.7,Laptop
5399,632,18,2023-07-05,2023,7,103.8,82.4,Desktop
5400,180,3,2024-10-11,2024,10,131.8,92.8,Smart TV
5401,492,25,2024-12-29,2024,12,93.5,64.5,Desktop
5402,680,28,2024-09-06,2024,9,67.5,50.0,Smart TV
5403,584,23,2023-08-28,2023,8,61.3,54.7,Tablet
5404,96,37,2023-09-14,2023,9,53.3,42.0,Mobile
5405,641,35,2025-03-12,2025,3,58.5,64.3,Mobile
5406,856,40,2025-03-23,2025,3,78.6,54.6,Laptop
5407,130,18,2024-10-31,2024,10,97.4,77.3,Smart TV
5408,302,1,2024-01-23,2024,1,79.1,67.0,Smart TV
5409,525,48,2023-07-12,2023,7,70.2,57.5,Smart TV
5410,207,20,2024-11-21,2024,11,56.5,64.2,Smart TV
5411,264,14,2024-04-28,2024,4,94.6,63.9,Desktop
5412,391,28,2024-09-18,2024,9,76.1,56.4,Mobile
5413,520,28,2025-03-05,2025,3,114.5,84.8,Laptop
5414,180,19,2023-09-13,2023,9,96.2,81.5,Smart TV
5415,393,40,2023-05-17,2023,5,106.1,73.7,Laptop
5416,22,29,2023-10-03,2023,10,58.9,52.6,Mobile
5417,592,23,2023-06-17,2023,6,105.7,94.4,Desktop
5418,649,34,2025-04-06,2025,4,90.6,76.8,Laptop
5419,624,18,2024-05-06,2024,5,108.7,86.3,Mobile
5420,255,37,2024-03-13,2024,3,107.7,84.8,Desktop
5421,895,28,2023-10-18,2023,10,82.6,61.2,Laptop
5422,616,7,2024-04-26,2024,4,85.7,65.9,Mobile
5423,265,30,2023-05-08,2023,5,96.4,84.6,Desktop
5424,207,1,2023-02-08,2023,2,97.8,82.9,Desktop
5425,349,18,2023-05-20,2023,5,92.6,73.5,Tablet
5426,218,18,2023-10-19,2023,10,103.3,82.0,Desktop
5427,661,26,2024-11-13,2024,11,74.6,64.3,Tablet
5428,441,29,2024-08-26,2024,8,81.6,72.9,Desktop
5429,265,30,2023-01-17,2023,1,75.4,66.1,Mobile
5430,469,45,2024-10-19,2024,10,34.5,30.8,Tablet
5431,599,4,2023-03-29,2023,3,95.0,86.4,Desktop
5432,451,6,2023-03-24,2023,3,36.5,31.7,Smart TV
5433,818,34,2023-09-24,2023,9,99.5,84.3,Tablet
5434,106,22,2024-02-06,2024,2,87.5,70.0,Laptop
5435,429,28,2025-01-15,2025,1,82.6,61.2,Laptop
5436,79,35,2025-01-15,2025,1,75.9,83.4,Mobile
5437,394,32,2024-11-09,2024,11,82.6,59.0,Desktop
5438,909,47,2024-11-30,2024,11,59.8,50.7,Laptop
5439,711,14,2024-01-12,2024,1,113.1,76.4,Tablet
5440,590,34,2023-12-02,2023,12,35.2,29.8,Laptop
5441,332,49,2023-01-18,2023,1,97.4,77.9,Tablet
5442,419,46,2024-08-13,2024,8,39.9,45.3,Laptop
5443,319,3,2023-05-19,2023,5,121.4,85.5,Laptop
5444,923,12,2025-03-25,2025,3,88.8,74.0,Mobile
5445,483,45,2024-07-03,2024,7,84.3,75.3,Laptop
5446,821,29,2023-05-08,2023,5,66.6,59.5,Mobile
5447,865,9,2023-12-05,2023,12,47.4,37.0,Smart TV
5448,552,21,2024-12-23,2024,12,114.7,98.9,Tablet
5449,763,12,2025-02-12,2025,2,77.0,64.2,Laptop
5450,527,5,2024-10-06,2024,10,69.4,70.8,Desktop
5451,663,19,2024-08-09,2024,8,65.7,55.7,Tablet
5452,881,36,2023-02-23,2023,2,99.7,79.1,Smart TV
5453,331,33,2023-12-26,2023,12,62.0,53.9,Mobile
5454,23,6,2025-02-21,2025,2,54.2,47.1,Desktop
5455,592,25,2024-09-07,2024,9,89.3,61.6,Desktop
5456,665,14,2023-01-02,2023,1,122.5,82.8,Desktop
5457,881,24,2023-05-31,2023,5,89.4,89.4,Tablet
5458,471,23,2024-06-20,2024,6,71.9,64.2,Tablet
5459,50,14,2024-02-01,2024,2,90.7,61.3,Smart TV
5460,53,13,2025-02-04,2025,2,42.2,46.9,Laptop
5461,217,41,2024-09-01,2024,9,66.8,56.6,Desktop
5462,800,39,2024-01-22,2024,1,63.5,69.0,Smart TV
5463,108,35,2023-03-15,2023,3,35.9,39.5,Smart TV
5464,380,29,2024-11-26,2024,11,74.8,66.8,Tablet
5465,732,48,2023-02-18,2023,2,83.3,68.3,Smart TV
5466,859,8,2024-04-02,2024,4,72.5,77.1,Tablet
5467,473,28,2023-06-27,2023,6,107.1,79.3,Smart TV
5468,398,16,2024-02-06,2024,2,66.7,68.1,Laptop
5469,714,3,2024-06-05,2024,6,108.6,76.5,Desktop
5470,937,39,2024-05-15,2024,5,43.8,47.6,Tablet
5471,990,24,2024-09-19,2024,9,57.7,57.7,Laptop
5472,666,16,2023-10-20,2023,10,84.4,86.1,Laptop
5473,142,38,2023-12-29,2023,12,105.5,86.5,Tablet
5474,768,30,2025-03-17,2025,3,64.2,56.3,Mobile
5475,986,49,2025-03-13,2025,3,69.1,55.3,Tablet
5476,477,27,2024-07-24,2024,7,21.2,25.0,Smart TV
5477,24,31,2024-03-07,2024,3,66.5,69.3,Mobile
5478,316,39,2024-03-31,2024,3,45.5,49.5,Mobile
5479,325,49,2024-04-27,2024,4,103.9,83.1,Smart TV
5480,61,40,2024-08-25,2024,8,53.9,37.4,Mobile
5481,659,46,2023-02-17,2023,2,42.5,48.3,Mobile
5482,816,27,2024-01-17,2024,1,59.0,69.4,Smart TV
5483,248,48,2023-10-25,2023,10,99.2,81.3,Laptop
5484,251,34,2025-03-30,2025,3,72.7,61.6,Tablet
5485,375,16,2023-12-17,2023,12,90.7,92.6,Smart TV
5486,886,44,2023-05-14,2023,5,137.4,91.6,Tablet
5487,33,41,2024-11-30,2024,11,106.1,89.9,Mobile
5488,883,3,2023-09-24,2023,9,98.3,69.2,Desktop
5489,755,6,2023-03-13,2023,3,43.4,37.7,Smart TV
5490,835,20,2024-08-21,2024,8,58.7,66.7,Tablet
5491,80,6,2024-09-06,2024,9,91.9,79.9,Desktop
5492,514,37,2024-08-28,2024,8,103.9,81.8,Laptop
5493,83,6,2024-07-14,2024,7,49.5,43.0,Laptop
5494,515,14,2025-02-05,2025,2,137.9,93.2,Laptop
5495,412,28,2023-03-20,2023,3,81.4,60.3,Laptop
5496,482,29,2024-03-11,2024,3,101.2,90.4,Desktop
5497,659,49,2024-10-25,2024,10,82.6,66.1,Tablet
5498,685,1,2023-10-15,2023,10,95.8,81.2,Desktop
5499,422,26,2024-11-18,2024,11,90.7,78.2,Tablet
5500,561,10,2024-12-26,2024,12,78.0,76.5,Laptop
5501,730,9,2024-01-13,2024,1,84.2,65.8,Desktop
5502,601,24,2023-01-18,2023,1,72.3,72.3,Desktop
5503,70,18,2025-01-05,2025,1,62.0,49.2,Smart TV
5504,709,15,2023-01-04,2023,1,93.0,81.6,Desktop
5505,722,12,2024-05-23,2024,5,80.3,66.9,Laptop
5506,876,2,2023-11-20,2023,11,71.9,58.0,Tablet
5507,697,16,2024-09-30,2024,9,71.2,72.7,Smart TV
5508,937,10,2023-03-10,2023,3,57.4,56.3,Laptop
5509,69,14,2023-04-01,2023,4,107.4,72.6,Tablet
5510,34,20,2024-05-11,2024,5,67.9,77.2,Smart TV
5511,566,38,2023-04-03,2023,4,68.7,56.3,Desktop
5512,348,11,2023-09-25,2023,9,90.7,68.7,Laptop
5513,848,9,2023-01-03,2023,1,65.7,51.3,Desktop
5514,269,19,2023-04-16,2023,4,34.6,29.3,Smart TV
5515,939,47,2023-08-20,2023,8,98.9,83.8,Tablet
5516,661,15,2024-01-01,2024,1,110.5,96.9,Desktop
5517,938,48,2024-11-29,2024,11,98.0,80.3,Tablet
5518,424,20,2024-05-23,2024,5,30.4,34.5,Mobile
5519,993,14,2024-01-11,2024,1,59.1,39.9,Smart TV
5520,9,10,2023-12-30,2023,12,73.1,71.7,Smart TV
5521,274,27,2025-03-01,2025,3,62.8,73.9,Laptop
5522,216,40,2024-06-23,2024,6,120.2,83.5,Laptop
5523,654,11,2024-12-11,2024,12,59.3,44.9,Desktop
5524,617,21,2023-12-18,2023,12,101.8,87.8,Desktop
5525,60,37,2024-06-19,2024,6,75.8,59.7,Mobile
5526,939,11,2024-07-21,2024,7,125.4,95.0,Laptop
5527,370,34,2023-04-24,2023,4,75.9,64.3,Laptop
5528,777,40,2023-07-02,2023,7,76.9,53.4,Smart TV
5529,966,7,2024-08-24,2024,8,69.9,53.8,Desktop
5530,781,37,2023-04-04,2023,4,93.2,73.4,Mobile
5531,750,4,2023-07-20,2023,7,102.4,93.1,Mobile
5532,839,17,2024-01-30,2024,1,61.7,51.4,Smart TV
5533,721,39,2025-04-16,2025,4,74.2,80.7,Mobile
5534,706,39,2024-01-14,2024,1,64.6,70.2,Smart TV
5535,782,4,2024-08-24,2024,8,90.0,81.8,Mobile
5536,178,5,2024-06-11,2024,6,57.3,58.5,Smart TV
5537,303,6,2023-03-31,2023,3,68.1,59.2,Tablet
5538,91,13,2023-09-13,2023,9,70.4,78.2,Laptop
5539,372,13,2023-02-25,2023,2,45.7,50.8,Mobile
5540,195,4,2025-04-07,2025,4,66.0,60.0,Mobile
5541,461,29,2024-06-29,2024,6,46.4,41.4,Mobile
5542,916,4,2024-09-23,2024,9,109.5,99.5,Tablet
5543,370,40,2024-07-16,2024,7,86.0,59.7,Laptop
5544,328,30,2024-02-21,2024,2,93.6,82.1,Tablet
5545,244,48,2025-03-30,2025,3,73.1,59.9,Laptop
5546,123,36,2025-01-29,2025,1,118.9,94.4,Desktop
5547,606,7,2023-05-25,2023,5,85.8,66.0,Desktop
5548,879,39,2023-10-01,2023,10,27.4,29.8,Laptop
5549,701,6,2024-09-24,2024,9,103.5,90.0,Mobile
5550,24,27,2023-04-18,2023,4,59.8,70.4,Tablet
5551,707,40,2023-04-06,2023,4,42.5,29.5,Desktop
5552,652,9,2023-06-13,2023,6,100.9,78.8,Smart TV
5553,820,48,2023-05-07,2023,5,80.4,65.9,Smart TV
5554,428,33,2023-05-09,2023,5,55.3,48.1,Mobile
5555,649,32,2023-12-31,2023,12,127.0,90.7,Tablet
5556,175,42,2025-03-11,2025,3,71.0,64.5,Desktop
5557,583,25,2023-05-30,2023,5,47.3,32.6,Smart TV
5558,647,18,2024-05-23,2024,5,94.0,74.6,Mobile
5559,764,1,2023-01-12,2023,1,73.6,62.4,Smart TV
5560,143,43,2025-03-29,2025,3,76.6,77.4,Laptop
5561,505,9,2025-02-17,2025,2,59.3,46.3,Tablet
5562,51,46,2023-07-26,2023,7,22.9,26.0,Tablet
5563,935,18,2024-07-26,2024,7,78.1,62.0,Tablet
5564,753,9,2023-09-18,2023,9,108.4,84.7,Desktop
5565,475,8,2023-05-29,2023,5,31.8,33.8,Laptop
5566,191,46,2025-04-10,2025,4,59.1,67.2,Desktop
5567,906,42,2023-01-24,2023,1,88.7,80.6,Smart TV
5568,936,41,2024-06-12,2024,6,77.4,65.6,Tablet
5569,45,19,2024-07-19,2024,7,38.0,32.2,Smart TV
5570,269,1,2024-03-04,2024,3,98.9,83.8,Laptop
5571,908,31,2023-09-27,2023,9,65.7,68.4,Tablet
5572,710,39,2023-12-16,2023,12,58.1,63.1,Laptop
5573,892,6,2024-10-11,2024,10,81.8,71.1,Desktop
5574,518,22,2024-03-22,2024,3,81.5,65.2,Laptop
5575,210,3,2023-04-07,2023,4,126.5,89.1,Laptop
5576,643,23,2024-03-17,2024,3,94.9,84.7,Smart TV
5577,528,36,2024-05-18,2024,5,91.3,72.5,Desktop
5578,454,47,2024-01-26,2024,1,73.8,62.5,Desktop
5579,639,16,2023-03-17,2023,3,51.6,52.7,Mobile
5580,427,42,2023-05-12,2023,5,97.1,88.3,Smart TV
5581,864,38,2023-01-24,2023,1,107.6,88.2,Mobile
5582,819,47,2023-07-18,2023,7,87.1,73.8,Mobile
5583,945,18,2024-05-08,2024,5,108.0,85.7,Laptop
5584,682,49,2024-04-02,2024,4,111.5,89.2,Mobile
5585,772,37,2024-09-22,2024,9,36.8,29.0,Desktop
5586,18,14,2023-12-04,2023,12,66.7,45.1,Laptop
5587,878,34,2024-08-23,2024,8,99.6,84.4,Laptop
5588,748,16,2024-07-27,2024,7,48.6,49.6,Desktop
5589,297,20,2023-03-17,2023,3,62.2,70.7,Laptop
5590,471,37,2025-01-18,2025,1,45.5,35.8,Laptop
5591,239,20,2024-03-27,2024,3,40.4,45.9,Laptop
5592,904,6,2025-01-23,2025,1,76.0,66.1,Smart TV
5593,655,4,2025-04-19,2025,4,81.6,74.2,Smart TV
5594,130,43,2025-01-17,2025,1,64.6,65.3,Mobile
5595,828,36,2023-09-19,2023,9,110.0,87.3,Desktop
5596,414,41,2024-06-25,2024,6,97.2,82.4,Tablet
5597,855,22,2024-01-25,2024,1,99.8,79.8,Smart TV
5598,608,11,2024-01-12,2024,1,110.2,83.5,Desktop
5599,680,12,2023-06-12,2023,6,86.8,72.3,Smart TV
5600,735,35,2023-01-02,2023,1,32.9,36.1,Smart TV
5601,158,16,2024-01-18,2024,1,51.9,53.0,Tablet
5602,920,33,2024-06-10,2024,6,71.5,62.2,Desktop
5603,745,20,2024-11-28,2024,11,49.4,56.1,Tablet
5604,655,32,2024-05-29,2024,5,41.7,29.8,Tablet
5605,286,21,2025-03-31,2025,3,85.4,73.6,Tablet
5606,997,18,2025-01-21,2025,1,73.3,58.2,Laptop
5607,851,37,2024-05-01,2024,5,78.4,61.7,Mobile
5608,237,23,2024-10-13,2024,10,58.6,52.3,Tablet
5609,331,23,2024-12-01,2024,12,94.1,84.0,Laptop
5610,615,41,2023-06-12,2023,6,106.7,90.4,Desktop
5611,501,18,2024-07-04,2024,7,101.7,80.7,Laptop
5612,90,44,2023-03-07,2023,3,120.9,80.6,Laptop
5613,995,34,2024-01-31,2024,1,93.9,79.6,Smart TV
5614,439,29,2023-11-27,2023,11,92.8,82.9,Mobile
5615,809,40,2024-09-25,2024,9,101.7,70.6,Laptop
5616,343,15,2023-10-02,2023,10,87.2,76.5,Laptop
5617,807,21,2023-03-15,2023,3,96.5,83.2,Tablet
5618,319,8,2024-09-18,2024,9,57.3,61.0,Tablet
5619,244,47,2023-01-09,2023,1,106.0,89.8,Mobile
5620,580,14,2023-12-26,2023,12,121.2,81.9,Smart TV
5621,63,8,2024-02-10,2024,2,70.7,75.2,Mobile
5622,777,48,2023-12-02,2023,12,91.1,74.7,Smart TV
5623,177,18,2023-05-29,2023,5,57.5,45.6,Laptop
5624,778,35,2025-03-21,2025,3,45.4,49.9,Desktop
5625,172,31,2024-01-26,2024,1,63.6,66.2,Mobile
5626,582,41,2024-06-16,2024,6,98.1,83.1,Tablet
5627,671,45,2023-02-20,2023,2,103.7,92.6,Desktop
5628,995,3,2023-10-09,2023,10,37.6,26.5,Smart TV
5629,202,20,2024-07-20,2024,7,66.3,75.3,Laptop
5630,892,15,2024-03-25,2024,3,93.9,82.4,Laptop
5631,814,34,2024-02-13,2024,2,77.4,65.6,Tablet
5632,107,23,2023-12-01,2023,12,63.7,56.9,Tablet
5633,902,2,2023-12-20,2023,12,69.1,55.7,Smart TV
5634,914,26,2023-02-11,2023,2,88.9,76.6,Tablet
5635,497,18,2025-02-04,2025,2,107.7,85.5,Tablet
5636,649,45,2023-05-22,2023,5,79.3,70.8,Mobile
5637,645,22,2025-02-06,2025,2,65.9,52.7,Laptop
5638,640,37,2023-03-06,2023,3,55.4,43.6,Smart TV
5639,728,34,2025-04-20,2025,4,112.5,95.3,Tablet
5640,456,48,2024-10-03,2024,10,110.4,90.5,Smart TV
5641,823,33,2024-01-09,2024,1,94.2,81.9,Smart TV
5642,88,23,2023-11-25,2023,11,91.1,81.3,Smart TV
5643,571,16,2023-01-21,2023,1,77.6,79.2,Tablet
5644,349,21,2024-07-16,2024,7,54.4,46.9,Smart TV
5645,396,12,2024-03-02,2024,3,68.2,56.8,Desktop
5646,380,26,2024-05-04,2024,5,90.1,77.7,Laptop
5647,296,48,2024-02-09,2024,2,28.8,23.6,Desktop
5648,625,2,2024-05-07,2024,5,106.3,85.7,Mobile
5649,683,37,2024-12-14,2024,12,94.5,74.4,Mobile
5650,622,33,2023-03-08,2023,3,79.0,68.7,Laptop
5651,380,5,2023-06-06,2023,6,66.2,67.6,Laptop
5652,99,20,2024-09-10,2024,9,45.6,51.8,Mobile
5653,440,18,2024-09-26,2024,9,92.1,73.1,Desktop
5654,778,44,2025-02-17,2025,2,83.5,55.7,Laptop
5655,679,37,2024-05-02,2024,5,73.2,57.6,Tablet
5656,445,23,2024-01-24,2024,1,93.7,83.7,Desktop
5657,920,3,2024-05-07,2024,5,42.5,29.9,Laptop
5658,311,47,2024-09-19,2024,9,67.3,57.0,Smart TV
5659,654,20,2023-08-16,2023,8,49.8,56.6,Tablet
5660,674,32,2023-04-15,2023,4,86.5,61.8,Tablet
5661,820,37,2023-06-28,2023,6,117.2,92.3,Mobile
5662,850,38,2023-09-30,2023,9,101.5,83.2,Mobile
5663,499,26,2024-12-11,2024,12,64.3,55.4,Mobile
5664,355,14,2024-01-04,2024,1,111.9,75.6,Tablet
5665,128,4,2024-11-10,2024,11,39.4,35.8,Mobile
5666,973,22,2024-10-20,2024,10,70.2,56.2,Tablet
5667,880,15,2025-02-23,2025,2,66.9,58.7,Laptop
5668,247,43,2023-03-15,2023,3,84.3,85.2,Laptop
5669,711,35,2024-05-10,2024,5,47.8,52.5,Laptop
5670,480,33,2023-12-11,2023,12,75.6,65.7,Mobile
5671,229,22,2023-10-04,2023,10,97.6,78.1,Tablet
5672,317,7,2024-02-07,2024,2,94.5,72.7,Laptop
5673,479,14,2024-09-26,2024,9,116.6,78.8,Smart TV
5674,244,10,2024-07-03,2024,7,65.0,63.7,Laptop
5675,358,36,2023-01-19,2023,1,108.2,85.9,Desktop
5676,805,23,2024-05-12,2024,5,92.2,82.3,Laptop
5677,853,32,2024-01-06,2024,1,127.0,90.7,Mobile
5678,670,27,2024-02-17,2024,2,61.5,72.4,Desktop
5679,792,17,2024-10-05,2024,10,93.2,77.7,Smart TV
5680,421,11,2023-09-02,2023,9,70.4,53.3,Laptop
5681,455,1,2023-11-04,2023,11,35.0,29.7,Mobile
5682,258,26,2025-04-06,2025,4,87.6,75.5,Tablet
5683,649,46,2023-04-09,2023,4,77.4,87.9,Desktop
5684,501,47,2025-04-08,2025,4,100.1,84.8,Smart TV
5685,998,19,2023-05-08,2023,5,87.1,73.8,Laptop
5686,586,22,2023-02-12,2023,2,89.9,71.9,Smart TV
5687,512,19,2024-01-17,2024,1,95.5,80.9,Tablet
5688,38,8,2024-04-17,2024,4,60.4,64.3,Tablet
5689,104,2,2023-03-21,2023,3,85.4,68.9,Desktop
5690,695,2,2024-11-05,2024,11,107.1,86.4,Mobile
5691,449,48,2023-02-06,2023,2,111.6,91.5,Tablet
5692,587,42,2023-10-04,2023,10,82.2,74.7,Tablet
5693,557,28,2024-12-18,2024,12,102.2,75.7,Desktop
5694,321,21,2024-11-27,2024,11,49.4,42.6,Smart TV
5695,113,48,2025-03-28,2025,3,77.6,63.6,Smart TV
5696,681,36,2025-02-28,2025,2,106.1,84.2,Desktop
5697,435,29,2024-02-16,2024,2,88.8,79.3,Laptop
5698,203,28,2024-05-13,2024,5,134.5,99.6,Laptop
5699,901,44,2025-03-25,2025,3,94.5,63.0,Desktop
5700,609,27,2023-02-16,2023,2,49.0,57.6,Smart TV
5701,547,35,2023-08-08,2023,8,30.5,33.5,Smart TV
5702,237,23,2025-04-19,2025,4,48.7,43.5,Smart TV
5703,627,1,2023-03-18,2023,3,68.0,57.6,Mobile
5704,619,30,2023-11-14,2023,11,56.2,49.3,Laptop
5705,999,40,2023-08-21,2023,8,97.1,67.4,Smart TV
5706,322,31,2024-12-30,2024,12,80.1,83.4,Desktop
5707,424,29,2025-02-26,2025,2,95.5,85.3,Mobile
5708,974,45,2023-10-02,2023,10,80.6,72.0,Mobile
5709,201,46,2025-02-25,2025,2,69.3,78.8,Mobile
5710,681,4,2024-04-12,2024,4,87.1,79.2,Smart TV
5711,824,24,2025-03-03,2025,3,77.2,77.2,Laptop
5712,575,10,2024-02-04,2024,2,87.2,85.5,Desktop
5713,179,22,2023-07-05,2023,7,115.1,92.1,Tablet
5714,243,47,2024-04-27,2024,4,100.2,84.9,Laptop
5715,725,5,2023-05-25,2023,5,75.4,76.9,Desktop
5716,400,28,2024-08-20,2024,8,58.3,43.2,Smart TV
5717,689,9,2023-07-20,2023,7,108.0,84.4,Smart TV
5718,78,17,2024-10-03,2024,10,94.2,78.5,Laptop
5719,888,11,2025-04-04,2025,4,84.9,64.3,Mobile
5720,600,32,2025-03-19,2025,3,108.9,77.8,Desktop
5721,826,10,2023-12-08,2023,12,86.6,84.9,Laptop
5722,404,49,2025-02-15,2025,2,75.9,60.7,Laptop
5723,645,41,2023-10-07,2023,10,75.9,64.3,Laptop
5724,717,14,2023-07-05,2023,7,94.9,64.1,Laptop
5725,287,19,2023-03-20,2023,3,51.7,43.8,Mobile
5726,817,45,2024-06-29,2024,6,88.3,78.8,Laptop
5727,88,14,2024-01-27,2024,1,133.6,90.3,Smart TV
5728,524,2,2024-12-04,2024,12,76.8,61.9,Mobile
5729,212,36,2025-04-25,2025,4,98.4,78.1,Desktop
5730,103,45,2024-08-30,2024,8,59.9,53.5,Tablet
5731,526,20,2025-03-10,2025,3,63.3,71.9,Laptop
5732,883,32,2023-03-24,2023,3,79.5,56.8,Smart TV
5733,170,2,2023-03-18,2023,3,70.4,56.8,Desktop
5734,250,13,2023-09-06,2023,9,78.5,87.2,Mobile
5735,114,12,2024-03-29,2024,3,59.5,49.6,Smart TV
5736,934,25,2023-01-12,2023,1,75.3,51.9,Desktop
5737,494,26,2023-10-26,2023,10,80.5,69.4,Tablet
5738,48,47,2024-08-09,2024,8,32.3,27.4,Tablet
5739,678,43,2024-05-09,2024,5,66.9,67.6,Desktop
5740,243,30,2024-01-22,2024,1,54.0,47.4,Desktop
5741,383,1,2024-05-09,2024,5,78.8,66.8,Tablet
5742,706,5,2024-10-13,2024,10,83.3,85.0,Tablet
5743,151,3,2023-10-16,2023,10,104.1,73.3,Desktop
5744,405,36,2023-02-20,2023,2,98.8,78.4,Mobile
5745,514,25,2025-04-13,2025,4,108.2,74.6,Mobile
5746,232,43,2023-06-15,2023,6,64.3,64.9,Laptop
5747,671,22,2025-03-25,2025,3,82.0,65.6,Desktop
5748,440,30,2023-11-02,2023,11,49.9,43.8,Desktop
5749,86,26,2023-02-07,2023,2,70.8,61.0,Smart TV
5750,624,44,2023-01-21,2023,1,97.3,64.9,Laptop
5751,816,37,2023-02-03,2023,2,118.7,93.5,Tablet
5752,661,1,2023-08-23,2023,8,70.1,59.4,Laptop
5753,834,43,2023-04-28,2023,4,79.8,80.6,Desktop
5754,462,44,2023-02-24,2023,2,68.0,45.3,Mobile
5755,756,24,2024-07-26,2024,7,74.6,74.6,Smart TV
5756,407,35,2023-05-26,2023,5,52.9,58.1,Mobile
5757,474,18,2023-06-29,2023,6,56.4,44.8,Laptop
5758,945,16,2023-03-10,2023,3,74.3,75.8,Tablet
5759,747,9,2025-03-10,2025,3,112.3,87.7,Smart TV
5760,412,1,2023-05-24,2023,5,59.1,50.1,Tablet
5761,586,48,2025-02-13,2025,2,38.3,31.4,Desktop
5762,467,24,2025-03-22,2025,3,57.9,57.9,Mobile
5763,145,39,2023-08-26,2023,8,83.8,91.1,Desktop
5764,237,49,2024-05-30,2024,5,107.0,85.6,Smart TV
5765,699,40,2024-10-16,2024,10,58.6,40.7,Tablet
5766,371,29,2023-09-03,2023,9,98.9,88.3,Laptop
5767,872,6,2024-05-06,2024,5,69.2,60.2,Laptop
5768,387,37,2023-08-11,2023,8,105.8,83.3,Laptop
5769,126,2,2023-06-16,2023,6,101.4,81.8,Laptop
5770,49,49,2023-04-01,2023,4,60.0,48.0,Desktop
5771,251,13,2023-03-30,2023,3,48.0,53.3,Desktop
5772,724,31,2024-08-02,2024,8,71.8,74.8,Smart TV
5773,348,49,2024-09-09,2024,9,85.8,68.6,Tablet
5774,952,32,2023-03-25,2023,3,121.7,86.9,Mobile
5775,197,3,2023-12-20,2023,12,94.0,66.2,Tablet
5776,930,4,2024-08-09,2024,8,65.7,59.7,Smart TV
5777,260,45,2024-01-27,2024,1,28.0,25.0,Mobile
5778,987,26,2023-09-17,2023,9,84.7,73.0,Smart TV
5779,780,41,2024-10-08,2024,10,87.0,73.7,Laptop
5780,214,16,2024-04-03,2024,4,63.5,64.8,Laptop
5781,119,49,2024-07-24,2024,7,85.8,68.6,Tablet
5782,469,30,2024-11-14,2024,11,77.1,67.6,Mobile
5783,10,25,2023-10-14,2023,10,78.6,54.2,Laptop
5784,965,42,2025-01-01,2025,1,100.0,90.9,Tablet
5785,693,41,2024-11-15,2024,11,101.7,86.2,Mobile
5786,655,49,2024-04-28,2024,4,103.6,82.9,Mobile
5787,234,15,2023-07-01,2023,7,65.1,57.1,Tablet
5788,767,47,2025-01-12,2025,1,80.7,68.4,Tablet
5789,918,17,2023-12-15,2023,12,53.5,44.6,Mobile
5790,310,35,2023-10-15,2023,10,69.7,76.6,Desktop
5791,311,45,2024-03-25,2024,3,91.2,81.4,Smart TV
5792,864,8,2024-07-08,2024,7,49.0,52.1,Mobile
5793,878,22,2023-10-24,2023,10,61.2,49.0,Mobile
5794,466,39,2025-03-09,2025,3,72.5,78.8,Laptop
5795,838,38,2025-01-05,2025,1,108.0,88.5,Tablet
5796,424,8,2023-04-18,2023,4,55.5,59.0,Desktop
5797,485,26,2023-11-11,2023,11,102.2,88.1,Laptop
5798,297,44,2025-01-31,2025,1,94.0,62.7,Laptop
5799,473,10,2024-06-08,2024,6,75.7,74.2,Tablet
5800,156,11,2024-02-01,2024,2,105.1,79.6,Smart TV
5801,304,33,2023-12-12,2023,12,66.0,57.4,Mobile
5802,777,14,2024-08-16,2024,8,40.6,27.4,Desktop
5803,265,44,2024-01-25,2024,1,108.6,72.4,Laptop
5804,760,27,2023-01-12,2023,1,45.8,53.9,Desktop
5805,747,39,2023-07-06,2023,7,77.7,84.5,Tablet
5806,70,14,2024-06-15,2024,6,68.4,46.2,Tablet
5807,801,36,2024-05-02,2024,5,42.0,33.3,Tablet
5808,905,29,2024-04-12,2024,4,75.9,67.8,Laptop
5809,480,3,2025-02-14,2025,2,111.2,78.3,Desktop
5810,579,27,2023-05-28,2023,5,50.7,59.6,Desktop
5811,189,48,2025-04-07,2025,4,101.0,82.8,Tablet
5812,72,43,2025-03-15,2025,3,40.7,41.1,Tablet
5813,778,16,2024-01-02,2024,1,44.4,45.3,Desktop
5814,612,27,2023-06-26,2023,6,61.8,72.7,Tablet
5815,553,42,2023-06-21,2023,6,64.6,58.7,Smart TV
5816,238,13,2024-12-01,2024,12,41.5,46.1,Smart TV
5817,221,40,2024-08-26,2024,8,130.8,90.8,Laptop
5818,287,25,2023-01-24,2023,1,121.8,84.0,Mobile
5819,855,25,2024-08-02,2024,8,138.8,95.7,Laptop
5820,725,15,2024-11-27,2024,11,102.6,90.0,Tablet
5821,627,23,2024-11-01,2024,11,51.6,46.1,Laptop
5822,449,35,2024-02-06,2024,2,35.2,38.7,Laptop
5823,93,9,2024-06-01,2024,6,79.7,62.3,Tablet
5824,733,4,2023-02-03,2023,2,92.3,83.9,Laptop
5825,260,34,2025-04-27,2025,4,87.1,73.8,Laptop
5826,545,31,2025-03-09,2025,3,88.3,92.0,Smart TV
5827,110,8,2024-08-15,2024,8,66.9,71.2,Desktop
5828,803,1,2023-09-20,2023,9,58.3,49.4,Laptop
5829,987,20,2023-05-27,2023,5,17.7,20.1,Smart TV
5830,998,29,2024-02-25,2024,2,92.8,82.9,Laptop
5831,994,9,2024-01-09,2024,1,78.8,61.6,Mobile
5832,492,36,2024-03-10,2024,3,92.6,73.5,Tablet
5833,558,26,2023-01-29,2023,1,92.1,79.4,Mobile
5834,235,47,2024-08-27,2024,8,108.9,92.3,Smart TV
5835,126,16,2023-03-18,2023,3,88.2,90.0,Mobile
5836,924,6,2024-09-28,2024,9,108.0,93.9,Laptop
5837,574,26,2024-02-29,2024,2,104.9,90.4,Desktop
5838,795,37,2024-11-08,2024,11,58.7,46.2,Tablet
5839,580,34,2025-03-06,2025,3,82.8,70.2,Desktop
5840,509,13,2025-04-26,2025,4,29.2,32.5,Smart TV
5841,825,20,2024-08-04,2024,8,48.8,55.4,Desktop
5842,838,8,2024-04-30,2024,4,59.3,63.1,Laptop
5843,308,8,2024-03-13,2024,3,40.3,42.9,Smart TV
5844,555,36,2024-06-02,2024,6,32.6,25.9,Mobile
5845,20,21,2023-03-22,2023,3,93.3,80.4,Smart TV
5846,540,32,2023-11-16,2023,11,86.8,62.0,Mobile
5847,154,2,2023-05-31,2023,5,98.6,79.5,Mobile
5848,85,47,2024-05-15,2024,5,74.7,63.3,Laptop
5849,970,18,2023-03-10,2023,3,82.5,65.5,Desktop
5850,511,40,2023-05-21,2023,5,113.0,78.5,Mobile
5851,57,18,2024-02-20,2024,2,83.8,66.5,Tablet
5852,328,42,2025-01-27,2025,1,32.6,29.6,Mobile
5853,365,11,2024-02-20,2024,2,104.9,79.5,Desktop
5854,459,17,2023-10-10,2023,10,59.8,49.8,Mobile
5855,236,47,2024-02-12,2024,2,43.7,37.0,Desktop
5856,931,22,2023-10-27,2023,10,102.2,81.8,Smart TV
5857,207,1,2024-08-09,2024,8,110.7,93.8,Desktop
5858,976,32,2023-05-26,2023,5,124.9,89.2,Desktop
5859,222,26,2024-07-01,2024,7,93.5,80.6,Mobile
5860,437,4,2025-03-25,2025,3,45.5,41.4,Laptop
5861,344,29,2024-08-31,2024,8,54.1,48.3,Smart TV
5862,411,32,2023-03-19,2023,3,80.2,57.3,Desktop
5863,351,33,2024-12-21,2024,12,49.2,42.8,Tablet
5864,8,7,2024-01-09,2024,1,45.8,35.2,Mobile
5865,580,28,2024-05-23,2024,5,103.0,76.3,Tablet
5866,686,9,2023-01-29,2023,1,98.2,76.7,Laptop
5867,76,37,2023-05-14,2023,5,45.1,35.5,Desktop
5868,159,36,2025-01-11,2025,1,102.3,81.2,Smart TV
5869,244,15,2024-12-22,2024,12,54.6,47.9,Desktop
5870,461,1,2023-10-03,2023,10,88.1,74.7,Smart TV
5871,773,31,2024-08-22,2024,8,59.6,62.1,Smart TV
5872,608,7,2023-12-18,2023,12,94.6,72.8,Laptop
5873,937,21,2025-04-10,2025,4,52.8,45.5,Tablet
5874,863,14,2025-04-01,2025,4,112.6,76.1,Tablet
5875,86,19,2024-09-07,2024,9,58.2,49.3,Mobile
5876,926,30,2023-12-09,2023,12,97.7,85.7,Tablet
5877,310,45,2023-04-24,2023,4,109.2,97.5,Laptop
5878,937,12,2023-11-03,2023,11,88.8,74.0,Tablet
5879,847,16,2024-08-19,2024,8,65.0,66.3,Tablet
5880,134,23,2024-09-07,2024,9,45.2,40.4,Desktop
5881,244,45,2023-03-13,2023,3,56.4,50.4,Desktop
5882,976,31,2025-01-15,2025,1,65.6,68.3,Tablet
5883,726,30,2024-05-06,2024,5,56.9,49.9,Laptop
5884,305,13,2024-10-12,2024,10,58.7,65.2,Laptop
5885,881,20,2024-09-29,2024,9,53.3,60.6,Smart TV
5886,619,25,2024-01-06,2024,1,101.2,69.8,Laptop
5887,926,26,2025-02-09,2025,2,93.7,80.8,Laptop
5888,229,34,2024-11-23,2024,11,92.0,78.0,Smart TV
5889,629,37,2023-02-18,2023,2,105.4,83.0,Smart TV
5890,277,35,2024-10-24,2024,10,45.0,49.5,Laptop
5891,483,38,2024-03-04,2024,3,113.7,93.2,Mobile
5892,739,4,2024-08-04,2024,8,64.5,58.6,Desktop
5893,68,27,2024-12-16,2024,12,38.4,45.2,Tablet
5894,131,19,2023-06-21,2023,6,77.8,65.9,Smart TV
5895,129,24,2023-09-25,2023,9,75.6,75.6,Mobile
5896,227,27,2025-03-11,2025,3,25.2,29.6,Mobile
5897,736,18,2025-04-30,2025,4,97.3,77.2,Mobile
5898,935,7,2024-11-26,2024,11,80.1,61.6,Tablet
5899,248,7,2024-12-28,2024,12,57.6,44.3,Tablet
5900,189,12,2024-02-10,2024,2,72.2,60.2,Mobile
5901,265,32,2023-12-03,2023,12,93.5,66.8,Mobile
5902,900,1,2024-10-11,2024,10,45.4,38.5,Laptop
5903,129,40,2025-03-27,2025,3,77.8,54.0,Laptop
5904,626,34,2025-01-24,2025,1,68.1,57.7,Laptop
5905,168,11,2024-08-12,2024,8,96.2,72.9,Smart TV
5906,855,49,2024-10-24,2024,10,103.6,82.9,Desktop
5907,428,44,2024-03-01,2024,3,134.6,89.7,Tablet
5908,807,31,2025-03-27,2025,3,87.5,91.1,Laptop
5909,256,39,2023-01-21,2023,1,37.5,40.8,Smart TV
5910,760,20,2024-04-21,2024,4,40.2,45.7,Laptop
5911,11,3,2025-01-06,2025,1,74.5,52.5,Desktop
5912,577,2,2024-08-11,2024,8,42.2,34.0,Mobile
5913,443,20,2024-04-09,2024,4,67.8,77.0,Laptop
5914,309,10,2024-04-07,2024,4,72.6,71.2,Smart TV
5915,863,48,2024-12-23,2024,12,74.5,61.1,Laptop
5916,675,4,2025-01-01,2025,1,99.3,90.3,Smart TV
5917,657,16,2023-05-08,2023,5,64.3,65.6,Tablet
5918,614,10,2025-01-11,2025,1,82.2,80.6,Mobile
5919,753,28,2024-03-29,2024,3,124.6,92.3,Laptop
5920,969,37,2023-08-19,2023,8,97.7,76.9,Laptop
5921,979,15,2024-12-01,2024,12,85.2,74.7,Desktop
5922,20,18,2023-11-24,2023,11,109.2,86.7,Desktop
5923,886,12,2025-03-21,2025,3,116.2,96.8,Laptop
5924,179,33,2024-04-25,2024,4,85.0,73.9,Smart TV
5925,343,30,2023-07-22,2023,7,63.7,55.9,Desktop
5926,101,15,2023-09-10,2023,9,34.3,30.1,Tablet
5927,239,18,2023-12-15,2023,12,70.6,56.0,Smart TV
5928,52,12,2023-08-24,2023,8,80.3,66.9,Mobile
5929,866,12,2023-06-06,2023,6,70.8,59.0,Tablet
5930,956,17,2023-01-23,2023,1,92.9,77.4,Desktop
5931,384,13,2025-01-01,2025,1,36.1,40.1,Smart TV
5932,236,23,2023-02-15,2023,2,68.4,61.1,Mobile
5933,410,4,2023-05-09,2023,5,61.5,55.9,Smart TV
5934,335,7,2025-04-18,2025,4,41.7,32.1,Mobile
5935,375,23,2023-11-29,2023,11,81.4,72.7,Tablet
5936,56,38,2023-10-01,2023,10,94.4,77.4,Mobile
5937,280,10,2023-06-05,2023,6,90.6,88.8,Laptop
5938,970,22,2024-02-07,2024,2,74.9,59.9,Mobile
5939,608,40,2023-06-10,2023,6,92.0,63.9,Laptop
5940,877,6,2023-05-15,2023,5,69.9,60.8,Desktop
5941,821,3,2024-05-12,2024,5,118.3,83.3,Mobile
5942,601,6,2023-09-13,2023,9,98.2,85.4,Laptop
5943,926,2,2023-12-24,2023,12,100.4,81.0,Smart TV
5944,747,45,2023-11-14,2023,11,85.6,76.4,Laptop
5945,954,49,2023-03-12,2023,3,95.8,76.6,Tablet
5946,113,22,2024-12-09,2024,12,88.5,70.8,Laptop
5947,367,32,2023-05-05,2023,5,124.2,88.7,Tablet
5948,443,15,2023-06-27,2023,6,106.0,93.0,Smart TV
5949,285,27,2023-09-09,2023,9,61.4,72.2,Mobile
5950,763,27,2023-05-18,2023,5,27.5,32.3,Desktop
5951,673,24,2025-01-03,2025,1,67.4,67.4,Laptop
5952,135,1,2025-03-08,2025,3,26.0,22.0,Tablet
5953,963,5,2023-11-17,2023,11,39.0,39.8,Laptop
5954,622,36,2024-11-06,2024,11,81.6,64.8,Laptop
5955,684,42,2024-03-06,2024,3,83.3,75.7,Tablet
5956,899,5,2023-11-10,2023,11,43.5,44.4,Tablet
5957,25,33,2023-02-13,2023,2,94.5,82.2,Desktop
5958,39,7,2023-02-15,2023,2,52.3,40.2,Laptop
5959,784,49,2024-03-03,2024,3,102.1,81.7,Mobile
5960,751,14,2024-09-06,2024,9,70.7,47.8,Desktop
5961,538,33,2024-07-24,2024,7,49.0,42.6,Desktop
5962,213,3,2023-10-15,2023,10,120.0,84.5,Tablet
5963,673,8,2024-01-31,2024,1,58.4,62.1,Mobile
5964,418,33,2024-04-29,2024,4,92.8,80.7,Laptop
5965,91,34,2025-04-16,2025,4,94.0,79.7,Tablet
5966,954,39,2023-02-16,2023,2,59.9,65.1,Desktop
5967,391,22,2024-02-14,2024,2,103.5,82.8,Desktop
5968,777,11,2024-01-25,2024,1,92.3,69.9,Desktop
5969,36,1,2024-05-05,2024,5,108.8,92.2,Tablet
5970,161,1,2025-01-11,2025,1,91.6,77.6,Desktop
5971,115,44,2024-11-15,2024,11,137.7,91.8,Laptop
5972,459,10,2024-10-09,2024,10,52.7,51.7,Smart TV
5973,361,27,2023-10-17,2023,10,51.3,60.4,Mobile
5974,983,35,2023-08-16,2023,8,50.0,55.0,Tablet
5975,976,34,2025-02-17,2025,2,89.4,75.8,Desktop
5976,381,7,2024-10-18,2024,10,73.3,56.4,Laptop
5977,623,36,2023-07-29,2023,7,83.5,66.3,Mobile
5978,267,25,2024-05-07,2024,5,82.7,57.0,Mobile
5979,967,28,2024-01-24,2024,1,97.6,72.3,Tablet
5980,461,24,2023-03-12,2023,3,87.4,87.4,Laptop
5981,782,32,2023-04-14,2023,4,57.3,40.9,Laptop
5982,363,28,2023-02-16,2023,2,84.6,62.7,Desktop
5983,815,24,2025-04-20,2025,4,65.7,65.7,Laptop
5984,255,49,2023-04-02,2023,4,89.0,71.2,Tablet
5985,215,38,2023-05-31,2023,5,35.6,29.2,Mobile
5986,138,23,2024-06-25,2024,6,96.2,85.9,Laptop
5987,439,22,2025-02-15,2025,2,105.1,84.1,Smart TV
5988,790,31,2024-12-21,2024,12,67.0,69.8,Smart TV
5989,19,44,2023-07-24,2023,7,64.0,42.7,Tablet
5990,705,36,2024-05-07,2024,5,55.1,43.7,Smart TV
5991,860,27,2023-04-21,2023,4,52.5,61.8,Smart TV
5992,13,7,2023-05-28,2023,5,74.1,57.0,Mobile
5993,142,24,2025-04-17,2025,4,58.8,58.8,Laptop
5994,25,43,2023-03-01,2023,3,97.0,98.0,Laptop
5995,605,3,2024-06-03,2024,6,138.0,97.2,Mobile
5996,682,37,2024-08-23,2024,8,114.4,90.1,Smart TV
5997,582,32,2024-02-16,2024,2,108.2,77.3,Smart TV
5998,533,33,2024-05-04,2024,5,53.5,46.5,Tablet
5999,100,26,2023-08-08,2023,8,32.8,28.3,Laptop
6000,255,34,2023-08-14,2023,8,98.4,83.4,Mobile
6001,29,2,2024-08-17,2024,8,50.0,40.3,Smart TV
6002,321,11,2024-09-21,2024,9,79.2,60.0,Smart TV
6003,19,32,2024-12-09,2024,12,132.2,94.4,Laptop
6004,109,29,2024-08-04,2024,8,83.2,74.3,Tablet
6005,322,18,2024-02-28,2024,2,104.1,82.6,Smart TV
6006,525,40,2024-05-23,2024,5,115.2,80.0,Laptop
6007,103,34,2024-09-12,2024,9,99.6,84.4,Smart TV
6008,149,22,2023-06-08,2023,6,85.6,68.5,Laptop
6009,648,26,2023-02-27,2023,2,28.7,24.7,Smart TV
6010,256,3,2023-05-13,2023,5,77.0,54.2,Laptop
6011,40,24,2024-01-27,2024,1,82.2,82.2,Tablet
6012,874,7,2023-07-08,2023,7,82.2,63.2,Laptop
6013,532,37,2025-01-24,2025,1,44.5,35.0,Laptop
6014,105,34,2024-10-06,2024,10,58.3,49.4,Desktop
6015,904,1,2023-12-11,2023,12,46.0,39.0,Tablet
6016,442,3,2024-12-27,2024,12,103.8,73.1,Mobile
6017,871,12,2023-08-11,2023,8,89.9,74.9,Tablet
6018,540,36,2023-10-28,2023,10,105.0,83.3,Tablet
6019,651,40,2023-02-04,2023,2,108.1,75.1,Tablet
6020,819,13,2024-03-02,2024,3,34.8,38.7,Tablet
6021,627,21,2025-04-29,2025,4,85.4,73.6,Laptop
6022,311,20,2023-06-09,2023,6,35.5,40.3,Laptop
6023,711,36,2023-06-02,2023,6,70.7,56.1,Desktop
6024,857,26,2023-07-15,2023,7,94.4,81.4,Smart TV
6025,890,30,2023-08-29,2023,8,78.7,69.0,Laptop
6026,376,3,2023-08-20,2023,8,130.2,91.7,Mobile
6027,936,35,2023-02-02,2023,2,49.1,54.0,Tablet
6028,647,38,2025-04-11,2025,4,55.1,45.2,Laptop
6029,807,8,2024-09-10,2024,9,62.8,66.8,Tablet
6030,7,25,2023-03-29,2023,3,45.4,31.3,Tablet
6031,954,6,2024-05-28,2024,5,85.4,74.3,Mobile
6032,851,7,2025-04-14,2025,4,97.4,74.9,Desktop
6033,129,47,2023-11-19,2023,11,102.1,86.5,Tablet
6034,980,43,2024-11-23,2024,11,75.0,75.8,Laptop
6035,744,32,2024-02-24,2024,2,103.6,74.0,Smart TV
6036,297,5,2023-02-16,2023,2,32.0,32.7,Mobile
6037,203,49,2023-03-13,2023,3,89.8,71.8,Mobile
6038,967,36,2024-10-10,2024,10,54.4,43.2,Mobile
6039,972,22,2023-03-29,2023,3,100.2,80.2,Smart TV
6040,161,21,2024-10-13,2024,10,51.6,44.5,Desktop
6041,685,1,2023-11-14,2023,11,71.2,60.3,Mobile
6042,515,24,2024-02-29,2024,2,22.7,22.7,Laptop
6043,812,4,2025-04-06,2025,4,109.0,99.1,Tablet
6044,465,7,2023-10-31,2023,10,102.2,78.6,Desktop
6045,470,34,2023-08-06,2023,8,46.0,39.0,Smart TV
6046,108,17,2025-04-08,2025,4,101.8,84.8,Tablet
6047,279,21,2024-04-30,2024,4,52.8,45.5,Smart TV
6048,469,21,2024-11-08,2024,11,109.9,94.7,Desktop
6049,276,4,2024-04-10,2024,4,89.5,81.4,Mobile
6050,228,14,2024-04-05,2024,4,84.7,57.2,Desktop
6051,643,38,2024-09-20,2024,9,110.2,90.3,Desktop
6052,461,1,2024-09-10,2024,9,108.2,91.7,Smart TV
6053,624,7,2024-12-26,2024,12,70.8,54.5,Desktop
6054,296,6,2023-07-10,2023,7,97.9,85.1,Tablet
6055,987,20,2023-03-14,2023,3,47.8,54.3,Smart TV
6056,172,28,2025-02-16,2025,2,114.6,84.9,Laptop
6057,240,5,2024-12-20,2024,12,27.9,28.5,Tablet
6058,948,26,2023-09-05,2023,9,47.9,41.3,Mobile
6059,84,2,2024-06-30,2024,6,94.2,76.0,Laptop
6060,303,27,2025-03-16,2025,3,43.3,50.9,Tablet
6061,39,25,2023-10-23,2023,10,44.2,30.5,Laptop
6062,452,19,2024-06-17,2024,6,77.4,65.6,Desktop
6063,308,36,2024-01-23,2024,1,105.2,83.5,Desktop
6064,836,34,2024-08-28,2024,8,68.0,57.6,Laptop
6065,530,5,2024-04-23,2024,4,64.7,66.0,Tablet
6066,828,7,2023-01-26,2023,1,125.1,96.2,Tablet
6067,818,30,2023-01-05,2023,1,94.2,82.6,Tablet
6068,498,49,2023-08-16,2023,8,97.9,78.3,Laptop
6069,588,20,2024-09-01,2024,9,38.2,43.4,Mobile
6070,455,34,2023-04-16,2023,4,51.9,44.0,Mobile
6071,453,7,2024-08-10,2024,8,104.7,80.5,Tablet
6072,853,4,2023-02-07,2023,2,63.8,58.0,Mobile
6073,175,6,2023-10-02,2023,10,67.4,58.6,Mobile
6074,968,23,2023-12-09,2023,12,96.9,86.5,Tablet
6075,459,18,2023-08-21,2023,8,69.0,54.8,Desktop
6076,311,43,2024-08-01,2024,8,80.8,81.6,Laptop
6077,384,11,2023-08-23,2023,8,98.1,74.3,Mobile
6078,492,44,2023-01-28,2023,1,127.8,85.2,Smart TV
6079,369,16,2023-01-02,2023,1,86.0,87.8,Mobile
6080,319,40,2024-12-12,2024,12,121.5,84.4,Desktop
6081,185,25,2024-10-03,2024,10,95.4,65.8,Laptop
6082,220,47,2024-01-31,2024,1,95.7,81.1,Desktop
6083,490,42,2024-04-12,2024,4,60.5,55.0,Tablet
6084,222,37,2023-11-07,2023,11,105.4,83.0,Smart TV
6085,280,33,2024-05-22,2024,5,93.3,81.1,Smart TV
6086,952,13,2025-03-22,2025,3,56.1,62.3,Laptop
6087,867,34,2024-01-21,2024,1,102.5,86.9,Smart TV
6088,856,40,2023-06-07,2023,6,125.7,87.3,Tablet
6089,567,30,2024-11-10,2024,11,47.8,41.9,Mobile
6090,948,16,2023-10-08,2023,10,73.3,74.8,Mobile
6091,917,49,2024-05-08,2024,5,112.5,90.0,Tablet
6092,451,3,2024-03-16,2024,3,36.2,25.5,Laptop
6093,573,42,2023-04-14,2023,4,76.8,69.8,Smart TV
6094,845,21,2024-04-18,2024,4,88.4,76.2,Mobile
6095,902,46,2023-05-05,2023,5,45.6,51.8,Tablet
6096,715,38,2024-07-24,2024,7,93.2,76.4,Laptop
6097,769,17,2024-02-07,2024,2,71.5,59.6,Smart TV
6098,840,38,2024-07-01,2024,7,97.7,80.1,Tablet
6099,16,7,2023-10-31,2023,10,102.3,78.7,Laptop
6100,370,32,2023-01-06,2023,1,121.0,86.4,Smart TV
6101,614,46,2023-09-01,2023,9,33.4,38.0,Mobile
6102,742,35,2024-02-09,2024,2,64.1,70.4,Smart TV
6103,371,21,2023-05-10,2023,5,88.3,76.1,Mobile
6104,338,2,2024-09-28,2024,9,112.1,90.4,Tablet
6105,55,1,2023-02-19,2023,2,93.1,78.9,Mobile
6106,684,48,2023-02-26,2023,2,49.8,40.8,Laptop
6107,435,5,2024-03-01,2024,3,62.1,63.4,Smart TV
6108,576,17,2025-03-17,2025,3,67.4,56.2,Desktop
6109,642,33,2023-03-25,2023,3,53.9,46.9,Mobile
6110,876,15,2023-01-02,2023,1,40.6,35.6,Desktop
6111,525,9,2024-11-01,2024,11,106.2,83.0,Desktop
6112,875,20,2024-11-12,2024,11,65.9,74.9,Desktop
6113,53,49,2024-11-27,2024,11,99.8,79.8,Desktop
6114,874,26,2024-05-04,2024,5,53.1,45.8,Smart TV
6115,76,4,2023-09-28,2023,9,86.7,78.8,Desktop
6116,128,32,2024-11-23,2024,11,123.9,88.5,Tablet
6117,972,41,2023-09-08,2023,9,91.1,77.2,Tablet
6118,877,24,2023-11-21,2023,11,81.4,81.4,Mobile
6119,621,9,2023-05-10,2023,5,123.1,96.2,Desktop
6120,561,9,2023-05-24,2023,5,38.9,30.4,Smart TV
6121,769,6,2024-06-22,2024,6,93.7,81.5,Tablet
6122,842,19,2023-05-05,2023,5,82.6,70.0,Mobile
6123,654,41,2024-10-04,2024,10,111.5,94.5,Smart TV
6124,849,2,2023-06-09,2023,6,63.7,51.4,Laptop
6125,783,8,2024-12-07,2024,12,60.4,64.3,Tablet
6126,519,13,2023-11-21,2023,11,58.0,64.4,Mobile
6127,424,30,2024-03-20,2024,3,65.8,57.7,Smart TV
6128,151,15,2025-03-11,2025,3,85.3,74.8,Mobile
6129,731,37,2025-01-21,2025,1,69.1,54.4,Smart TV
6130,352,9,2025-03-18,2025,3,113.9,89.0,Smart TV
6131,907,41,2025-04-04,2025,4,77.5,65.7,Tablet
6132,934,7,2023-06-29,2023,6,83.8,64.5,Desktop
6133,247,30,2024-08-20,2024,8,64.8,56.8,Desktop
6134,582,21,2023-06-19,2023,6,105.9,91.3,Laptop
6135,190,40,2024-02-29,2024,2,119.4,82.9,Laptop
6136,309,44,2024-06-16,2024,6,87.0,58.0,Smart TV
6137,821,48,2024-10-06,2024,10,82.0,67.2,Desktop
6138,446,33,2023-04-26,2023,4,100.7,87.6,Mobile
6139,77,20,2025-03-12,2025,3,39.3,44.7,Tablet
6140,264,2,2024-09-11,2024,9,100.1,80.7,Mobile
6141,329,36,2024-05-26,2024,5,88.1,69.9,Laptop
6142,325,45,2023-12-23,2023,12,84.7,75.6,Mobile
6143,790,41,2024-02-02,2024,2,94.8,80.3,Smart TV
6144,799,31,2024-06-27,2024,6,67.1,69.9,Desktop
6145,54,11,2023-12-31,2023,12,98.7,74.8,Smart TV
6146,17,46,2025-01-17,2025,1,48.0,54.5,Smart TV
6147,480,11,2023-04-30,2023,4,87.5,66.3,Tablet
6148,405,47,2023-01-24,2023,1,63.1,53.5,Smart TV
6149,332,33,2023-11-01,2023,11,45.3,39.4,Mobile
6150,180,40,2023-11-24,2023,11,89.7,62.3,Desktop
6151,604,37,2024-05-16,2024,5,88.1,69.4,Smart TV
6152,739,30,2025-03-26,2025,3,84.9,74.5,Desktop
6153,851,23,2024-05-15,2024,5,97.1,86.7,Laptop
6154,782,23,2023-03-11,2023,3,83.1,74.2,Smart TV
6155,261,47,2024-04-07,2024,4,67.7,57.4,Mobile
6156,76,5,2024-05-05,2024,5,87.8,89.6,Tablet
6157,13,14,2024-12-28,2024,12,107.2,72.4,Smart TV
6158,985,23,2024-02-07,2024,2,104.0,92.9,Tablet
6159,884,28,2023-04-17,2023,4,58.3,43.2,Laptop
6160,971,36,2023-10-26,2023,10,102.8,81.6,Smart TV
6161,211,14,2023-02-01,2023,2,124.9,84.4,Desktop
6162,44,24,2024-02-12,2024,2,92.8,92.8,Mobile
6163,761,33,2024-12-17,2024,12,54.7,47.6,Smart TV
6164,644,17,2024-10-14,2024,10,88.7,73.9,Desktop
6165,478,15,2023-06-25,2023,6,96.3,84.5,Mobile
6166,910,31,2024-11-30,2024,11,77.8,81.0,Desktop
6167,208,6,2023-06-25,2023,6,89.1,77.5,Smart TV
6168,734,28,2023-12-28,2023,12,112.0,83.0,Laptop
6169,558,23,2023-06-02,2023,6,57.0,50.9,Tablet
6170,137,1,2023-03-07,2023,3,90.5,76.7,Mobile
6171,564,19,2023-05-22,2023,5,86.4,73.2,Laptop
6172,850,44,2023-03-13,2023,3,101.5,67.7,Smart TV
6173,502,40,2024-12-15,2024,12,96.9,67.3,Smart TV
6174,645,26,2023-12-01,2023,12,44.8,38.6,Desktop
6175,749,47,2023-12-02,2023,12,74.2,62.9,Mobile
6176,701,46,2023-01-20,2023,1,46.7,53.1,Mobile
6177,34,33,2023-04-28,2023,4,88.2,76.7,Desktop
6178,788,17,2024-12-28,2024,12,55.1,45.9,Tablet
6179,899,12,2023-08-01,2023,8,95.9,79.9,Mobile
6180,215,27,2023-01-11,2023,1,32.5,38.2,Smart TV
6181,330,3,2023-06-07,2023,6,116.9,82.3,Desktop
6182,237,1,2024-12-23,2024,12,105.4,89.3,Laptop
6183,700,10,2025-04-18,2025,4,79.3,77.7,Smart TV
6184,468,22,2025-04-06,2025,4,65.8,52.6,Mobile
6185,446,37,2023-05-25,2023,5,110.0,86.6,Desktop
6186,31,39,2023-04-25,2023,4,63.1,68.6,Smart TV
6187,127,28,2025-03-14,2025,3,90.6,67.1,Tablet
6188,857,36,2024-04-27,2024,4,102.7,81.5,Laptop
6189,10,16,2023-07-31,2023,7,85.3,87.0,Laptop
6190,383,18,2023-09-16,2023,9,48.3,38.3,Mobile
6191,399,7,2024-03-22,2024,3,84.6,65.1,Desktop
6192,476,1,2023-02-01,2023,2,94.0,79.7,Laptop
6193,298,48,2023-12-06,2023,12,89.8,73.6,Mobile
6194,338,47,2024-11-02,2024,11,49.8,42.2,Tablet
6195,307,10,2024-08-17,2024,8,93.7,91.9,Smart TV
6196,529,1,2024-08-23,2024,8,54.3,46.0,Mobile
6197,122,23,2023-01-07,2023,1,68.0,60.7,Mobile
6198,670,40,2025-04-05,2025,4,95.2,66.1,Desktop
6199,723,27,2023-04-12,2023,4,60.9,71.7,Mobile
6200,338,11,2024-12-26,2024,12,81.2,61.5,Smart TV
6201,715,16,2024-12-14,2024,12,48.1,49.1,Desktop
6202,958,4,2023-11-29,2023,11,78.3,71.2,Desktop
6203,198,30,2024-10-25,2024,10,77.6,68.1,Laptop
6204,241,23,2023-10-05,2023,10,91.8,82.0,Laptop
6205,509,26,2023-06-28,2023,6,106.0,91.4,Smart TV
6206,611,24,2023-02-17,2023,2,83.3,83.3,Mobile
6207,119,22,2025-03-05,2025,3,61.0,48.8,Laptop
6208,328,33,2024-12-03,2024,12,77.7,67.6,Smart TV
6209,475,29,2024-12-22,2024,12,82.0,73.2,Desktop
6210,182,26,2023-02-11,2023,2,62.5,53.9,Tablet
6211,283,35,2024-08-24,2024,8,41.8,45.9,Laptop
6212,931,23,2025-04-01,2025,4,99.9,89.2,Desktop
6213,8,46,2025-02-16,2025,2,32.3,36.7,Desktop
6214,443,5,2025-03-29,2025,3,74.1,75.6,Smart TV
6215,183,39,2023-08-14,2023,8,62.8,68.3,Laptop
6216,677,47,2024-01-09,2024,1,89.3,75.7,Smart TV
6217,47,21,2025-01-24,2025,1,97.7,84.2,Desktop
6218,417,29,2023-11-25,2023,11,76.3,68.1,Desktop
6219,622,6,2023-04-20,2023,4,91.4,79.5,Tablet
6220,607,36,2023-08-17,2023,8,37.5,29.8,Laptop
6221,777,22,2024-04-23,2024,4,82.9,66.3,Smart TV
6222,453,17,2023-11-29,2023,11,99.8,83.2,Mobile
6223,90,25,2023-01-01,2023,1,106.6,73.5,Laptop
6224,992,34,2024-08-07,2024,8,81.7,69.2,Mobile
6225,818,49,2023-04-22,2023,4,109.9,87.9,Smart TV
6226,186,8,2025-03-06,2025,3,50.7,53.9,Desktop
6227,610,25,2023-03-04,2023,3,38.3,26.4,Desktop
6228,201,18,2024-04-14,2024,4,84.9,67.4,Mobile
6229,134,43,2024-06-03,2024,6,76.7,77.5,Desktop
6230,601,40,2025-01-08,2025,1,78.3,54.4,Tablet
6231,288,25,2023-04-19,2023,4,119.0,82.1,Smart TV
6232,749,37,2024-09-10,2024,9,105.0,82.7,Tablet
6233,592,39,2023-05-10,2023,5,60.1,65.3,Laptop
6234,713,26,2023-02-19,2023,2,104.1,89.7,Smart TV
6235,217,34,2024-11-24,2024,11,83.0,70.3,Desktop
6236,904,34,2024-11-23,2024,11,74.1,62.8,Smart TV
6237,526,24,2025-01-21,2025,1,77.8,77.8,Desktop
6238,882,40,2024-06-08,2024,6,94.2,65.4,Mobile
6239,560,17,2025-03-05,2025,3,65.9,54.9,Desktop
6240,479,26,2024-12-14,2024,12,64.4,55.5,Desktop
6241,9,42,2023-01-05,2023,1,76.5,69.5,Tablet
6242,602,19,2024-09-22,2024,9,88.5,75.0,Desktop
6243,871,47,2024-10-31,2024,10,100.9,85.5,Laptop
6244,321,30,2024-12-01,2024,12,101.6,89.1,Laptop
6245,891,20,2023-10-11,2023,10,75.3,85.6,Tablet
6246,413,38,2025-04-28,2025,4,60.8,49.8,Tablet
6247,139,25,2024-10-17,2024,10,120.8,83.3,Laptop
6248,292,42,2023-08-26,2023,8,65.2,59.3,Tablet
6249,851,23,2024-08-04,2024,8,49.1,43.8,Tablet
6250,32,47,2023-09-23,2023,9,66.1,56.0,Desktop
6251,668,33,2023-08-03,2023,8,103.8,90.3,Desktop
6252,338,41,2024-10-14,2024,10,95.3,80.8,Desktop
6253,759,4,2024-04-18,2024,4,93.5,85.0,Desktop
6254,990,28,2024-01-08,2024,1,96.3,71.3,Laptop
6255,462,33,2025-02-13,2025,2,62.2,54.1,Tablet
6256,338,27,2024-11-12,2024,11,52.7,62.0,Tablet
6257,489,34,2023-11-13,2023,11,115.4,97.8,Smart TV
6258,314,44,2023-02-09,2023,2,105.6,70.4,Smart TV
6259,59,29,2024-10-29,2024,10,88.5,79.0,Tablet
6260,477,25,2023-04-07,2023,4,127.6,88.0,Smart TV
6261,324,43,2023-01-27,2023,1,77.0,77.8,Mobile
6262,504,33,2024-07-01,2024,7,61.8,53.7,Desktop
6263,161,10,2023-07-15,2023,7,53.0,52.0,Desktop
6264,330,19,2023-01-14,2023,1,65.0,55.1,Smart TV
6265,419,38,2024-08-24,2024,8,92.7,76.0,Smart TV
6266,977,36,2023-12-08,2023,12,100.3,79.6,Mobile
6267,746,12,2023-08-18,2023,8,49.6,41.3,Smart TV
6268,953,44,2025-03-31,2025,3,97.8,65.2,Smart TV
6269,163,30,2023-09-01,2023,9,68.9,60.4,Laptop
6270,829,8,2023-10-19,2023,10,37.6,40.0,Desktop
6271,707,4,2023-07-12,2023,7,51.6,46.9,Smart TV
6272,252,18,2024-05-08,2024,5,88.6,70.3,Laptop
6273,435,40,2023-12-04,2023,12,127.2,88.3,Desktop
6274,249,46,2024-01-01,2024,1,45.8,52.1,Tablet
6275,43,10,2023-02-07,2023,2,35.3,34.6,Mobile
6276,482,17,2023-03-17,2023,3,62.2,51.8,Laptop
6277,272,24,2024-07-31,2024,7,57.8,57.8,Tablet
6278,819,26,2023-04-24,2023,4,96.4,83.1,Mobile
6279,565,37,2023-09-13,2023,9,115.2,90.7,Desktop
6280,96,41,2023-06-01,2023,6,82.4,69.8,Mobile
6281,863,27,2023-11-29,2023,11,59.3,69.8,Mobile
6282,928,10,2023-06-22,2023,6,89.2,87.5,Desktop
6283,665,16,2024-11-02,2024,11,79.2,80.8,Mobile
6284,374,25,2023-10-31,2023,10,84.7,58.4,Desktop
6285,712,23,2023-09-12,2023,9,88.6,79.1,Laptop
6286,380,24,2023-11-28,2023,11,85.0,85.0,Laptop
6287,595,22,2023-02-22,2023,2,57.0,45.6,Tablet
6288,218,46,2023-12-07,2023,12,52.5,59.7,Tablet
6289,787,35,2024-09-12,2024,9,45.8,50.3,Smart TV
6290,238,42,2023-05-21,2023,5,77.4,70.4,Smart TV
6291,591,47,2024-09-07,2024,9,44.7,37.9,Tablet
6292,37,2,2024-06-16,2024,6,62.5,50.4,Smart TV
6293,410,37,2024-01-22,2024,1,103.1,81.2,Smart TV
6294,971,28,2024-07-30,2024,7,39.8,29.5,Smart TV
6295,154,4,2024-07-31,2024,7,74.9,68.1,Laptop
6296,693,2,2024-02-15,2024,2,53.7,43.3,Desktop
6297,39,28,2024-10-20,2024,10,123.4,91.4,Tablet
6298,25,47,2023-03-10,2023,3,109.4,92.7,Mobile
6299,177,3,2023-02-27,2023,2,75.0,52.8,Smart TV
6300,259,20,2024-09-18,2024,9,50.0,56.8,Tablet
6301,916,11,2023-04-28,2023,4,85.3,64.6,Mobile
6302,565,42,2023-07-18,2023,7,87.7,79.7,Smart TV
6303,603,48,2024-10-12,2024,10,105.9,86.8,Mobile
6304,759,39,2023-06-11,2023,6,49.6,53.9,Desktop
6305,151,8,2023-01-03,2023,1,42.3,45.0,Tablet
6306,88,11,2023-06-27,2023,6,119.1,90.2,Mobile
6307,887,4,2024-07-26,2024,7,50.2,45.6,Smart TV
6308,524,15,2024-10-30,2024,10,78.8,69.1,Laptop
6309,187,30,2025-03-09,2025,3,42.0,36.8,Laptop
6310,636,36,2023-11-28,2023,11,88.8,70.5,Desktop
6311,549,29,2025-03-19,2025,3,55.3,49.4,Desktop
6312,956,10,2023-03-05,2023,3,66.9,65.6,Smart TV
6313,163,45,2024-11-07,2024,11,80.5,71.9,Mobile
6314,984,6,2023-06-21,2023,6,76.8,66.8,Desktop
6315,567,4,2023-10-26,2023,10,62.4,56.7,Tablet
6316,375,33,2024-08-16,2024,8,70.2,61.0,Laptop
6317,503,27,2023-01-14,2023,1,47.4,55.8,Mobile
6318,663,28,2025-04-30,2025,4,124.6,92.3,Tablet
6319,160,45,2024-10-04,2024,10,63.4,56.6,Laptop
6320,182,24,2024-04-17,2024,4,53.6,53.6,Desktop
6321,477,45,2023-09-14,2023,9,77.7,69.4,Desktop
6322,928,35,2023-09-25,2023,9,17.1,18.8,Desktop
6323,280,27,2023-11-22,2023,11,49.1,57.8,Mobile
6324,445,6,2023-05-26,2023,5,102.7,89.3,Desktop
6325,513,39,2024-04-09,2024,4,36.6,39.8,Laptop
6326,159,26,2024-06-18,2024,6,44.0,37.9,Desktop
6327,140,33,2025-03-26,2025,3,110.9,96.4,Tablet
6328,704,47,2023-03-14,2023,3,95.2,80.7,Tablet
6329,264,8,2024-03-24,2024,3,48.9,52.0,Tablet
6330,77,42,2024-06-12,2024,6,100.8,91.6,Mobile
6331,343,25,2025-01-16,2025,1,117.6,81.1,Desktop
6332,528,1,2025-03-24,2025,3,61.8,52.4,Tablet
6333,388,20,2024-04-28,2024,4,55.5,63.1,Laptop
6334,652,5,2023-05-28,2023,5,59.6,60.8,Mobile
6335,902,12,2025-02-18,2025,2,99.5,82.9,Laptop
6336,137,36,2024-12-02,2024,12,79.8,63.3,Laptop
6337,689,44,2023-10-04,2023,10,61.2,40.8,Tablet
6338,811,2,2023-03-28,2023,3,92.8,74.8,Mobile
6339,632,36,2024-11-28,2024,11,71.7,56.9,Mobile
6340,535,29,2023-01-03,2023,1,101.8,90.9,Mobile
6341,483,1,2024-12-09,2024,12,84.6,71.7,Tablet
6342,498,7,2024-01-11,2024,1,64.7,49.8,Tablet
6343,479,42,2023-04-16,2023,4,89.5,81.4,Mobile
6344,483,19,2023-03-01,2023,3,69.0,58.5,Smart TV
6345,435,36,2024-08-15,2024,8,80.6,64.0,Tablet
6346,612,25,2024-04-08,2024,4,116.4,80.3,Laptop
6347,423,6,2024-11-16,2024,11,42.2,36.7,Mobile
6348,94,3,2025-04-28,2025,4,105.8,74.5,Mobile
6349,53,44,2024-04-25,2024,4,54.5,36.3,Mobile
6350,509,36,2025-01-24,2025,1,79.9,63.4,Smart TV
6351,13,24,2023-02-19,2023,2,47.8,47.8,Laptop
6352,579,31,2023-06-17,2023,6,76.5,79.7,Smart TV
6353,721,44,2024-09-24,2024,9,75.3,50.2,Mobile
6354,13,44,2023-06-26,2023,6,115.2,76.8,Tablet
6355,374,40,2025-03-20,2025,3,109.4,76.0,Laptop
6356,664,30,2024-11-21,2024,11,91.2,80.0,Laptop
6357,656,15,2024-09-05,2024,9,76.3,66.9,Desktop
6358,888,48,2024-04-07,2024,4,100.5,82.4,Laptop
6359,852,49,2023-06-21,2023,6,78.1,62.5,Tablet
6360,680,44,2024-11-27,2024,11,114.9,76.6,Laptop
6361,686,42,2023-06-19,2023,6,40.8,37.1,Mobile
6362,415,19,2023-04-26,2023,4,73.9,62.6,Smart TV
6363,452,19,2023-02-10,2023,2,108.1,91.6,Laptop
6364,96,13,2023-09-02,2023,9,64.9,72.1,Desktop
6365,786,15,2024-03-30,2024,3,95.9,84.1,Tablet
6366,760,37,2025-02-28,2025,2,106.4,83.8,Desktop
6367,459,25,2024-06-30,2024,6,64.5,44.5,Tablet
6368,786,1,2024-06-26,2024,6,71.7,60.8,Tablet
6369,786,6,2025-04-07,2025,4,96.9,84.3,Laptop
6370,614,43,2023-02-17,2023,2,83.7,84.5,Desktop
6371,306,40,2025-01-10,2025,1,93.7,65.1,Desktop
6372,81,18,2023-10-07,2023,10,94.9,75.3,Mobile
6373,528,4,2023-08-05,2023,8,102.0,92.7,Laptop
6374,516,26,2023-06-25,2023,6,67.7,58.4,Mobile
6375,691,23,2024-03-30,2024,3,63.2,56.4,Laptop
6376,28,37,2024-09-24,2024,9,95.0,74.8,Tablet
6377,215,12,2023-09-22,2023,9,76.9,64.1,Smart TV
6378,325,10,2024-03-27,2024,3,83.5,81.9,Mobile
6379,100,8,2023-04-03,2023,4,28.3,30.1,Desktop
6380,381,45,2023-03-14,2023,3,104.5,93.3,Laptop
6381,421,44,2024-03-10,2024,3,133.3,88.9,Desktop
6382,568,43,2025-01-14,2025,1,60.3,60.9,Smart TV
6383,839,11,2023-03-20,2023,3,73.3,55.5,Desktop
6384,422,8,2024-05-27,2024,5,27.7,29.5,Tablet
6385,741,45,2023-07-23,2023,7,87.6,78.2,Desktop
6386,9,49,2023-02-10,2023,2,110.2,88.2,Smart TV
6387,673,27,2023-09-29,2023,9,54.9,64.6,Tablet
6388,679,9,2023-01-09,2023,1,79.0,61.7,Laptop
6389,304,35,2025-04-26,2025,4,57.2,62.9,Tablet
6390,944,36,2023-04-15,2023,4,102.2,81.1,Smart TV
6391,992,5,2025-02-15,2025,2,57.2,58.4,Laptop
6392,624,47,2024-07-06,2024,7,68.7,58.2,Laptop
6393,396,1,2023-10-29,2023,10,59.1,50.1,Smart TV
6394,958,30,2023-04-17,2023,4,79.9,70.1,Desktop
6395,941,17,2024-11-29,2024,11,83.6,69.7,Smart TV
6396,83,17,2024-03-16,2024,3,48.2,40.2,Smart TV
6397,512,22,2024-07-02,2024,7,44.6,35.7,Laptop
6398,353,10,2024-09-28,2024,9,87.5,85.8,Smart TV
6399,434,29,2024-03-14,2024,3,86.0,76.8,Desktop
6400,531,42,2024-09-25,2024,9,75.5,68.6,Desktop
6401,538,30,2024-04-26,2024,4,70.1,61.5,Laptop
6402,338,33,2023-09-22,2023,9,101.4,88.2,Laptop
6403,990,5,2023-08-30,2023,8,35.8,36.5,Desktop
6404,949,9,2025-01-09,2025,1,116.7,91.2,Smart TV
6405,426,1,2024-12-08,2024,12,72.3,61.3,Desktop
6406,446,12,2024-12-13,2024,12,82.3,68.6,Mobile
6407,716,38,2023-08-02,2023,8,68.4,56.1,Smart TV
6408,529,39,2023-01-28,2023,1,69.4,75.4,Desktop
6409,294,19,2024-05-05,2024,5,89.7,76.0,Tablet
6410,737,43,2023-12-24,2023,12,65.3,66.0,Mobile
6411,369,27,2024-07-21,2024,7,32.6,38.3,Smart TV
6412,719,16,2023-03-05,2023,3,91.7,93.6,Tablet
6413,29,43,2024-03-04,2024,3,61.2,61.8,Laptop
6414,531,2,2023-11-20,2023,11,116.3,93.8,Mobile
6415,388,3,2023-05-15,2023,5,114.5,80.6,Tablet
6416,651,20,2023-09-05,2023,9,38.9,44.2,Tablet
6417,984,44,2023-06-30,2023,6,127.2,84.8,Tablet
6418,70,35,2024-02-28,2024,2,36.9,40.5,Laptop
6419,468,23,2024-03-04,2024,3,57.5,51.3,Mobile
6420,819,7,2023-05-14,2023,5,100.1,77.0,Smart TV
6421,557,45,2023-01-15,2023,1,79.1,70.6,Smart TV
6422,571,32,2024-07-06,2024,7,115.9,82.8,Mobile
6423,928,26,2024-03-02,2024,3,46.5,40.1,Laptop
6424,356,40,2024-06-06,2024,6,88.6,61.5,Tablet
6425,386,15,2023-12-29,2023,12,77.0,67.5,Laptop
6426,82,34,2023-01-30,2023,1,58.2,49.3,Desktop
6427,697,34,2023-06-30,2023,6,73.2,62.0,Mobile
6428,961,11,2024-11-09,2024,11,95.3,72.2,Desktop
6429,391,28,2024-08-21,2024,8,46.8,34.7,Laptop
6430,855,40,2023-10-07,2023,10,93.6,65.0,Desktop
6431,539,49,2023-11-14,2023,11,62.8,50.2,Desktop
6432,912,11,2024-12-10,2024,12,113.8,86.2,Laptop
6433,460,3,2023-12-03,2023,12,68.6,48.3,Smart TV
6434,82,43,2023-08-14,2023,8,85.2,86.1,Smart TV
6435,835,40,2024-07-07,2024,7,106.1,73.7,Tablet
6436,94,47,2025-02-11,2025,2,103.0,87.3,Smart TV
6437,764,11,2023-01-18,2023,1,69.8,52.9,Tablet
6438,968,25,2024-06-19,2024,6,98.0,67.6,Laptop
6439,130,29,2025-02-05,2025,2,78.4,70.0,Tablet
6440,140,28,2024-07-08,2024,7,108.5,80.4,Laptop
6441,191,31,2023-05-28,2023,5,69.6,72.5,Tablet
6442,30,47,2023-09-07,2023,9,56.5,47.9,Desktop
6443,935,31,2024-04-04,2024,4,71.0,74.0,Laptop
6444,449,6,2025-01-31,2025,1,30.0,26.1,Smart TV
6445,682,35,2023-08-22,2023,8,43.3,47.6,Laptop
6446,833,49,2025-02-13,2025,2,118.6,94.9,Laptop
6447,492,16,2023-12-17,2023,12,86.7,88.5,Smart TV
6448,198,42,2023-05-13,2023,5,95.7,87.0,Tablet
6449,512,42,2024-12-31,2024,12,91.5,83.2,Mobile
6450,261,22,2023-08-07,2023,8,77.5,62.0,Laptop
6451,723,38,2024-04-26,2024,4,65.5,53.7,Smart TV
6452,795,30,2023-08-14,2023,8,93.8,82.3,Smart TV
6453,175,36,2023-12-19,2023,12,107.2,85.1,Tablet
6454,945,2,2023-11-16,2023,11,100.1,80.7,Laptop
6455,43,49,2025-01-14,2025,1,117.6,94.1,Laptop
6456,351,22,2023-10-25,2023,10,111.9,89.5,Desktop
6457,619,47,2025-03-19,2025,3,94.8,80.3,Smart TV
6458,593,29,2024-04-14,2024,4,87.5,78.1,Laptop
6459,107,7,2024-03-01,2024,3,90.7,69.8,Desktop
6460,551,5,2024-01-04,2024,1,55.0,56.1,Laptop
6461,410,42,2024-04-16,2024,4,60.3,54.8,Tablet
6462,862,22,2024-01-25,2024,1,95.4,76.3,Laptop
6463,988,18,2024-06-11,2024,6,99.7,79.1,Laptop
6464,765,43,2024-03-17,2024,3,70.3,71.0,Smart TV
6465,213,12,2024-12-29,2024,12,60.6,50.5,Mobile
6466,988,45,2023-06-16,2023,6,65.4,58.4,Desktop
6467,339,23,2024-07-01,2024,7,77.5,69.2,Tablet
6468,30,1,2024-11-06,2024,11,102.1,86.5,Smart TV
6469,245,44,2024-09-21,2024,9,85.3,56.9,Laptop
6470,597,38,2024-11-24,2024,11,105.2,86.2,Smart TV
6471,432,18,2023-02-02,2023,2,88.7,70.4,Mobile
6472,652,36,2024-08-31,2024,8,76.9,61.0,Mobile
6473,88,9,2025-01-05,2025,1,45.7,35.7,Smart TV
6474,590,33,2023-01-30,2023,1,92.1,80.1,Smart TV
6475,739,33,2024-05-25,2024,5,48.1,41.8,Tablet
6476,148,35,2023-08-18,2023,8,51.1,56.2,Desktop
6477,55,21,2024-07-15,2024,7,96.9,83.5,Mobile
6478,40,35,2024-11-20,2024,11,33.3,36.6,Smart TV
6479,212,30,2023-10-14,2023,10,98.0,86.0,Smart TV
6480,334,26,2024-04-14,2024,4,35.4,30.5,Tablet
6481,503,11,2024-06-07,2024,6,109.8,83.2,Mobile
6482,327,25,2024-01-10,2024,1,110.5,76.2,Desktop
6483,377,30,2024-12-14,2024,12,102.6,90.0,Laptop
6484,362,32,2023-12-15,2023,12,104.2,74.4,Desktop
6485,584,24,2024-01-12,2024,1,31.5,31.5,Laptop
6486,332,42,2023-09-03,2023,9,87.8,79.8,Tablet
6487,138,37,2024-12-28,2024,12,98.2,77.3,Tablet
6488,118,20,2024-06-10,2024,6,69.3,78.8,Laptop
6489,920,5,2024-07-26,2024,7,51.1,52.1,Smart TV
6490,707,21,2023-05-15,2023,5,95.1,82.0,Laptop
6491,147,4,2024-04-09,2024,4,97.6,88.7,Desktop
6492,661,33,2023-06-17,2023,6,96.0,83.5,Mobile
6493,404,42,2023-11-17,2023,11,46.6,42.4,Mobile
6494,625,41,2024-12-27,2024,12,60.2,51.0,Laptop
6495,853,24,2024-05-18,2024,5,59.2,59.2,Laptop
6496,328,10,2023-03-03,2023,3,86.4,84.7,Mobile
6497,809,43,2023-05-19,2023,5,68.9,69.6,Tablet
6498,784,40,2023-09-26,2023,9,99.5,69.1,Mobile
6499,526,47,2025-03-04,2025,3,86.5,73.3,Laptop
6500,974,4,2023-07-13,2023,7,93.9,85.4,Laptop
6501,700,16,2023-06-26,2023,6,79.7,81.3,Mobile
6502,805,11,2025-01-25,2025,1,127.9,96.9,Laptop
6503,10,48,2024-12-20,2024,12,61.0,50.0,Smart TV
6504,792,28,2023-08-28,2023,8,79.4,58.8,Mobile
6505,590,17,2023-04-03,2023,4,60.4,50.3,Mobile
6506,843,36,2023-02-09,2023,2,79.9,63.4,Smart TV
6507,363,31,2024-08-08,2024,8,58.2,60.6,Desktop
6508,63,46,2023-01-28,2023,1,65.2,74.1,Desktop
6509,936,17,2023-04-01,2023,4,55.9,46.6,Smart TV
6510,926,10,2023-11-29,2023,11,60.9,59.7,Mobile
6511,89,36,2024-08-31,2024,8,52.0,41.3,Mobile
6512,209,20,2025-01-28,2025,1,77.1,87.6,Laptop
6513,821,33,2024-12-28,2024,12,73.3,63.7,Mobile
6514,207,14,2024-09-07,2024,9,123.1,83.2,Desktop
6515,443,45,2023-06-30,2023,6,99.2,88.6,Tablet
6516,560,27,2023-03-31,2023,3,39.0,45.9,Smart TV
6517,119,8,2023-06-04,2023,6,38.3,40.7,Mobile
6518,905,45,2024-12-25,2024,12,58.9,52.6,Mobile
6519,230,3,2023-04-05,2023,4,83.5,58.8,Laptop
6520,574,3,2023-06-16,2023,6,108.9,76.7,Desktop
6521,52,36,2024-07-12,2024,7,98.2,77.9,Mobile
6522,593,25,2024-11-24,2024,11,96.1,66.3,Laptop
6523,162,13,2023-04-30,2023,4,32.2,35.8,Desktop
6524,890,38,2023-02-06,2023,2,87.5,71.7,Mobile
6525,687,14,2023-07-16,2023,7,90.1,60.9,Desktop
6526,745,45,2023-07-31,2023,7,47.2,42.1,Smart TV
6527,240,49,2024-03-17,2024,3,110.1,88.1,Tablet
6528,501,4,2023-11-04,2023,11,103.8,94.4,Mobile
6529,934,31,2023-03-29,2023,3,26.6,27.7,Smart TV
6530,708,36,2024-07-30,2024,7,52.8,41.9,Mobile
6531,910,33,2025-03-23,2025,3,95.5,83.0,Laptop
6532,37,21,2025-04-12,2025,4,101.4,87.4,Mobile
6533,245,47,2023-07-30,2023,7,98.9,83.8,Mobile
6534,782,16,2023-10-06,2023,10,90.7,92.5,Laptop
6535,607,24,2024-03-16,2024,3,32.0,32.0,Tablet
6536,79,17,2024-06-15,2024,6,83.6,69.7,Tablet
6537,354,4,2025-04-26,2025,4,89.1,81.0,Tablet
6538,356,49,2024-12-21,2024,12,60.4,48.3,Tablet
6539,156,15,2023-03-19,2023,3,97.5,85.5,Smart TV
6540,121,26,2023-01-27,2023,1,99.6,85.9,Tablet
6541,983,42,2024-05-30,2024,5,89.7,81.5,Mobile
6542,668,43,2025-02-01,2025,2,93.8,94.7,Mobile
6543,324,45,2025-02-12,2025,2,75.9,67.8,Mobile
6544,978,13,2025-02-16,2025,2,58.0,64.5,Smart TV
6545,62,28,2024-02-13,2024,2,118.1,87.5,Mobile
6546,14,23,2024-08-31,2024,8,85.3,76.2,Tablet
6547,936,39,2024-02-11,2024,2,59.1,64.2,Smart TV
6548,785,16,2023-08-12,2023,8,78.3,79.9,Mobile
6549,30,32,2023-04-21,2023,4,114.9,82.1,Laptop
6550,536,1,2025-03-11,2025,3,37.4,31.7,Tablet
6551,888,5,2023-10-08,2023,10,61.1,62.3,Smart TV
6552,256,12,2023-08-10,2023,8,71.3,59.4,Mobile
6553,819,49,2024-02-20,2024,2,77.4,61.9,Desktop
6554,797,32,2023-10-28,2023,10,81.9,58.5,Desktop
6555,711,34,2024-07-19,2024,7,61.0,51.7,Smart TV
6556,250,30,2023-12-10,2023,12,86.4,75.8,Mobile
6557,861,37,2024-05-19,2024,5,64.9,51.1,Desktop
6558,872,21,2024-07-08,2024,7,99.9,86.1,Smart TV
6559,703,24,2024-07-17,2024,7,91.9,91.9,Laptop
6560,365,21,2023-04-26,2023,4,61.7,53.2,Mobile
6561,916,37,2024-03-06,2024,3,106.4,83.8,Smart TV
6562,942,20,2024-06-15,2024,6,63.3,71.9,Smart TV
6563,439,32,2024-07-09,2024,7,103.6,74.0,Smart TV
6564,561,46,2024-05-15,2024,5,68.6,77.9,Smart TV
6565,149,16,2024-06-28,2024,6,28.8,29.4,Laptop
6566,712,16,2024-02-26,2024,2,55.3,56.4,Laptop
6567,532,20,2024-02-28,2024,2,64.3,73.1,Desktop
6568,442,48,2024-05-06,2024,5,112.0,91.8,Laptop
6569,101,26,2023-08-25,2023,8,81.8,70.5,Mobile
6570,134,3,2024-02-14,2024,2,77.2,54.4,Tablet
6571,341,23,2023-06-22,2023,6,83.7,74.7,Tablet
6572,410,3,2023-05-05,2023,5,80.7,56.8,Desktop
6573,310,1,2024-06-09,2024,6,51.0,43.2,Laptop
6574,260,6,2024-01-14,2024,1,78.0,67.8,Desktop
6575,116,46,2023-11-16,2023,11,60.1,68.3,Mobile
6576,75,27,2024-07-05,2024,7,29.9,35.2,Tablet
6577,940,2,2023-07-23,2023,7,109.0,87.9,Mobile
6578,92,34,2024-09-14,2024,9,58.3,49.4,Mobile
6579,802,22,2023-12-16,2023,12,77.5,62.0,Laptop
6580,389,23,2023-09-22,2023,9,56.2,50.2,Tablet
6581,513,16,2024-01-24,2024,1,69.9,71.3,Laptop
6582,948,15,2024-05-26,2024,5,78.1,68.5,Laptop
6583,827,2,2023-07-23,2023,7,72.9,58.8,Laptop
6584,648,44,2023-11-19,2023,11,87.3,58.2,Laptop
6585,868,37,2023-12-29,2023,12,100.6,79.2,Tablet
6586,30,1,2023-08-25,2023,8,114.5,97.0,Mobile
6587,95,39,2024-02-28,2024,2,35.4,38.5,Tablet
6588,795,10,2023-08-14,2023,8,95.8,93.9,Tablet
6589,820,38,2024-04-27,2024,4,109.1,89.4,Smart TV
6590,708,7,2024-10-29,2024,10,113.0,86.9,Tablet
6591,762,14,2024-02-04,2024,2,124.9,84.4,Smart TV
6592,548,24,2024-11-04,2024,11,83.9,83.9,Mobile
6593,965,38,2023-11-29,2023,11,104.9,86.0,Tablet
6594,22,38,2023-07-18,2023,7,69.2,56.7,Desktop
6595,588,6,2024-02-21,2024,2,91.5,79.6,Laptop
6596,34,35,2023-04-27,2023,4,50.6,55.6,Laptop
6597,877,49,2025-03-03,2025,3,115.0,92.0,Smart TV
6598,282,34,2024-10-05,2024,10,66.3,56.2,Laptop
6599,194,48,2024-04-30,2024,4,103.7,85.0,Mobile
6600,16,45,2024-03-06,2024,3,56.0,50.0,Tablet
6601,951,37,2023-12-05,2023,12,102.7,80.9,Desktop
6602,344,46,2023-05-08,2023,5,36.9,41.9,Laptop
6603,262,19,2024-09-19,2024,9,97.2,82.4,Tablet
6604,590,22,2023-10-28,2023,10,58.5,46.8,Mobile
6605,760,49,2024-12-14,2024,12,87.2,69.8,Laptop
6606,866,28,2023-05-14,2023,5,94.1,69.7,Smart TV
6607,513,1,2023-01-13,2023,1,52.2,44.2,Mobile
6608,664,29,2023-07-29,2023,7,64.4,57.5,Tablet
6609,594,43,2025-03-12,2025,3,57.9,58.5,Laptop
6610,600,12,2023-08-28,2023,8,72.4,60.3,Mobile
6611,836,27,2024-12-29,2024,12,38.4,45.2,Smart TV
6612,433,18,2025-01-19,2025,1,90.3,71.7,Tablet
6613,736,6,2024-12-04,2024,12,106.6,92.7,Mobile
6614,55,6,2024-03-31,2024,3,32.3,28.1,Desktop
6615,990,7,2023-05-09,2023,5,103.5,79.6,Desktop
6616,291,41,2024-11-02,2024,11,73.0,61.9,Tablet
6617,975,5,2025-01-25,2025,1,27.2,27.8,Laptop
6618,895,37,2023-11-05,2023,11,93.9,73.9,Mobile
6619,716,19,2023-06-27,2023,6,90.9,77.0,Smart TV
6620,321,46,2023-12-26,2023,12,63.7,72.4,Desktop
6621,207,41,2023-08-07,2023,8,82.7,70.1,Desktop
6622,830,31,2024-12-31,2024,12,60.7,63.2,Tablet
6623,675,32,2024-08-10,2024,8,136.1,97.2,Mobile
6624,676,14,2023-02-19,2023,2,133.3,90.1,Tablet
6625,907,21,2024-01-23,2024,1,66.9,57.7,Tablet
6626,974,46,2024-04-28,2024,4,29.2,33.2,Desktop
6627,574,9,2025-01-16,2025,1,104.4,81.6,Mobile
6628,856,34,2024-04-24,2024,4,109.9,93.1,Desktop
6629,810,39,2023-10-12,2023,10,63.6,69.1,Mobile
6630,500,47,2024-08-13,2024,8,53.2,45.1,Tablet
6631,123,5,2023-11-04,2023,11,46.2,47.1,Tablet
6632,730,42,2023-03-25,2023,3,103.2,93.8,Desktop
6633,877,33,2023-09-04,2023,9,43.4,37.7,Desktop
6634,469,24,2025-03-30,2025,3,59.7,59.7,Laptop
6635,895,32,2023-08-06,2023,8,130.2,93.0,Desktop
6636,940,35,2024-10-29,2024,10,78.7,86.5,Smart TV
6637,247,32,2025-01-08,2025,1,110.6,79.0,Laptop
6638,573,44,2025-01-15,2025,1,106.2,70.8,Mobile
6639,58,31,2024-07-27,2024,7,71.0,74.0,Mobile
6640,648,10,2023-12-15,2023,12,56.6,55.5,Laptop
6641,954,7,2023-06-10,2023,6,53.6,41.2,Desktop
6642,849,2,2024-07-17,2024,7,116.4,93.9,Smart TV
6643,416,31,2024-08-08,2024,8,90.4,94.2,Mobile
6644,630,27,2024-11-12,2024,11,59.1,69.5,Smart TV
6645,555,28,2024-01-05,2024,1,121.0,89.6,Smart TV
6646,563,14,2025-04-28,2025,4,110.3,74.5,Laptop
6647,471,5,2024-02-24,2024,2,69.5,70.9,Desktop
6648,137,7,2025-02-25,2025,2,105.4,81.1,Mobile
6649,194,44,2025-02-01,2025,2,104.4,69.6,Desktop
6650,864,2,2024-04-02,2024,4,44.1,35.6,Smart TV
6651,500,34,2025-03-06,2025,3,44.6,37.8,Desktop
6652,770,47,2024-03-02,2024,3,106.3,90.1,Tablet
6653,770,38,2023-08-19,2023,8,60.0,49.2,Tablet
6654,820,49,2024-12-24,2024,12,41.9,33.5,Desktop
6655,241,18,2024-05-31,2024,5,72.6,57.6,Smart TV
6656,689,45,2024-12-09,2024,12,75.7,67.6,Laptop
6657,554,29,2024-02-24,2024,2,102.0,91.1,Smart TV
6658,631,27,2023-12-22,2023,12,49.8,58.6,Laptop
6659,690,18,2025-04-11,2025,4,78.2,62.1,Laptop
6660,453,9,2024-03-13,2024,3,89.0,69.5,Laptop
6661,694,18,2023-04-02,2023,4,105.1,83.4,Desktop
6662,165,33,2023-04-16,2023,4,78.4,68.2,Desktop
6663,278,32,2024-05-03,2024,5,104.7,74.8,Mobile
6664,880,3,2023-07-18,2023,7,85.2,60.0,Smart TV
6665,773,10,2023-03-04,2023,3,52.1,51.1,Smart TV
6666,407,40,2023-08-20,2023,8,53.9,37.4,Smart TV
6667,866,48,2024-02-03,2024,2,96.0,78.7,Laptop
6668,354,11,2024-01-16,2024,1,122.0,92.4,Smart TV
6669,248,1,2024-09-18,2024,9,105.7,89.6,Mobile
6670,473,49,2025-03-04,2025,3,106.6,85.3,Mobile
6671,751,25,2023-08-21,2023,8,89.5,61.7,Tablet
6672,528,22,2023-05-31,2023,5,97.5,78.0,Laptop
6673,477,26,2025-02-01,2025,2,81.1,69.9,Mobile
6674,129,22,2024-12-26,2024,12,92.4,73.9,Tablet
6675,779,41,2024-08-11,2024,8,89.2,75.6,Mobile
6676,64,47,2025-03-28,2025,3,74.6,63.2,Smart TV
6677,410,47,2025-02-24,2025,2,78.0,66.1,Smart TV
6678,199,9,2024-05-19,2024,5,86.4,67.5,Smart TV
6679,265,9,2023-06-03,2023,6,92.9,72.6,Laptop
6680,714,26,2023-06-13,2023,6,96.7,83.4,Desktop
6681,237,30,2023-05-24,2023,5,101.2,88.8,Smart TV
6682,510,44,2023-06-30,2023,6,76.7,51.1,Desktop
6683,213,7,2023-02-06,2023,2,71.2,54.8,Smart TV
6684,735,31,2025-04-24,2025,4,79.8,83.1,Mobile
6685,8,35,2024-12-10,2024,12,35.4,38.9,Smart TV
6686,258,3,2023-07-29,2023,7,116.7,82.2,Mobile
6687,274,13,2023-07-15,2023,7,64.0,71.1,Mobile
6688,648,41,2024-07-04,2024,7,104.3,88.4,Desktop
6689,216,35,2023-10-15,2023,10,59.5,65.4,Mobile
6690,131,24,2024-10-23,2024,10,70.3,70.3,Desktop
6691,641,1,2023-10-03,2023,10,81.7,69.2,Tablet
6692,104,38,2024-06-20,2024,6,103.1,84.5,Laptop
6693,771,44,2024-11-24,2024,11,66.5,44.3,Tablet
6694,586,43,2024-01-30,2024,1,72.3,73.0,Tablet
6695,303,24,2024-12-23,2024,12,63.1,63.1,Laptop
6696,746,45,2023-05-28,2023,5,47.4,42.3,Tablet
6697,682,45,2024-07-06,2024,7,94.3,84.2,Tablet
6698,636,43,2023-06-11,2023,6,66.9,67.6,Mobile
6699,331,14,2024-12-31,2024,12,70.3,47.5,Tablet
6700,203,42,2024-09-08,2024,9,73.9,67.2,Desktop
6701,372,40,2023-07-29,2023,7,82.1,57.0,Smart TV
6702,539,36,2023-08-07,2023,8,97.7,77.5,Desktop
6703,39,15,2024-09-09,2024,9,78.3,68.7,Desktop
6704,480,44,2024-11-19,2024,11,107.8,71.9,Smart TV
6705,694,14,2023-03-24,2023,3,118.4,80.0,Mobile
6706,244,11,2023-04-07,2023,4,99.8,75.6,Laptop
6707,776,38,2025-04-24,2025,4,96.6,79.2,Laptop
6708,818,24,2025-03-09,2025,3,40.5,40.5,Mobile
6709,131,22,2023-01-12,2023,1,81.8,65.4,Tablet
6710,898,48,2024-10-26,2024,10,88.1,72.2,Mobile
6711,413,42,2024-04-13,2024,4,59.5,54.1,Laptop
6712,507,27,2024-04-27,2024,4,42.1,49.5,Desktop
6713,591,44,2024-06-28,2024,6,100.8,67.2,Smart TV
6714,573,38,2024-01-02,2024,1,99.3,81.4,Mobile
6715,912,47,2023-01-01,2023,1,64.5,54.7,Laptop
6716,190,20,2023-05-31,2023,5,47.5,54.0,Smart TV
6717,106,21,2023-12-27,2023,12,86.2,74.3,Tablet
6718,248,44,2024-03-28,2024,3,88.8,59.2,Desktop
6719,693,27,2023-08-22,2023,8,40.0,47.1,Laptop
6720,939,39,2023-10-23,2023,10,57.2,62.2,Laptop
6721,329,48,2023-10-20,2023,10,81.0,66.4,Tablet
6722,798,43,2024-10-30,2024,10,63.1,63.7,Mobile
6723,482,4,2024-06-09,2024,6,77.5,70.5,Mobile
6724,55,10,2025-01-26,2025,1,88.4,86.7,Mobile
6725,679,10,2025-01-23,2025,1,86.5,84.8,Tablet
6726,963,14,2024-01-25,2024,1,117.1,79.1,Smart TV
6727,700,48,2023-06-21,2023,6,76.5,62.7,Tablet
6728,673,30,2023-07-29,2023,7,92.6,81.2,Smart TV
6729,175,47,2023-07-29,2023,7,69.0,58.5,Desktop
6730,463,18,2024-07-31,2024,7,67.2,53.3,Mobile
6731,437,43,2024-02-05,2024,2,24.8,25.1,Mobile
6732,595,8,2023-02-04,2023,2,46.8,49.8,Desktop
6733,442,26,2025-01-07,2025,1,109.0,94.0,Mobile
6734,766,29,2023-08-01,2023,8,106.1,94.7,Smart TV
6735,424,20,2023-11-08,2023,11,50.4,57.3,Desktop
6736,908,37,2024-10-05,2024,10,101.5,79.9,Tablet
6737,527,23,2024-09-20,2024,9,71.1,63.5,Laptop
6738,94,31,2024-03-17,2024,3,80.9,84.3,Desktop
6739,687,2,2024-09-05,2024,9,64.6,52.1,Mobile
6740,941,27,2023-10-27,2023,10,60.9,71.6,Laptop
6741,654,36,2023-04-21,2023,4,36.2,28.7,Laptop
6742,770,32,2025-04-14,2025,4,78.1,55.8,Laptop
6743,429,28,2024-08-11,2024,8,116.0,85.9,Laptop
6744,937,32,2025-03-22,2025,3,74.6,53.3,Smart TV
6745,553,29,2025-02-25,2025,2,82.2,73.4,Mobile
6746,763,46,2023-11-30,2023,11,73.3,83.3,Mobile
6747,676,22,2024-02-03,2024,2,84.6,67.7,Mobile
6748,567,13,2024-03-29,2024,3,71.1,79.0,Tablet
6749,454,6,2024-08-30,2024,8,83.3,72.4,Desktop
6750,515,16,2024-03-31,2024,3,56.5,57.7,Laptop
6751,364,3,2024-09-12,2024,9,121.1,85.3,Desktop
6752,327,40,2023-08-08,2023,8,102.5,71.2,Tablet
6753,162,48,2023-11-28,2023,11,45.5,37.3,Smart TV
6754,47,33,2024-08-07,2024,8,89.6,77.9,Tablet
6755,288,26,2025-04-01,2025,4,88.4,76.2,Smart TV
6756,272,15,2023-11-02,2023,11,95.2,83.5,Smart TV
6757,367,17,2024-06-25,2024,6,79.1,65.9,Laptop
6758,182,8,2023-07-11,2023,7,63.5,67.5,Tablet
6759,33,16,2024-05-31,2024,5,67.1,68.5,Mobile
6760,534,35,2023-02-16,2023,2,70.3,77.2,Tablet
6761,637,19,2024-01-26,2024,1,79.2,67.1,Laptop
6762,602,4,2023-08-06,2023,8,76.8,69.8,Laptop
6763,452,18,2024-04-15,2024,4,84.8,67.3,Desktop
6764,126,43,2025-01-29,2025,1,87.2,88.1,Tablet
6765,84,12,2023-07-01,2023,7,53.4,44.5,Laptop
6766,46,49,2023-09-01,2023,9,101.9,81.5,Tablet
6767,716,21,2023-12-26,2023,12,85.3,73.5,Tablet
6768,728,33,2024-12-29,2024,12,104.2,90.6,Mobile
6769,654,37,2024-10-16,2024,10,44.7,35.2,Laptop
6770,126,21,2024-06-17,2024,6,88.2,76.0,Smart TV
6771,222,24,2023-05-15,2023,5,86.4,86.4,Tablet
6772,732,46,2024-11-08,2024,11,30.8,35.0,Smart TV
6773,528,21,2023-11-20,2023,11,95.6,82.4,Mobile
6774,172,38,2023-12-13,2023,12,102.4,83.9,Tablet
6775,198,34,2023-01-12,2023,1,51.3,43.5,Mobile
6776,71,12,2023-10-29,2023,10,101.9,84.9,Tablet
6777,97,35,2023-04-05,2023,4,56.7,62.3,Tablet
6778,766,42,2025-04-07,2025,4,45.9,41.7,Laptop
6779,623,37,2025-02-28,2025,2,95.0,74.8,Smart TV
6780,936,26,2024-10-02,2024,10,97.3,83.9,Laptop
6781,38,23,2023-12-11,2023,12,50.5,45.1,Mobile
6782,688,48,2025-04-10,2025,4,92.1,75.5,Desktop
6783,422,35,2024-03-24,2024,3,51.5,56.6,Tablet
6784,79,31,2023-01-08,2023,1,69.9,72.8,Laptop
6785,625,10,2024-09-03,2024,9,88.3,86.6,Smart TV
6786,770,36,2025-01-02,2025,1,116.7,92.6,Laptop
6787,18,32,2024-12-19,2024,12,60.2,43.0,Tablet
6788,86,10,2024-08-28,2024,8,54.9,53.8,Smart TV
6789,77,49,2023-07-19,2023,7,72.6,58.1,Laptop
6790,168,9,2023-02-13,2023,2,94.8,74.1,Laptop
6791,43,43,2023-02-23,2023,2,90.9,91.8,Smart TV
6792,490,44,2023-03-16,2023,3,136.8,91.2,Tablet
6793,508,24,2024-06-18,2024,6,73.8,73.8,Tablet
6794,159,46,2024-04-04,2024,4,17.9,20.3,Tablet
6795,109,5,2024-12-08,2024,12,82.0,83.7,Smart TV
6796,927,27,2025-03-18,2025,3,32.2,37.9,Mobile
6797,666,15,2023-03-02,2023,3,111.2,97.5,Desktop
6798,851,24,2023-03-17,2023,3,67.2,67.2,Tablet
6799,690,6,2023-06-22,2023,6,50.5,43.9,Desktop
6800,442,4,2024-10-20,2024,10,42.0,38.2,Mobile
6801,921,8,2024-11-14,2024,11,72.3,76.9,Smart TV
6802,896,44,2024-09-21,2024,9,129.4,86.3,Smart TV
6803,201,4,2023-07-06,2023,7,67.2,61.1,Desktop
6804,896,48,2024-06-04,2024,6,101.5,83.2,Desktop
6805,738,9,2023-03-02,2023,3,86.0,67.2,Smart TV
6806,227,8,2025-03-20,2025,3,62.6,66.6,Desktop
6807,441,36,2024-11-04,2024,11,100.5,79.8,Desktop
6808,867,7,2023-01-21,2023,1,114.5,88.1,Tablet
6809,649,7,2024-08-07,2024,8,107.9,83.0,Desktop
6810,50,19,2024-01-03,2024,1,38.6,32.7,Smart TV
6811,92,5,2023-05-25,2023,5,74.1,75.6,Tablet
6812,7,34,2023-05-06,2023,5,77.8,65.9,Laptop
6813,795,7,2024-12-06,2024,12,115.0,88.5,Mobile
6814,260,17,2025-02-04,2025,2,101.2,84.3,Tablet
6815,860,3,2024-07-08,2024,7,114.2,80.4,Desktop
6816,512,7,2023-09-20,2023,9,44.3,34.1,Desktop
6817,861,16,2023-10-07,2023,10,65.7,67.0,Laptop
6818,270,18,2024-08-02,2024,8,110.6,87.8,Mobile
6819,840,26,2023-01-12,2023,1,87.5,75.4,Laptop
6820,849,33,2023-02-05,2023,2,76.4,66.4,Smart TV
6821,709,30,2023-09-26,2023,9,70.8,62.1,Tablet
6822,609,36,2023-08-14,2023,8,100.4,79.7,Desktop
6823,937,23,2024-08-08,2024,8,87.7,78.3,Tablet
6824,265,10,2024-09-14,2024,9,97.4,95.5,Mobile
6825,313,10,2024-11-12,2024,11,78.2,76.7,Mobile
6826,298,40,2024-01-03,2024,1,98.8,68.6,Tablet
6827,930,28,2023-07-03,2023,7,81.7,60.5,Smart TV
6828,691,49,2024-10-04,2024,10,90.9,72.7,Tablet
6829,416,49,2024-02-04,2024,2,95.1,76.1,Desktop
6830,826,23,2023-07-19,2023,7,39.5,35.3,Tablet
6831,961,19,2024-05-22,2024,5,55.3,46.9,Tablet
6832,127,31,2023-10-28,2023,10,75.9,79.1,Tablet
6833,912,34,2023-11-24,2023,11,88.5,75.0,Mobile
6834,138,44,2024-02-01,2024,2,68.8,45.9,Tablet
6835,981,25,2023-03-28,2023,3,65.4,45.1,Tablet
6836,397,9,2025-02-26,2025,2,103.9,81.2,Tablet
6837,446,1,2025-02-25,2025,2,60.7,51.4,Desktop
6838,535,9,2023-10-04,2023,10,108.5,84.8,Tablet
6839,898,36,2024-08-31,2024,8,113.4,90.0,Tablet
6840,495,42,2023-02-17,2023,2,50.0,45.5,Laptop
6841,388,11,2024-05-24,2024,5,108.6,82.3,Laptop
6842,46,11,2023-03-06,2023,3,117.3,88.9,Tablet
6843,975,9,2023-07-31,2023,7,52.7,41.2,Smart TV
6844,331,10,2023-10-08,2023,10,51.5,50.5,Smart TV
6845,349,10,2023-12-16,2023,12,87.3,85.6,Tablet
6846,852,3,2023-01-01,2023,1,102.2,72.0,Desktop
6847,858,40,2023-11-13,2023,11,109.3,75.9,Mobile
6848,464,12,2023-04-21,2023,4,76.1,63.4,Mobile
6849,348,10,2023-01-09,2023,1,78.6,77.1,Smart TV
6850,339,13,2025-02-24,2025,2,62.1,69.0,Desktop
6851,279,24,2024-02-28,2024,2,29.3,29.3,Desktop
6852,984,40,2023-08-24,2023,8,84.5,58.7,Smart TV
6853,249,10,2023-05-10,2023,5,83.0,81.4,Mobile
6854,7,39,2023-03-29,2023,3,74.8,81.3,Desktop
6855,278,17,2025-02-01,2025,2,65.2,54.3,Mobile
6856,812,18,2024-12-16,2024,12,97.9,77.7,Mobile
6857,288,2,2025-04-06,2025,4,110.6,89.2,Tablet
6858,525,15,2023-09-29,2023,9,91.3,80.1,Smart TV
6859,698,41,2024-04-21,2024,4,103.6,87.8,Tablet
6860,606,49,2024-07-11,2024,7,60.0,48.0,Laptop
6861,47,49,2023-06-02,2023,6,53.0,42.4,Mobile
6862,438,34,2023-05-31,2023,5,64.2,54.4,Smart TV
6863,504,40,2024-08-02,2024,8,125.7,87.3,Desktop
6864,83,33,2023-04-22,2023,4,90.0,78.3,Mobile
6865,824,44,2024-08-03,2024,8,96.9,64.6,Laptop
6866,167,27,2023-12-19,2023,12,51.5,60.6,Desktop
6867,773,28,2025-04-10,2025,4,72.4,53.6,Laptop
6868,371,33,2024-04-29,2024,4,78.8,68.5,Laptop
6869,795,23,2023-05-11,2023,5,74.6,66.6,Laptop
6870,515,34,2024-06-29,2024,6,55.8,47.3,Tablet
6871,844,41,2023-06-02,2023,6,71.3,60.4,Laptop
6872,766,12,2023-05-12,2023,5,93.2,77.7,Smart TV
6873,335,8,2023-03-11,2023,3,81.3,86.5,Desktop
6874,776,12,2024-07-20,2024,7,37.8,31.5,Mobile
6875,256,17,2023-12-11,2023,12,76.3,63.6,Desktop
6876,754,34,2023-07-11,2023,7,84.4,71.5,Tablet
6877,163,1,2023-09-26,2023,9,80.1,67.9,Tablet
6878,446,25,2024-01-23,2024,1,117.0,80.7,Desktop
6879,132,35,2024-07-13,2024,7,45.1,49.6,Desktop
6880,458,6,2025-01-10,2025,1,90.6,78.8,Mobile
6881,641,31,2023-11-17,2023,11,50.8,52.9,Smart TV
6882,734,25,2024-07-22,2024,7,91.8,63.3,Smart TV
6883,106,24,2025-03-06,2025,3,82.5,82.5,Smart TV
6884,406,9,2023-04-08,2023,4,100.4,78.4,Mobile
6885,493,19,2024-12-29,2024,12,105.0,89.0,Mobile
6886,264,17,2023-08-14,2023,8,29.3,24.4,Mobile
6887,16,25,2023-03-25,2023,3,84.1,58.0,Laptop
6888,365,10,2024-08-28,2024,8,85.7,84.0,Desktop
6889,392,20,2023-12-27,2023,12,44.3,50.3,Smart TV
6890,219,5,2024-09-01,2024,9,74.5,76.0,Mobile
6891,831,8,2024-11-30,2024,11,42.4,45.1,Smart TV
6892,909,18,2025-03-15,2025,3,94.4,74.9,Tablet
6893,169,40,2024-03-18,2024,3,124.1,86.2,Tablet
6894,30,6,2023-01-26,2023,1,94.9,82.5,Smart TV
6895,811,41,2023-11-06,2023,11,64.1,54.3,Laptop
6896,615,39,2024-05-23,2024,5,63.2,68.7,Laptop
6897,834,36,2025-01-04,2025,1,83.7,66.4,Mobile
6898,752,34,2024-06-20,2024,6,84.1,71.3,Tablet
6899,525,26,2023-02-24,2023,2,106.8,92.1,Smart TV
6900,119,24,2024-08-09,2024,8,75.4,75.4,Tablet
6901,622,17,2023-08-11,2023,8,82.4,68.7,Smart TV
6902,528,9,2024-05-17,2024,5,114.2,89.2,Desktop
6903,889,3,2023-08-04,2023,8,75.8,53.4,Smart TV
6904,172,12,2023-08-23,2023,8,105.1,87.6,Laptop
6905,271,36,2023-02-11,2023,2,114.4,90.8,Tablet
6906,15,19,2024-04-06,2024,4,62.3,52.8,Mobile
6907,320,47,2025-01-25,2025,1,103.7,87.9,Desktop
6908,224,26,2024-07-22,2024,7,80.2,69.1,Tablet
6909,483,47,2024-05-23,2024,5,66.7,56.5,Tablet
6910,19,15,2024-02-17,2024,2,73.8,64.7,Laptop
6911,412,1,2023-01-04,2023,1,93.3,79.1,Tablet
6912,387,46,2023-05-23,2023,5,79.8,90.7,Smart TV
6913,124,12,2025-03-17,2025,3,95.8,79.8,Desktop
6914,131,8,2024-08-17,2024,8,41.5,44.2,Desktop
6915,426,35,2023-06-18,2023,6,66.1,72.6,Tablet
6916,137,28,2023-09-25,2023,9,108.9,80.7,Smart TV
6917,614,14,2023-07-22,2023,7,128.2,86.6,Laptop
6918,740,24,2024-10-21,2024,10,75.2,75.2,Tablet
6919,584,11,2024-11-09,2024,11,109.4,82.9,Tablet
6920,411,43,2024-02-11,2024,2,32.7,33.0,Laptop
6921,557,23,2023-08-26,2023,8,47.3,42.2,Smart TV
6922,259,42,2023-09-28,2023,9,58.0,52.7,Laptop
6923,534,47,2023-10-11,2023,10,88.3,74.8,Desktop
6924,94,8,2024-06-17,2024,6,83.0,88.3,Tablet
6925,360,7,2023-06-07,2023,6,121.8,93.7,Smart TV
6926,122,2,2024-02-03,2024,2,102.2,82.4,Tablet
6927,571,44,2023-04-01,2023,4,104.4,69.6,Mobile
6928,315,36,2024-12-28,2024,12,102.6,81.4,Smart TV
6929,809,25,2023-09-16,2023,9,111.8,77.1,Desktop
6930,98,6,2024-12-06,2024,12,76.1,66.2,Laptop
6931,594,23,2024-01-06,2024,1,91.8,82.0,Desktop
6932,826,41,2024-12-27,2024,12,75.5,64.0,Laptop
6933,171,5,2024-09-29,2024,9,61.6,62.9,Smart TV
6934,944,7,2023-08-02,2023,8,107.9,83.0,Tablet
6935,199,45,2024-02-08,2024,2,69.2,61.8,Tablet
6936,182,32,2024-02-14,2024,2,96.6,69.0,Desktop
6937,505,31,2024-05-14,2024,5,61.1,63.6,Smart TV
6938,370,36,2024-03-11,2024,3,49.5,39.3,Laptop
6939,92,32,2023-09-21,2023,9,138.0,98.6,Mobile
6940,599,23,2023-08-14,2023,8,93.5,83.5,Desktop
6941,25,36,2024-10-30,2024,10,92.2,73.2,Laptop
6942,184,28,2025-03-16,2025,3,95.2,70.5,Smart TV
6943,197,13,2024-09-14,2024,9,60.6,67.3,Tablet
6944,870,26,2023-04-28,2023,4,73.7,63.5,Mobile
6945,34,7,2023-03-18,2023,3,52.8,40.6,Desktop
6946,109,22,2023-11-12,2023,11,90.4,72.3,Mobile
6947,316,19,2023-07-07,2023,7,97.2,82.4,Tablet
6948,996,17,2024-05-26,2024,5,92.0,76.7,Mobile
6949,268,38,2024-09-10,2024,9,34.3,28.1,Mobile
6950,885,47,2024-06-21,2024,6,108.9,92.3,Mobile
6951,820,25,2025-03-06,2025,3,123.7,85.3,Laptop
6952,846,30,2024-12-21,2024,12,86.8,76.1,Laptop
6953,860,41,2025-03-30,2025,3,92.6,78.5,Desktop
6954,979,6,2023-12-17,2023,12,109.6,95.3,Tablet
6955,230,34,2024-11-08,2024,11,106.6,90.3,Tablet
6956,466,40,2024-08-09,2024,8,92.9,64.5,Smart TV
6957,397,29,2023-07-05,2023,7,106.2,94.8,Desktop
6958,692,26,2023-05-02,2023,5,40.9,35.3,Smart TV
6959,780,13,2024-04-14,2024,4,45.0,50.0,Smart TV
6960,59,24,2024-06-05,2024,6,84.4,84.4,Desktop
6961,580,29,2023-06-12,2023,6,99.5,88.8,Laptop
6962,636,31,2023-04-17,2023,4,75.6,78.8,Laptop
6963,371,44,2024-03-30,2024,3,115.0,76.7,Smart TV
6964,787,32,2024-04-23,2024,4,36.5,26.1,Mobile
6965,698,22,2023-11-12,2023,11,99.2,79.4,Mobile
6966,854,30,2024-11-23,2024,11,80.8,70.9,Smart TV
6967,748,27,2023-01-05,2023,1,53.9,63.4,Desktop
6968,349,27,2024-06-04,2024,6,52.1,61.3,Desktop
6969,431,49,2023-03-06,2023,3,41.9,33.5,Desktop
6970,352,44,2024-09-11,2024,9,104.5,69.7,Laptop
6971,513,25,2024-05-05,2024,5,126.3,87.1,Desktop
6972,301,14,2024-12-14,2024,12,133.1,89.9,Tablet
6973,281,18,2024-05-23,2024,5,45.7,36.3,Tablet
6974,206,10,2024-05-16,2024,5,66.7,65.4,Tablet
6975,674,28,2025-04-01,2025,4,112.2,83.1,Laptop
6976,609,26,2025-04-07,2025,4,101.6,87.6,Laptop
6977,754,22,2024-06-14,2024,6,85.1,68.1,Tablet
6978,395,40,2023-09-23,2023,9,122.8,85.3,Laptop
6979,996,29,2025-02-01,2025,2,45.0,40.2,Laptop
6980,863,41,2025-04-08,2025,4,96.8,82.0,Laptop
6981,875,29,2023-09-16,2023,9,97.7,87.2,Mobile
6982,735,41,2023-05-13,2023,5,66.4,56.3,Laptop
6983,248,29,2024-05-22,2024,5,55.7,49.7,Mobile
6984,573,47,2023-10-07,2023,10,93.7,79.4,Desktop
6985,626,26,2023-11-19,2023,11,102.0,87.9,Desktop
6986,265,22,2023-01-28,2023,1,68.9,55.1,Laptop
6987,287,36,2023-02-03,2023,2,105.1,83.4,Tablet
6988,538,1,2024-01-19,2024,1,64.4,54.6,Smart TV
6989,204,47,2024-06-30,2024,6,75.5,64.0,Tablet
6990,595,13,2023-07-11,2023,7,33.3,37.0,Tablet
6991,616,25,2023-11-07,2023,11,137.2,94.6,Desktop
6992,44,45,2023-10-11,2023,10,95.2,85.0,Mobile
6993,487,15,2024-04-14,2024,4,60.4,53.0,Laptop
6994,90,23,2023-01-02,2023,1,91.1,81.3,Tablet
6995,224,12,2025-04-10,2025,4,115.7,96.4,Laptop
6996,859,2,2023-11-18,2023,11,53.6,43.2,Smart TV
6997,418,24,2024-06-12,2024,6,54.6,54.6,Desktop
6998,463,41,2024-08-18,2024,8,79.5,67.4,Smart TV
6999,913,19,2024-02-09,2024,2,81.8,69.3,Tablet
7000,273,45,2025-03-18,2025,3,103.7,92.6,Tablet
7001,885,28,2025-02-02,2025,2,45.8,33.9,Smart TV
7002,872,9,2024-05-12,2024,5,66.6,52.0,Desktop
7003,635,31,2023-09-28,2023,9,42.3,44.1,Desktop
7004,151,4,2024-12-26,2024,12,101.9,92.6,Desktop
7005,291,5,2023-02-24,2023,2,23.7,24.2,Tablet
7006,447,3,2024-05-09,2024,5,120.3,84.7,Mobile
7007,699,39,2023-12-02,2023,12,45.6,49.6,Desktop
7008,269,38,2024-04-17,2024,4,85.0,69.7,Tablet
7009,208,34,2023-07-21,2023,7,115.4,97.8,Mobile
7010,438,6,2023-09-27,2023,9,64.6,56.2,Laptop
7011,458,42,2024-01-16,2024,1,63.1,57.4,Tablet
7012,541,38,2023-08-04,2023,8,105.9,86.8,Mobile
7013,969,23,2024-11-15,2024,11,92.7,82.8,Smart TV
7014,420,3,2023-07-10,2023,7,117.7,82.9,Mobile
7015,744,26,2024-06-24,2024,6,80.6,69.5,Tablet
7016,775,31,2023-03-03,2023,3,67.2,70.0,Desktop
7017,697,8,2023-06-13,2023,6,43.1,45.9,Tablet
7018,945,7,2023-08-12,2023,8,96.7,74.4,Smart TV
7019,193,32,2024-04-17,2024,4,78.8,56.3,Desktop
7020,661,38,2024-06-17,2024,6,114.2,93.6,Mobile
7021,717,48,2023-08-01,2023,8,109.3,89.6,Smart TV
7022,511,27,2024-05-27,2024,5,43.9,51.6,Desktop
7023,798,1,2024-05-16,2024,5,88.4,74.9,Mobile
7024,644,49,2024-02-19,2024,2,108.0,86.4,Laptop
7025,122,2,2025-04-18,2025,4,83.2,67.1,Mobile
7026,508,3,2024-04-10,2024,4,102.8,72.4,Desktop
7027,698,42,2023-11-05,2023,11,74.7,67.9,Laptop
7028,525,13,2025-04-04,2025,4,42.2,46.9,Laptop
7029,474,14,2024-03-19,2024,3,134.4,90.8,Laptop
7030,676,19,2024-12-07,2024,12,93.7,79.4,Laptop
7031,899,17,2024-09-27,2024,9,55.1,45.9,Smart TV
7032,527,4,2024-09-21,2024,9,29.9,27.2,Mobile
7033,888,29,2024-07-21,2024,7,98.0,87.5,Desktop
7034,251,43,2025-03-15,2025,3,64.3,65.0,Laptop
7035,252,48,2023-03-26,2023,3,82.0,67.2,Desktop
7036,334,48,2024-10-01,2024,10,86.7,71.1,Laptop
7037,971,17,2023-10-01,2023,10,106.1,88.4,Desktop
7038,576,43,2024-08-09,2024,8,88.2,89.1,Desktop
7039,221,2,2023-07-24,2023,7,121.3,97.8,Mobile
7040,473,41,2024-01-16,2024,1,79.8,67.6,Laptop
7041,159,28,2024-09-26,2024,9,104.0,77.0,Mobile
7042,128,48,2024-01-06,2024,1,59.4,48.7,Mobile
7043,921,9,2024-09-13,2024,9,117.9,92.1,Desktop
7044,412,25,2023-07-20,2023,7,77.9,53.7,Desktop
7045,843,11,2023-09-09,2023,9,83.4,63.2,Tablet
7046,362,17,2023-01-04,2023,1,113.9,94.9,Mobile
7047,451,39,2024-10-20,2024,10,67.4,73.3,Laptop
7048,825,4,2025-04-03,2025,4,55.7,50.6,Tablet
7049,214,11,2023-01-27,2023,1,59.0,44.7,Desktop
7050,366,14,2023-04-06,2023,4,109.4,73.9,Laptop
7051,5,2,2023-10-27,2023,10,56.8,45.8,Mobile
7052,681,35,2023-05-24,2023,5,64.5,70.9,Tablet
7053,956,34,2023-05-10,2023,5,100.1,84.8,Mobile
7054,309,34,2023-05-08,2023,5,98.9,83.8,Mobile
7055,581,16,2023-02-27,2023,2,87.8,89.6,Laptop
7056,305,34,2023-10-22,2023,10,95.2,80.7,Smart TV
7057,938,34,2024-01-03,2024,1,80.2,68.0,Tablet
7058,615,29,2023-07-29,2023,7,84.2,75.2,Desktop
7059,964,48,2023-06-03,2023,6,70.2,57.5,Laptop
7060,654,44,2023-12-02,2023,12,82.7,55.1,Mobile
7061,384,6,2024-07-02,2024,7,55.9,48.6,Smart TV
7062,881,44,2023-07-12,2023,7,124.7,83.1,Smart TV
7063,448,18,2023-05-15,2023,5,94.8,75.2,Mobile
7064,517,22,2023-07-09,2023,7,109.4,87.5,Laptop
7065,663,30,2024-12-03,2024,12,76.0,66.7,Desktop
7066,803,34,2024-11-08,2024,11,96.1,81.4,Laptop
7067,927,22,2024-08-28,2024,8,43.2,34.6,Mobile
7068,960,33,2023-05-07,2023,5,85.9,74.7,Desktop
7069,337,20,2023-09-26,2023,9,50.7,57.6,Mobile
7070,692,22,2023-01-16,2023,1,106.9,85.5,Laptop
7071,525,36,2023-10-16,2023,10,94.8,75.2,Mobile
7072,907,46,2023-11-30,2023,11,53.0,60.2,Smart TV
7073,671,17,2023-10-23,2023,10,79.2,66.0,Laptop
7074,43,16,2023-12-07,2023,12,31.2,31.8,Tablet
7075,610,24,2023-12-21,2023,12,83.8,83.8,Desktop
7076,715,14,2024-01-13,2024,1,128.9,87.1,Desktop
7077,524,5,2023-03-05,2023,3,67.3,68.7,Smart TV
7078,458,29,2025-03-05,2025,3,68.8,61.4,Tablet
7079,787,29,2024-10-04,2024,10,79.3,70.8,Tablet
7080,279,24,2024-08-11,2024,8,87.7,87.7,Laptop
7081,291,46,2023-05-01,2023,5,53.2,60.4,Smart TV
7082,872,19,2025-01-24,2025,1,88.7,75.2,Smart TV
7083,495,39,2024-04-26,2024,4,21.4,23.3,Mobile
7084,728,19,2023-12-05,2023,12,104.7,88.7,Desktop
7085,292,36,2023-11-14,2023,11,93.7,74.4,Tablet
7086,473,17,2025-01-06,2025,1,103.7,86.4,Mobile
7087,447,28,2023-05-16,2023,5,70.2,52.0,Desktop
7088,350,27,2024-11-05,2024,11,31.2,36.7,Laptop
7089,373,38,2023-08-15,2023,8,76.0,62.3,Mobile
7090,953,11,2025-03-06,2025,3,90.3,68.4,Tablet
7091,270,40,2025-01-21,2025,1,121.1,84.1,Tablet
7092,309,8,2025-03-12,2025,3,67.5,71.8,Smart TV
7093,503,10,2024-11-26,2024,11,71.5,70.1,Laptop
7094,203,5,2023-10-17,2023,10,82.2,83.9,Smart TV
7095,283,7,2024-05-23,2024,5,116.2,89.4,Mobile
7096,58,22,2023-10-17,2023,10,116.4,93.1,Laptop
7097,570,16,2025-03-20,2025,3,57.6,58.8,Laptop
7098,638,22,2025-04-30,2025,4,79.4,63.5,Tablet
7099,821,12,2023-05-06,2023,5,80.4,67.0,Desktop
7100,980,43,2023-08-08,2023,8,52.0,52.5,Tablet
7101,717,49,2024-02-29,2024,2,83.0,66.4,Mobile
7102,574,40,2023-12-31,2023,12,119.2,82.8,Laptop
7103,823,48,2024-08-17,2024,8,51.0,41.8,Desktop
7104,428,49,2025-01-04,2025,1,45.4,36.3,Smart TV
7105,82,31,2023-04-01,2023,4,61.3,63.9,Laptop
7106,697,31,2024-07-26,2024,7,58.5,60.9,Smart TV
7107,96,41,2025-01-05,2025,1,88.4,74.9,Desktop
7108,238,15,2024-02-05,2024,2,84.1,73.8,Mobile
7109,798,40,2024-11-29,2024,11,134.8,93.6,Mobile
7110,685,44,2024-03-06,2024,3,50.5,33.7,Desktop
7111,979,34,2024-06-02,2024,6,86.5,73.3,Mobile
7112,91,3,2024-01-13,2024,1,90.9,64.0,Desktop
7113,202,39,2023-03-22,2023,3,49.1,53.4,Smart TV
7114,178,3,2023-06-15,2023,6,93.6,65.9,Mobile
7115,34,40,2024-12-26,2024,12,74.0,51.4,Smart TV
7116,725,14,2024-08-07,2024,8,99.9,67.5,Tablet
7117,602,3,2023-07-09,2023,7,127.2,89.6,Smart TV
7118,557,36,2024-10-13,2024,10,85.9,68.2,Smart TV
7119,967,42,2023-03-06,2023,3,81.3,73.9,Desktop
7120,217,34,2023-11-01,2023,11,68.9,58.4,Tablet
7121,533,7,2025-02-09,2025,2,107.5,82.7,Tablet
7122,443,26,2023-09-12,2023,9,95.6,82.4,Laptop
7123,902,9,2025-01-26,2025,1,33.8,26.4,Smart TV
7124,307,33,2024-12-17,2024,12,48.3,42.0,Laptop
7125,191,48,2025-02-23,2025,2,80.4,65.9,Laptop
7126,493,18,2023-06-02,2023,6,102.7,81.5,Tablet
7127,315,18,2023-01-31,2023,1,71.3,56.6,Desktop
7128,199,44,2025-02-22,2025,2,74.1,49.4,Tablet
7129,614,28,2024-02-21,2024,2,74.7,55.3,Desktop
7130,804,42,2023-12-02,2023,12,79.1,71.9,Desktop
7131,486,29,2025-04-24,2025,4,97.2,86.8,Laptop
7132,625,37,2023-06-22,2023,6,76.5,60.2,Desktop
7133,457,43,2023-04-01,2023,4,59.3,59.9,Laptop
7134,394,40,2023-08-11,2023,8,137.5,95.5,Desktop
7135,632,46,2023-12-09,2023,12,64.9,73.7,Laptop
7136,828,28,2024-02-18,2024,2,81.3,60.2,Smart TV
7137,201,40,2023-10-13,2023,10,39.3,27.3,Smart TV
7138,642,25,2025-03-22,2025,3,122.2,84.3,Mobile
7139,868,36,2024-08-01,2024,8,106.7,84.7,Laptop
7140,785,38,2024-02-02,2024,2,79.4,65.1,Desktop
7141,66,8,2024-11-08,2024,11,39.5,42.0,Smart TV
7142,591,10,2023-09-06,2023,9,80.4,78.8,Smart TV
7143,273,25,2024-07-27,2024,7,102.2,70.5,Smart TV
7144,925,4,2023-08-20,2023,8,76.2,69.3,Smart TV
7145,498,46,2024-07-25,2024,7,26.0,29.6,Tablet
7146,692,46,2023-03-07,2023,3,49.0,55.7,Laptop
7147,724,34,2023-12-01,2023,12,83.5,70.8,Smart TV
7148,53,17,2025-03-17,2025,3,73.7,61.4,Desktop
7149,395,44,2025-03-30,2025,3,134.7,89.8,Laptop
7150,692,29,2024-11-09,2024,11,73.5,65.6,Laptop
7151,846,30,2024-05-29,2024,5,73.9,64.8,Mobile
7152,56,23,2023-12-12,2023,12,43.3,38.7,Smart TV
7153,939,26,2024-10-14,2024,10,95.6,82.4,Tablet
7154,268,41,2023-09-19,2023,9,108.1,91.6,Laptop
7155,220,27,2023-08-18,2023,8,23.0,27.1,Tablet
7156,110,17,2024-03-20,2024,3,75.6,63.0,Laptop
7157,819,17,2023-07-01,2023,7,41.8,34.8,Laptop
7158,155,6,2024-12-02,2024,12,82.2,71.5,Tablet
7159,257,30,2025-01-02,2025,1,48.8,42.8,Laptop
7160,141,4,2023-09-13,2023,9,67.3,61.2,Desktop
7161,95,37,2024-06-24,2024,6,79.4,62.5,Mobile
7162,824,22,2024-02-23,2024,2,80.1,64.1,Mobile
7163,242,15,2023-11-21,2023,11,100.3,88.0,Desktop
7164,328,4,2024-07-10,2024,7,45.4,41.3,Laptop
7165,193,12,2023-07-10,2023,7,96.8,80.7,Desktop
7166,889,31,2024-03-09,2024,3,63.6,66.2,Smart TV
7167,191,32,2024-11-18,2024,11,105.6,75.4,Mobile
7168,799,18,2023-05-12,2023,5,66.5,52.8,Desktop
7169,99,1,2024-02-16,2024,2,40.7,34.5,Desktop
7170,631,5,2025-01-24,2025,1,27.5,28.1,Laptop
7171,155,9,2024-09-09,2024,9,52.0,40.6,Laptop
7172,358,30,2024-11-01,2024,11,95.3,83.6,Laptop
7173,595,27,2024-01-06,2024,1,20.5,24.1,Smart TV
7174,485,2,2024-12-21,2024,12,62.7,50.6,Desktop
7175,636,28,2023-04-08,2023,4,125.4,92.9,Laptop
7176,221,21,2024-05-30,2024,5,99.1,85.4,Mobile
7177,320,1,2024-10-04,2024,10,82.8,70.2,Laptop
7178,127,15,2023-02-11,2023,2,76.6,67.2,Mobile
7179,610,49,2023-06-06,2023,6,111.1,88.9,Smart TV
7180,112,26,2024-07-16,2024,7,87.3,75.3,Laptop
7181,348,13,2025-04-22,2025,4,43.7,48.6,Tablet
7182,245,10,2023-02-14,2023,2,59.6,58.4,Mobile
7183,625,9,2024-03-30,2024,3,74.6,58.3,Mobile
7184,184,27,2024-03-11,2024,3,46.7,54.9,Mobile
7185,180,15,2023-07-26,2023,7,74.9,65.7,Tablet
7186,992,23,2023-12-14,2023,12,80.1,71.5,Tablet
7187,782,10,2023-09-14,2023,9,70.0,68.6,Laptop
7188,347,10,2024-03-07,2024,3,70.1,68.7,Smart TV
7189,916,4,2024-11-21,2024,11,61.0,55.5,Tablet
7190,766,4,2023-05-28,2023,5,75.5,68.6,Laptop
7191,116,1,2023-01-08,2023,1,104.4,88.5,Laptop
7192,926,48,2024-12-02,2024,12,110.3,90.4,Desktop
7193,500,3,2024-03-12,2024,3,106.4,74.9,Laptop
7194,474,5,2025-03-02,2025,3,40.9,41.7,Desktop
7195,94,25,2024-04-09,2024,4,126.9,87.5,Desktop
7196,208,12,2023-09-04,2023,9,76.3,63.6,Smart TV
7197,589,15,2025-02-17,2025,2,91.4,80.2,Smart TV
7198,18,41,2024-01-15,2024,1,68.1,57.7,Laptop
7199,752,38,2024-12-18,2024,12,74.2,60.8,Mobile
7200,892,27,2023-12-05,2023,12,25.5,30.0,Tablet
7201,596,19,2023-07-12,2023,7,56.0,47.5,Mobile
7202,724,34,2023-08-21,2023,8,38.8,32.9,Laptop
7203,181,26,2024-11-30,2024,11,66.2,57.1,Desktop
7204,803,22,2024-10-05,2024,10,113.5,90.8,Laptop
7205,757,8,2024-08-10,2024,8,65.0,69.1,Laptop
7206,71,42,2023-03-08,2023,3,67.1,61.0,Laptop
7207,558,33,2023-02-03,2023,2,96.1,83.6,Mobile
7208,52,39,2023-08-15,2023,8,50.2,54.6,Laptop
7209,741,16,2023-08-18,2023,8,93.3,95.2,Smart TV
7210,783,16,2023-01-07,2023,1,59.3,60.5,Laptop
7211,717,20,2023-07-18,2023,7,68.1,77.4,Mobile
7212,592,35,2023-10-16,2023,10,65.2,71.6,Laptop
7213,239,29,2024-04-04,2024,4,37.1,33.1,Smart TV
7214,99,30,2023-01-11,2023,1,97.7,85.7,Laptop
7215,452,4,2023-04-24,2023,4,93.8,85.3,Laptop
7216,721,45,2024-09-29,2024,9,55.7,49.7,Smart TV
7217,884,14,2024-10-04,2024,10,126.2,85.3,Tablet
7218,95,29,2024-10-19,2024,10,96.5,86.2,Desktop
7219,384,25,2024-06-25,2024,6,63.4,43.7,Tablet
7220,620,29,2024-01-19,2024,1,37.9,33.8,Desktop
7221,97,32,2025-01-27,2025,1,77.1,55.1,Desktop
7222,245,2,2025-02-20,2025,2,99.7,80.4,Mobile
7223,703,23,2025-01-08,2025,1,71.1,63.5,Desktop
7224,86,25,2024-09-13,2024,9,120.6,83.2,Smart TV
7225,254,46,2024-10-28,2024,10,55.9,63.5,Tablet
7226,295,42,2024-05-26,2024,5,35.3,32.1,Desktop
7227,731,17,2025-01-10,2025,1,71.4,59.5,Tablet
7228,359,46,2025-01-04,2025,1,43.5,49.4,Laptop
7229,848,10,2025-01-27,2025,1,62.9,61.7,Smart TV
7230,954,24,2024-04-23,2024,4,30.6,30.6,Tablet
7231,873,25,2024-01-13,2024,1,37.6,25.9,Laptop
7232,402,12,2023-01-13,2023,1,83.3,69.4,Laptop
7233,436,10,2024-10-30,2024,10,93.4,91.6,Smart TV
7234,461,8,2024-08-17,2024,8,37.9,40.3,Mobile
7235,779,9,2025-04-30,2025,4,98.9,77.3,Tablet
7236,807,48,2025-04-18,2025,4,113.5,93.0,Mobile
7237,575,28,2024-06-08,2024,6,117.6,87.1,Mobile
7238,758,8,2023-01-28,2023,1,73.8,78.5,Smart TV
7239,447,1,2024-08-24,2024,8,92.2,78.1,Desktop
7240,286,37,2023-01-04,2023,1,108.1,85.1,Mobile
7241,670,30,2023-02-20,2023,2,41.0,36.0,Smart TV
7242,140,32,2024-12-07,2024,12,92.4,66.0,Smart TV
7243,541,2,2023-12-19,2023,12,112.6,90.8,Desktop
7244,473,30,2025-04-23,2025,4,80.4,70.5,Tablet
7245,804,4,2023-03-28,2023,3,63.8,58.0,Desktop
7246,476,9,2024-12-15,2024,12,82.9,64.8,Smart TV
7247,903,7,2023-04-18,2023,4,96.3,74.1,Tablet
7248,664,42,2025-03-02,2025,3,90.0,81.8,Tablet
7249,314,28,2023-01-29,2023,1,126.1,93.4,Tablet
7250,208,41,2023-11-22,2023,11,110.0,93.2,Laptop
7251,400,45,2025-03-28,2025,3,83.0,74.1,Mobile
7252,608,11,2023-06-02,2023,6,44.7,33.9,Mobile
7253,995,14,2024-01-13,2024,1,97.2,65.7,Desktop
7254,957,48,2024-11-09,2024,11,84.1,68.9,Laptop
7255,749,34,2025-03-12,2025,3,93.2,79.0,Smart TV
7256,361,3,2023-02-19,2023,2,100.5,70.8,Mobile
7257,435,30,2025-02-03,2025,2,65.2,57.2,Desktop
7258,427,41,2024-04-29,2024,4,60.7,51.4,Desktop
7259,124,36,2023-05-14,2023,5,102.8,81.6,Tablet
7260,745,32,2023-09-26,2023,9,100.1,71.5,Laptop
7261,512,29,2024-09-13,2024,9,61.8,55.2,Desktop
7262,951,40,2024-11-13,2024,11,114.3,79.4,Laptop
7263,671,36,2023-11-11,2023,11,67.4,53.5,Smart TV
7264,382,25,2024-09-10,2024,9,108.6,74.9,Tablet
7265,770,8,2023-07-01,2023,7,67.4,71.7,Mobile
7266,627,13,2023-03-05,2023,3,71.0,78.9,Tablet
7267,656,37,2023-05-07,2023,5,60.7,47.8,Tablet
7268,115,37,2023-04-02,2023,4,94.5,74.4,Desktop
7269,590,13,2023-08-04,2023,8,60.5,67.2,Smart TV
7270,643,5,2023-09-09,2023,9,57.5,58.7,Smart TV
7271,41,21,2024-10-18,2024,10,75.6,65.2,Smart TV
7272,528,48,2025-01-11,2025,1,102.2,83.8,Laptop
7273,238,16,2023-12-04,2023,12,84.6,86.3,Smart TV
7274,434,45,2023-06-25,2023,6,41.0,36.6,Desktop
7275,692,18,2025-03-05,2025,3,92.5,73.4,Tablet
7276,260,31,2024-05-31,2024,5,43.6,45.4,Smart TV
7277,572,11,2024-02-17,2024,2,99.5,75.4,Desktop
7278,202,19,2025-02-02,2025,2,75.3,63.8,Tablet
7279,237,37,2023-06-19,2023,6,107.3,84.5,Smart TV
7280,593,15,2023-03-26,2023,3,77.4,67.9,Tablet
7281,523,28,2023-12-10,2023,12,120.7,89.4,Mobile
7282,813,16,2024-08-04,2024,8,76.6,78.2,Tablet
7283,383,49,2024-10-21,2024,10,97.6,78.1,Laptop
7284,334,31,2024-12-10,2024,12,75.5,78.6,Tablet
7285,800,37,2023-03-22,2023,3,87.4,68.8,Smart TV
7286,76,9,2024-11-16,2024,11,76.3,59.6,Laptop
7287,657,21,2023-07-31,2023,7,72.6,62.6,Desktop
7288,948,45,2023-03-20,2023,3,43.6,38.9,Laptop
7289,507,23,2023-02-02,2023,2,97.3,86.9,Smart TV
7290,922,30,2023-06-11,2023,6,41.3,36.2,Laptop
7291,528,3,2025-01-20,2025,1,119.3,84.0,Tablet
7292,606,45,2024-01-18,2024,1,76.6,68.4,Laptop
7293,428,12,2024-09-18,2024,9,67.8,56.5,Smart TV
7294,591,7,2024-02-21,2024,2,94.6,72.8,Tablet
7295,1000,1,2025-04-05,2025,4,85.0,72.0,Laptop
7296,333,2,2024-02-14,2024,2,92.5,74.6,Laptop
7297,234,38,2024-10-20,2024,10,109.8,90.0,Laptop
7298,822,7,2023-03-03,2023,3,109.1,83.9,Mobile
7299,17,20,2023-05-30,2023,5,63.4,72.0,Desktop
7300,486,17,2024-09-29,2024,9,62.0,51.7,Laptop
7301,862,38,2023-06-03,2023,6,54.2,44.4,Mobile
7302,110,34,2025-03-29,2025,3,46.3,39.2,Desktop
7303,899,41,2024-09-21,2024,9,78.5,66.5,Desktop
7304,657,8,2023-08-08,2023,8,66.8,71.1,Desktop
7305,252,24,2024-04-04,2024,4,94.1,94.1,Laptop
7306,216,34,2023-11-11,2023,11,99.6,84.4,Mobile
7307,104,6,2023-11-29,2023,11,93.2,81.0,Mobile
7308,876,13,2023-11-03,2023,11,49.3,54.8,Mobile
7309,892,27,2023-10-21,2023,10,66.2,77.9,Smart TV
7310,394,12,2023-11-06,2023,11,103.0,85.8,Laptop
7311,931,21,2023-10-18,2023,10,77.1,66.5,Smart TV
7312,4,12,2023-05-07,2023,5,102.8,85.7,Laptop
7313,727,17,2025-03-23,2025,3,78.0,65.0,Smart TV
7314,148,43,2023-09-13,2023,9,73.7,74.4,Mobile
7315,502,6,2025-02-07,2025,2,78.3,68.1,Laptop
7316,235,18,2024-01-30,2024,1,81.4,64.6,Mobile
7317,941,40,2023-12-15,2023,12,123.7,85.9,Laptop
7318,484,44,2023-02-20,2023,2,121.8,81.2,Mobile
7319,428,4,2025-03-26,2025,3,92.6,84.2,Desktop
7320,539,5,2023-02-22,2023,2,89.8,91.6,Laptop
7321,111,26,2023-07-14,2023,7,71.8,61.9,Mobile
7322,266,41,2025-02-19,2025,2,96.8,82.0,Smart TV
7323,1,11,2023-06-19,2023,6,77.7,58.9,Mobile
7324,500,22,2024-02-13,2024,2,48.4,38.7,Desktop
7325,43,39,2023-12-12,2023,12,61.3,66.6,Mobile
7326,542,47,2023-12-10,2023,12,67.8,57.5,Smart TV
7327,224,44,2023-07-21,2023,7,101.2,67.5,Laptop
7328,749,1,2023-05-24,2023,5,84.8,71.9,Desktop
7329,820,5,2023-12-03,2023,12,66.6,68.0,Laptop
7330,566,8,2024-03-25,2024,3,32.8,34.9,Laptop
7331,745,31,2024-07-15,2024,7,47.8,49.8,Mobile
7332,721,22,2023-07-01,2023,7,102.4,81.9,Laptop
7333,607,12,2023-06-24,2023,6,49.3,41.1,Desktop
7334,884,8,2024-10-20,2024,10,62.0,66.0,Smart TV
7335,585,38,2024-09-14,2024,9,70.2,57.5,Mobile
7336,298,8,2023-10-19,2023,10,31.3,33.3,Desktop
7337,985,24,2024-12-11,2024,12,80.5,80.5,Desktop
7338,596,13,2024-08-17,2024,8,68.7,76.3,Tablet
7339,330,10,2023-01-06,2023,1,91.2,89.4,Smart TV
7340,841,46,2023-02-01,2023,2,43.8,49.8,Mobile
7341,156,4,2024-09-26,2024,9,98.1,89.2,Laptop
7342,719,20,2024-03-22,2024,3,52.7,59.9,Desktop
7343,401,26,2024-01-08,2024,1,89.3,77.0,Desktop
7344,76,45,2024-07-09,2024,7,53.3,47.6,Smart TV
7345,963,39,2023-05-08,2023,5,50.0,54.3,Laptop
7346,973,39,2023-04-15,2023,4,46.3,50.3,Laptop
7347,711,41,2024-08-13,2024,8,53.6,45.4,Laptop
7348,196,10,2025-01-06,2025,1,45.2,44.3,Mobile
7349,914,7,2023-04-11,2023,4,67.0,51.5,Desktop
7350,323,9,2023-08-11,2023,8,55.2,43.1,Tablet
7351,849,35,2025-02-24,2025,2,78.1,85.8,Laptop
7352,188,35,2023-09-14,2023,9,79.1,86.9,Smart TV
7353,152,47,2025-01-22,2025,1,106.6,90.3,Tablet
7354,179,26,2024-05-03,2024,5,99.6,85.9,Smart TV
7355,800,11,2023-01-11,2023,1,128.7,97.5,Laptop
7356,253,49,2023-09-17,2023,9,60.9,48.7,Desktop
7357,435,29,2025-03-30,2025,3,38.4,34.3,Tablet
7358,486,25,2023-01-31,2023,1,87.3,60.2,Smart TV
7359,634,47,2023-07-22,2023,7,92.3,78.2,Desktop
7360,770,35,2024-05-20,2024,5,73.1,80.3,Tablet
7361,726,26,2024-04-26,2024,4,69.3,59.7,Desktop
7362,718,32,2024-05-13,2024,5,122.1,87.2,Mobile
7363,41,29,2024-10-27,2024,10,69.3,61.9,Laptop
7364,864,45,2023-02-23,2023,2,33.9,30.3,Smart TV
7365,716,3,2025-03-21,2025,3,90.7,63.9,Mobile
7366,20,45,2024-11-20,2024,11,95.3,85.1,Desktop
7367,732,32,2023-05-29,2023,5,81.8,58.4,Tablet
7368,824,9,2023-12-19,2023,12,74.1,57.9,Tablet
7369,355,19,2023-03-08,2023,3,79.9,67.7,Desktop
7370,607,43,2023-08-01,2023,8,74.8,75.6,Tablet
7371,865,28,2025-02-09,2025,2,109.9,81.4,Smart TV
7372,595,36,2023-11-23,2023,11,101.2,80.3,Smart TV
7373,569,43,2023-04-16,2023,4,83.9,84.7,Smart TV
7374,815,33,2024-08-13,2024,8,59.2,51.5,Tablet
7375,664,13,2024-11-17,2024,11,64.7,71.9,Tablet
7376,563,42,2024-03-12,2024,3,79.0,71.8,Tablet
7377,906,48,2023-02-10,2023,2,70.5,57.8,Smart TV
7378,361,30,2025-03-02,2025,3,89.1,78.2,Mobile
7379,534,40,2024-09-08,2024,9,91.7,63.7,Smart TV
7380,73,6,2025-01-12,2025,1,77.2,67.1,Desktop
7381,608,12,2024-11-21,2024,11,48.6,40.5,Smart TV
7382,327,16,2023-11-16,2023,11,79.0,80.6,Mobile
7383,355,1,2025-04-14,2025,4,81.9,69.4,Mobile
7384,508,31,2024-01-19,2024,1,24.6,25.6,Desktop
7385,565,20,2024-08-02,2024,8,55.5,63.1,Desktop
7386,812,26,2023-07-22,2023,7,97.2,83.8,Tablet
7387,387,33,2024-03-02,2024,3,92.6,80.5,Tablet
7388,129,5,2023-09-01,2023,9,21.4,21.8,Laptop
7389,934,38,2024-01-03,2024,1,48.2,39.5,Laptop
7390,566,18,2025-01-27,2025,1,79.6,63.2,Smart TV
7391,167,24,2024-08-19,2024,8,61.6,61.6,Mobile
7392,201,13,2024-12-25,2024,12,46.1,51.2,Mobile
7393,360,19,2023-04-09,2023,4,88.5,75.0,Smart TV
7394,676,45,2023-12-29,2023,12,49.2,43.9,Mobile
7395,27,39,2024-02-25,2024,2,47.8,52.0,Smart TV
7396,882,28,2023-08-23,2023,8,88.7,65.7,Laptop
7397,752,39,2023-01-11,2023,1,47.5,51.6,Mobile
7398,258,5,2024-05-18,2024,5,76.6,78.2,Smart TV
7399,145,16,2023-09-25,2023,9,45.5,46.4,Tablet
7400,864,33,2025-03-16,2025,3,97.6,84.9,Mobile
7401,727,13,2025-04-25,2025,4,40.0,44.4,Desktop
7402,115,9,2024-06-12,2024,6,51.7,40.4,Mobile
7403,909,34,2025-04-15,2025,4,90.7,76.9,Desktop
7404,769,15,2023-12-28,2023,12,104.7,91.8,Laptop
7405,691,29,2025-01-29,2025,1,89.2,79.6,Laptop
7406,899,9,2025-04-20,2025,4,57.6,45.0,Smart TV
7407,452,48,2023-11-21,2023,11,112.4,92.1,Tablet
7408,251,49,2024-05-24,2024,5,110.8,88.6,Smart TV
7409,73,6,2023-11-10,2023,11,87.6,76.2,Smart TV
7410,245,7,2023-01-17,2023,1,127.3,97.9,Desktop
7411,413,11,2023-09-04,2023,9,48.4,36.7,Tablet
7412,750,22,2025-03-11,2025,3,117.6,94.1,Laptop
7413,690,2,2023-01-28,2023,1,68.1,54.9,Desktop
7414,98,33,2025-03-31,2025,3,34.4,29.9,Tablet
7415,305,36,2024-01-17,2024,1,102.1,81.0,Mobile
7416,940,3,2023-05-13,2023,5,55.1,38.8,Smart TV
7417,312,5,2024-12-24,2024,12,60.4,61.6,Tablet
7418,47,9,2024-06-14,2024,6,72.8,56.9,Tablet
7419,65,28,2024-10-11,2024,10,99.2,73.5,Desktop
7420,457,42,2025-03-22,2025,3,85.0,77.3,Smart TV
7421,778,5,2023-10-16,2023,10,61.6,62.9,Mobile
7422,215,43,2023-05-12,2023,5,92.4,93.3,Laptop
7423,193,42,2023-11-15,2023,11,86.7,78.8,Laptop
7424,219,47,2023-07-29,2023,7,70.7,59.9,Smart TV
7425,107,3,2024-02-26,2024,2,89.9,63.3,Mobile
7426,825,2,2023-10-29,2023,10,107.0,86.3,Mobile
7427,68,1,2024-10-06,2024,10,69.6,59.0,Smart TV
7428,125,16,2023-12-11,2023,12,62.3,63.6,Tablet
7429,585,20,2023-05-17,2023,5,51.5,58.5,Smart TV
7430,702,44,2023-05-11,2023,5,119.1,79.4,Desktop
7431,984,23,2024-03-09,2024,3,92.6,82.7,Tablet
7432,134,43,2023-03-29,2023,3,69.7,70.4,Mobile
7433,728,34,2025-03-30,2025,3,97.9,83.0,Desktop
7434,964,38,2024-07-21,2024,7,86.4,70.8,Desktop
7435,928,30,2024-05-17,2024,5,76.3,66.9,Tablet
7436,940,24,2023-03-07,2023,3,53.6,53.6,Tablet
7437,476,43,2023-03-20,2023,3,45.4,45.9,Smart TV
7438,622,35,2023-03-28,2023,3,57.2,62.9,Desktop
7439,468,42,2024-10-13,2024,10,93.0,84.5,Mobile
7440,285,33,2024-05-02,2024,5,62.3,54.2,Laptop
7441,370,8,2024-08-24,2024,8,48.9,52.0,Desktop
7442,420,33,2025-04-07,2025,4,98.6,85.7,Tablet
7443,849,47,2023-08-17,2023,8,68.7,58.2,Desktop
7444,569,44,2023-02-01,2023,2,106.3,70.9,Desktop
7445,674,26,2025-03-08,2025,3,69.9,60.3,Mobile
7446,254,41,2024-10-10,2024,10,99.5,84.3,Laptop
7447,898,32,2025-04-04,2025,4,85.0,60.7,Laptop
7448,635,13,2024-08-05,2024,8,80.0,88.9,Laptop
7449,245,43,2024-02-05,2024,2,80.4,81.2,Mobile
7450,371,18,2025-04-27,2025,4,75.5,59.9,Smart TV
7451,786,16,2024-08-20,2024,8,49.8,50.8,Mobile
7452,691,37,2023-11-20,2023,11,71.4,56.2,Tablet
7453,234,34,2023-11-18,2023,11,102.1,86.5,Tablet
7454,9,9,2023-02-25,2023,2,105.0,82.0,Mobile
7455,787,23,2023-07-21,2023,7,77.1,68.8,Laptop
7456,191,4,2024-12-04,2024,12,97.7,88.8,Laptop
7457,699,42,2023-12-23,2023,12,89.2,81.1,Smart TV
7458,690,21,2023-10-01,2023,10,67.6,58.3,Mobile
7459,461,49,2024-06-12,2024,6,100.9,80.7,Tablet
7460,467,30,2024-12-16,2024,12,106.9,93.8,Desktop
7461,551,38,2023-06-18,2023,6,95.0,77.9,Smart TV
7462,999,7,2025-02-19,2025,2,117.7,90.5,Mobile
7463,467,9,2024-11-26,2024,11,101.0,78.9,Laptop
7464,23,49,2024-09-25,2024,9,75.2,60.2,Mobile
7465,128,12,2023-10-30,2023,10,79.0,65.8,Tablet
7466,376,43,2024-05-18,2024,5,72.2,72.9,Mobile
7467,914,18,2023-04-08,2023,4,115.5,91.7,Mobile
7468,976,45,2023-11-15,2023,11,82.4,73.6,Tablet
7469,496,6,2024-06-18,2024,6,76.6,66.6,Laptop
7470,153,28,2023-05-10,2023,5,112.5,83.3,Laptop
7471,844,32,2023-03-02,2023,3,112.1,80.1,Desktop
7472,562,27,2024-04-26,2024,4,62.4,73.4,Mobile
7473,515,30,2024-04-22,2024,4,95.3,83.6,Smart TV
7474,249,11,2023-12-01,2023,12,91.2,69.1,Mobile
7475,710,19,2024-11-06,2024,11,69.7,59.1,Mobile
7476,475,16,2023-05-18,2023,5,58.8,60.0,Tablet
7477,676,28,2025-03-02,2025,3,97.9,72.5,Desktop
7478,896,31,2024-11-04,2024,11,85.1,88.6,Desktop
7479,831,44,2023-03-03,2023,3,123.9,82.6,Mobile
7480,268,15,2024-06-09,2024,6,108.8,95.4,Tablet
7481,453,40,2024-09-01,2024,9,126.6,87.9,Desktop
7482,956,38,2024-08-10,2024,8,57.6,47.2,Tablet
7483,862,37,2023-06-14,2023,6,74.2,58.4,Mobile
7484,290,34,2023-05-05,2023,5,51.2,43.4,Smart TV
7485,61,6,2024-06-07,2024,6,77.2,67.1,Laptop
7486,251,9,2023-09-11,2023,9,52.4,40.9,Laptop
7487,945,23,2024-12-06,2024,12,72.1,64.4,Laptop
7488,100,33,2025-03-17,2025,3,52.3,45.5,Tablet
7489,377,39,2023-03-24,2023,3,53.9,58.6,Mobile
7490,252,18,2023-09-05,2023,9,112.4,89.2,Tablet
7491,278,13,2025-01-16,2025,1,47.3,52.6,Tablet
7492,826,44,2024-04-25,2024,4,88.8,59.2,Laptop
7493,216,25,2023-05-22,2023,5,87.7,60.5,Smart TV
7494,211,8,2023-03-16,2023,3,44.3,47.1,Mobile
7495,117,38,2023-01-28,2023,1,94.8,77.7,Mobile
7496,389,1,2024-05-15,2024,5,50.9,43.1,Tablet
7497,666,38,2023-07-28,2023,7,44.7,36.6,Mobile
7498,370,9,2023-06-30,2023,6,50.9,39.8,Laptop
7499,272,11,2024-10-24,2024,10,115.2,87.3,Tablet
7500,670,16,2025-02-05,2025,2,80.9,82.6,Smart TV
7501,574,17,2024-11-16,2024,11,55.9,46.6,Tablet
7502,123,8,2024-02-24,2024,2,63.5,67.5,Desktop
7503,585,46,2024-09-17,2024,9,61.4,69.8,Tablet
7504,812,45,2023-03-29,2023,3,81.4,72.7,Laptop
7505,323,14,2024-03-25,2024,3,122.8,83.0,Laptop
7506,549,10,2024-02-16,2024,2,74.0,72.5,Desktop
7507,378,4,2024-06-30,2024,6,47.9,43.5,Desktop
7508,595,43,2023-11-15,2023,11,92.9,93.8,Smart TV
7509,819,13,2023-05-17,2023,5,55.9,62.1,Desktop
7510,236,23,2024-06-07,2024,6,41.6,37.1,Smart TV
7511,972,43,2025-01-24,2025,1,90.1,91.0,Laptop
7512,897,42,2023-06-25,2023,6,78.5,71.4,Mobile
7513,345,2,2025-04-05,2025,4,87.8,70.8,Mobile
7514,894,32,2025-01-03,2025,1,110.3,78.8,Mobile
7515,600,44,2024-10-07,2024,10,128.1,85.4,Smart TV
7516,370,17,2025-03-18,2025,3,100.9,84.1,Laptop
7517,934,9,2024-01-02,2024,1,64.9,50.7,Tablet
7518,505,32,2024-05-09,2024,5,78.8,56.3,Laptop
7519,580,25,2023-09-28,2023,9,122.2,84.3,Smart TV
7520,35,20,2024-03-13,2024,3,26.0,29.5,Tablet
7521,9,25,2024-08-04,2024,8,105.3,72.6,Desktop
7522,947,9,2024-02-04,2024,2,75.9,59.3,Tablet
7523,129,48,2024-11-18,2024,11,83.9,68.8,Laptop
7524,822,14,2024-05-23,2024,5,102.1,69.0,Smart TV
7525,805,36,2023-12-27,2023,12,112.4,89.2,Laptop
7526,669,25,2023-01-22,2023,1,108.9,75.1,Smart TV
7527,125,2,2023-09-18,2023,9,38.8,31.3,Smart TV
7528,881,24,2023-09-17,2023,9,84.9,84.9,Laptop
7529,749,13,2024-09-09,2024,9,30.8,34.2,Tablet
7530,62,37,2024-09-21,2024,9,110.2,86.8,Smart TV
7531,145,41,2025-01-31,2025,1,66.4,56.3,Mobile
7532,451,37,2023-05-27,2023,5,83.1,65.4,Smart TV
7533,370,43,2025-03-24,2025,3,42.9,43.3,Tablet
7534,304,13,2023-05-08,2023,5,64.5,71.7,Smart TV
7535,135,24,2023-03-02,2023,3,78.1,78.1,Smart TV
7536,768,44,2024-12-10,2024,12,125.4,83.6,Laptop
7537,253,44,2024-10-11,2024,10,113.5,75.7,Desktop
7538,265,18,2023-06-08,2023,6,86.8,68.9,Desktop
7539,367,10,2024-12-03,2024,12,92.3,90.5,Tablet
7540,93,32,2024-08-28,2024,8,125.4,89.6,Desktop
7541,425,47,2023-09-26,2023,9,72.9,61.8,Laptop
7542,620,45,2025-02-05,2025,2,99.5,88.8,Desktop
7543,363,30,2025-01-20,2025,1,81.3,71.3,Mobile
7544,178,29,2025-01-12,2025,1,57.9,51.7,Mobile
7545,505,46,2023-10-22,2023,10,67.7,76.9,Smart TV
7546,450,47,2023-04-20,2023,4,85.5,72.5,Smart TV
7547,871,10,2024-11-30,2024,11,59.3,58.1,Mobile
7548,166,14,2024-09-06,2024,9,138.4,93.5,Tablet
7549,884,43,2023-05-13,2023,5,69.0,69.7,Mobile
7550,473,27,2025-04-15,2025,4,22.1,26.0,Laptop
7551,42,18,2025-01-15,2025,1,113.9,90.4,Laptop
7552,680,24,2023-04-12,2023,4,40.5,40.5,Desktop
7553,387,15,2024-05-31,2024,5,45.9,40.3,Mobile
7554,988,2,2023-12-25,2023,12,32.0,25.8,Smart TV
7555,725,9,2024-06-28,2024,6,103.8,81.1,Smart TV
7556,39,31,2025-03-04,2025,3,75.0,78.1,Laptop
7557,602,23,2023-06-23,2023,6,94.3,84.2,Desktop
7558,736,9,2024-03-28,2024,3,107.1,83.7,Tablet
7559,503,31,2025-03-24,2025,3,55.4,57.7,Smart TV
7560,640,14,2023-11-22,2023,11,118.8,80.3,Smart TV
7561,933,49,2023-08-23,2023,8,106.6,85.3,Tablet
7562,199,47,2025-03-17,2025,3,54.6,46.3,Tablet
7563,533,14,2024-09-14,2024,9,98.6,66.6,Desktop
7564,192,6,2025-04-24,2025,4,106.8,92.9,Mobile
7565,43,1,2023-05-22,2023,5,76.0,64.4,Tablet
7566,452,49,2023-06-19,2023,6,48.5,38.8,Smart TV
7567,916,41,2024-10-03,2024,10,66.3,56.2,Desktop
7568,395,37,2024-11-13,2024,11,106.7,84.0,Laptop
7569,222,32,2023-03-11,2023,3,88.6,63.3,Laptop
7570,488,16,2023-04-25,2023,4,92.1,94.0,Laptop
7571,186,1,2024-07-27,2024,7,87.7,74.3,Smart TV
7572,68,36,2024-04-09,2024,4,68.0,54.0,Desktop
7573,371,4,2024-05-02,2024,5,84.6,76.9,Smart TV
7574,479,29,2025-04-29,2025,4,100.0,89.3,Mobile
7575,134,40,2024-05-02,2024,5,138.8,96.4,Laptop
7576,964,6,2025-01-29,2025,1,69.2,60.2,Laptop
7577,53,11,2024-12-01,2024,12,105.5,79.9,Laptop
7578,622,41,2025-04-29,2025,4,104.8,88.8,Mobile
7579,539,10,2024-02-26,2024,2,74.7,73.2,Mobile
7580,1,39,2023-03-02,2023,3,38.0,41.3,Desktop
7581,671,41,2024-05-04,2024,5,48.5,41.1,Smart TV
7582,967,49,2023-05-05,2023,5,90.1,72.1,Laptop
7583,356,12,2023-09-09,2023,9,90.8,75.7,Laptop
7584,584,27,2025-03-01,2025,3,38.8,45.6,Mobile
7585,833,21,2025-04-10,2025,4,89.1,76.8,Desktop
7586,529,47,2024-04-20,2024,4,108.6,92.0,Mobile
7587,472,24,2024-04-01,2024,4,84.1,84.1,Mobile
7588,203,11,2023-07-21,2023,7,37.6,28.5,Desktop
7589,539,35,2023-02-28,2023,2,70.0,76.9,Desktop
7590,290,5,2024-04-21,2024,4,40.2,41.0,Laptop
7591,125,15,2023-01-25,2023,1,40.6,35.6,Desktop
7592,641,35,2024-03-09,2024,3,47.7,52.4,Tablet
7593,333,22,2024-11-30,2024,11,91.2,73.0,Mobile
7594,602,22,2024-08-11,2024,8,103.2,82.6,Laptop
7595,344,3,2023-10-31,2023,10,108.9,76.7,Tablet
7596,181,16,2024-02-05,2024,2,65.0,66.3,Laptop
7597,694,26,2023-05-12,2023,5,79.0,68.1,Desktop
7598,440,22,2023-04-17,2023,4,91.2,73.0,Mobile
7599,295,45,2023-05-18,2023,5,38.4,34.3,Smart TV
7600,667,36,2023-10-04,2023,10,104.7,83.1,Laptop
7601,936,3,2024-11-29,2024,11,131.5,92.6,Laptop
7602,929,26,2023-05-30,2023,5,50.5,43.5,Tablet
7603,268,43,2023-07-18,2023,7,89.9,90.8,Desktop
7604,891,13,2024-08-10,2024,8,32.1,35.7,Tablet
7605,460,17,2023-02-04,2023,2,81.5,67.9,Desktop
7606,689,45,2024-03-05,2024,3,83.0,74.1,Laptop
7607,546,21,2024-04-02,2024,4,66.7,57.5,Mobile
7608,981,49,2023-03-30,2023,3,46.1,36.9,Tablet
7609,469,42,2023-06-04,2023,6,104.4,94.9,Laptop
7610,973,6,2024-05-31,2024,5,78.4,68.2,Smart TV
7611,669,38,2024-04-05,2024,4,88.9,72.9,Laptop
7612,222,30,2024-04-29,2024,4,41.6,36.5,Smart TV
7613,286,37,2023-08-06,2023,8,111.6,87.9,Mobile
7614,442,48,2023-09-30,2023,9,76.9,63.0,Desktop
7615,535,10,2023-09-22,2023,9,97.3,95.4,Tablet
7616,560,1,2023-10-04,2023,10,80.1,67.9,Laptop
7617,41,31,2024-10-05,2024,10,72.4,75.4,Tablet
7618,353,5,2025-04-01,2025,4,56.2,57.3,Tablet
7619,806,38,2023-07-02,2023,7,117.0,95.9,Desktop
7620,143,49,2023-02-21,2023,2,107.4,85.9,Smart TV
7621,685,47,2023-06-12,2023,6,81.9,69.4,Smart TV
7622,988,22,2025-03-05,2025,3,88.5,70.8,Smart TV
7623,373,25,2024-05-10,2024,5,140.1,96.6,Mobile
7624,159,16,2023-01-05,2023,1,31.2,31.8,Laptop
7625,469,43,2024-06-02,2024,6,86.3,87.2,Laptop
7626,807,38,2023-04-28,2023,4,77.7,63.7,Smart TV
7627,723,20,2023-07-05,2023,7,47.9,54.4,Mobile
7628,8,38,2024-07-06,2024,7,102.4,83.9,Mobile
7629,897,22,2024-05-17,2024,5,106.1,84.9,Smart TV
7630,418,42,2024-09-12,2024,9,39.0,35.5,Smart TV
7631,32,13,2023-10-03,2023,10,72.3,80.3,Smart TV
7632,842,41,2024-02-20,2024,2,73.0,61.9,Smart TV
7633,129,38,2024-06-11,2024,6,74.4,61.0,Desktop
7634,274,40,2024-11-26,2024,11,109.4,76.0,Tablet
7635,887,47,2025-04-01,2025,4,80.1,67.9,Mobile
7636,755,32,2025-03-31,2025,3,49.0,35.0,Mobile
7637,26,32,2023-10-06,2023,10,128.0,91.4,Mobile
7638,852,18,2025-03-17,2025,3,69.7,55.3,Tablet
7639,33,4,2025-03-13,2025,3,63.8,58.0,Desktop
7640,82,47,2024-11-07,2024,11,83.1,70.4,Laptop
7641,914,19,2023-07-21,2023,7,76.6,64.9,Tablet
7642,85,43,2025-01-15,2025,1,76.8,77.6,Tablet
7643,245,33,2024-12-20,2024,12,79.1,68.8,Smart TV
7644,896,6,2024-01-02,2024,1,101.9,88.6,Tablet
7645,820,20,2023-01-07,2023,1,41.3,46.9,Laptop
7646,854,33,2024-03-23,2024,3,77.3,67.2,Desktop
7647,153,19,2025-02-17,2025,2,86.1,73.0,Tablet
7648,315,5,2023-10-08,2023,10,58.8,60.0,Smart TV
7649,643,5,2023-09-14,2023,9,68.3,69.7,Desktop
7650,513,31,2023-06-27,2023,6,63.9,66.6,Laptop
7651,703,37,2023-06-26,2023,6,51.7,40.7,Smart TV
7652,140,14,2024-12-31,2024,12,79.5,53.7,Desktop
7653,855,34,2025-04-16,2025,4,106.3,90.1,Mobile
7654,322,37,2025-03-15,2025,3,39.5,31.1,Tablet
7655,716,8,2023-08-05,2023,8,36.2,38.5,Mobile
7656,297,46,2023-10-07,2023,10,41.5,47.2,Laptop
7657,430,30,2025-03-25,2025,3,79.9,70.1,Laptop
7658,850,43,2023-09-30,2023,9,43.6,44.0,Tablet
7659,666,45,2024-01-24,2024,1,72.9,65.1,Laptop
7660,324,27,2024-07-15,2024,7,38.6,45.4,Mobile
7661,914,7,2024-02-16,2024,2,103.6,79.7,Laptop
7662,380,29,2024-10-30,2024,10,73.5,65.6,Tablet
7663,770,26,2024-01-17,2024,1,98.8,85.2,Tablet
7664,395,26,2023-09-15,2023,9,81.2,70.0,Tablet
7665,48,36,2023-12-28,2023,12,57.5,45.6,Desktop
7666,688,48,2023-12-17,2023,12,105.7,86.6,Smart TV
7667,601,28,2023-11-15,2023,11,82.9,61.4,Laptop
7668,949,12,2023-03-14,2023,3,84.6,70.5,Mobile
7669,295,37,2024-09-30,2024,9,92.6,72.9,Tablet
7670,542,9,2024-08-30,2024,8,94.6,73.9,Tablet
7671,148,30,2024-01-05,2024,1,67.7,59.4,Laptop
7672,146,11,2023-01-06,2023,1,88.8,67.3,Desktop
7673,371,45,2023-02-11,2023,2,74.4,66.4,Desktop
7674,175,39,2025-04-26,2025,4,66.4,72.2,Smart TV
7675,661,34,2024-03-18,2024,3,99.0,83.9,Laptop
7676,36,4,2024-01-25,2024,1,93.0,84.5,Smart TV
7677,313,27,2024-03-18,2024,3,23.1,27.2,Smart TV
7678,820,6,2023-09-21,2023,9,64.3,55.9,Smart TV
7679,92,35,2024-12-14,2024,12,57.0,62.6,Smart TV
7680,248,2,2023-03-22,2023,3,54.3,43.8,Mobile
7681,821,33,2023-09-27,2023,9,90.8,79.0,Tablet
7682,363,17,2024-05-28,2024,5,87.1,72.6,Laptop
7683,536,32,2023-11-24,2023,11,89.6,64.0,Laptop
7684,365,10,2024-08-06,2024,8,66.5,65.2,Laptop
7685,77,18,2023-07-17,2023,7,83.5,66.3,Tablet
7686,959,17,2023-12-21,2023,12,82.3,68.6,Desktop
7687,217,21,2023-03-16,2023,3,105.9,91.3,Desktop
7688,901,35,2023-07-24,2023,7,52.5,57.7,Mobile
7689,673,16,2023-12-03,2023,12,61.3,62.6,Tablet
7690,979,28,2024-09-24,2024,9,91.0,67.4,Smart TV
7691,673,14,2025-04-07,2025,4,127.6,86.2,Desktop
7692,364,46,2025-02-01,2025,2,58.6,66.6,Mobile
7693,476,42,2024-06-30,2024,6,99.4,90.4,Laptop
7694,968,44,2024-02-01,2024,2,133.9,89.3,Mobile
7695,615,40,2025-02-06,2025,2,108.1,75.1,Mobile
7696,794,48,2024-03-18,2024,3,56.0,45.9,Tablet
7697,957,39,2023-11-10,2023,11,51.5,56.0,Smart TV
7698,607,13,2024-02-07,2024,2,60.8,67.5,Desktop
7699,291,9,2024-03-17,2024,3,92.5,72.3,Laptop
7700,857,8,2024-05-11,2024,5,54.3,57.8,Tablet
7701,493,37,2025-01-14,2025,1,109.3,86.1,Mobile
7702,93,1,2023-05-15,2023,5,92.5,78.4,Tablet
7703,833,5,2024-09-13,2024,9,66.0,67.3,Desktop
7704,321,47,2025-01-28,2025,1,93.6,79.3,Smart TV
7705,857,1,2023-07-12,2023,7,86.1,73.0,Tablet
7706,163,7,2023-05-12,2023,5,59.0,45.4,Laptop
7707,653,5,2024-08-08,2024,8,47.1,48.1,Laptop
7708,749,25,2023-06-25,2023,6,124.1,85.6,Laptop
7709,428,45,2023-07-07,2023,7,53.8,48.0,Mobile
7710,401,22,2024-03-11,2024,3,82.6,66.1,Smart TV
7711,617,14,2024-11-25,2024,11,92.9,62.8,Desktop
7712,160,19,2023-07-13,2023,7,96.4,81.7,Tablet
7713,132,21,2023-09-04,2023,9,91.9,79.2,Mobile
7714,978,18,2023-01-15,2023,1,69.3,55.0,Tablet
7715,322,21,2024-09-01,2024,9,95.9,82.7,Laptop
7716,68,44,2023-10-08,2023,10,133.1,88.7,Mobile
7717,145,19,2024-06-25,2024,6,70.0,59.3,Laptop
7718,51,32,2023-10-14,2023,10,89.3,63.8,Desktop
7719,218,48,2023-09-10,2023,9,111.8,91.6,Desktop
7720,56,38,2024-10-17,2024,10,111.6,91.5,Desktop
7721,623,30,2023-01-26,2023,1,53.6,47.0,Laptop
7722,5,20,2025-03-17,2025,3,21.8,24.8,Desktop
7723,13,30,2024-05-10,2024,5,48.3,42.4,Desktop
7724,179,16,2024-11-24,2024,11,60.1,61.3,Smart TV
7725,962,9,2025-02-13,2025,2,112.0,87.5,Tablet
7726,645,42,2023-08-14,2023,8,77.5,70.5,Laptop
7727,352,17,2024-03-27,2024,3,78.6,65.5,Tablet
7728,131,29,2024-01-01,2024,1,78.1,69.7,Smart TV
7729,346,21,2023-11-14,2023,11,85.6,73.8,Mobile
7730,296,30,2023-04-10,2023,4,57.7,50.6,Tablet
7731,417,28,2023-04-19,2023,4,83.7,62.0,Smart TV
7732,595,14,2025-03-28,2025,3,123.4,83.4,Smart TV
7733,622,18,2023-07-03,2023,7,86.9,69.0,Mobile
7734,853,9,2023-03-12,2023,3,79.9,62.4,Mobile
7735,213,17,2025-04-30,2025,4,104.2,86.8,Smart TV
7736,584,4,2024-03-23,2024,3,53.5,48.6,Desktop
7737,876,48,2024-07-06,2024,7,114.9,94.2,Laptop
7738,517,12,2023-10-22,2023,10,102.0,85.0,Tablet
7739,194,14,2024-12-22,2024,12,130.5,88.2,Desktop
7740,72,9,2024-09-09,2024,9,111.7,87.3,Mobile
7741,227,29,2023-04-25,2023,4,89.4,79.8,Mobile
7742,152,29,2023-12-21,2023,12,84.9,75.8,Desktop
7743,714,24,2023-11-19,2023,11,69.0,69.0,Mobile
7744,972,19,2025-04-01,2025,4,59.8,50.7,Mobile
7745,432,44,2023-07-11,2023,7,143.2,95.5,Mobile
7746,854,46,2024-02-05,2024,2,60.9,69.2,Laptop
7747,613,6,2023-02-16,2023,2,28.2,24.5,Laptop
7748,855,17,2023-07-14,2023,7,78.4,65.3,Smart TV
7749,402,18,2023-10-25,2023,10,70.7,56.1,Smart TV
7750,767,37,2025-04-07,2025,4,107.1,84.3,Desktop
7751,96,17,2023-05-31,2023,5,58.2,48.5,Mobile
7752,647,4,2024-04-19,2024,4,84.9,77.2,Smart TV
7753,942,29,2024-02-12,2024,2,90.8,81.1,Smart TV
7754,327,11,2024-04-17,2024,4,94.2,71.4,Desktop
7755,925,29,2024-07-12,2024,7,68.1,60.8,Tablet
7756,109,4,2024-09-08,2024,9,99.0,90.0,Smart TV
7757,554,49,2024-01-17,2024,1,67.1,53.7,Mobile
7758,45,38,2023-02-14,2023,2,108.6,89.0,Tablet
7759,217,41,2023-05-24,2023,5,73.4,62.2,Tablet
7760,661,31,2024-04-01,2024,4,84.7,88.2,Laptop
7761,413,24,2024-07-18,2024,7,66.4,66.4,Tablet
7762,170,36,2024-11-04,2024,11,75.7,60.1,Tablet
7763,670,2,2023-09-05,2023,9,72.9,58.8,Tablet
7764,654,14,2023-08-14,2023,8,75.3,50.9,Laptop
7765,840,25,2023-12-29,2023,12,113.2,78.1,Tablet
7766,877,34,2023-10-19,2023,10,107.9,91.4,Mobile
7767,343,19,2025-02-05,2025,2,78.1,66.2,Smart TV
7768,341,8,2024-04-21,2024,4,41.0,43.6,Mobile
7769,838,33,2024-01-11,2024,1,50.3,43.7,Tablet
7770,406,37,2024-11-21,2024,11,82.3,64.8,Desktop
7771,370,38,2024-02-23,2024,2,74.7,61.2,Tablet
7772,13,3,2025-03-15,2025,3,128.8,90.7,Smart TV
7773,723,15,2024-04-03,2024,4,93.7,82.2,Smart TV
7774,187,37,2024-02-09,2024,2,104.0,81.9,Desktop
7775,263,41,2023-05-24,2023,5,48.9,41.4,Desktop
7776,164,12,2023-05-11,2023,5,73.4,61.2,Laptop
7777,347,23,2024-05-06,2024,5,100.9,90.1,Laptop
7778,860,47,2023-07-22,2023,7,80.8,68.5,Smart TV
7779,236,32,2024-02-11,2024,2,93.0,66.4,Laptop
7780,72,19,2023-05-28,2023,5,107.6,91.2,Laptop
7781,220,4,2023-07-09,2023,7,84.4,76.7,Tablet
7782,48,35,2023-03-21,2023,3,53.8,59.1,Smart TV
7783,605,36,2023-05-27,2023,5,57.0,45.2,Desktop
7784,798,13,2024-01-06,2024,1,35.5,39.4,Smart TV
7785,621,10,2023-06-20,2023,6,77.7,76.2,Laptop
7786,34,6,2025-01-03,2025,1,110.9,96.4,Laptop
7787,582,26,2023-05-17,2023,5,85.6,73.8,Mobile
7788,472,28,2024-11-24,2024,11,105.3,78.0,Desktop
7789,830,22,2023-07-22,2023,7,95.0,76.0,Desktop
7790,480,35,2023-08-06,2023,8,60.3,66.3,Tablet
7791,413,30,2024-12-04,2024,12,87.7,76.9,Mobile
7792,974,29,2024-06-01,2024,6,54.3,48.5,Laptop
7793,409,28,2024-02-06,2024,2,86.8,64.3,Laptop
7794,705,36,2023-08-16,2023,8,84.9,67.4,Mobile
7795,697,37,2024-10-10,2024,10,76.3,60.1,Desktop
7796,419,33,2023-06-12,2023,6,101.1,87.9,Laptop
7797,928,47,2023-01-17,2023,1,85.5,72.5,Laptop
7798,594,12,2023-12-09,2023,12,100.8,84.0,Tablet
7799,170,37,2024-05-03,2024,5,106.9,84.2,Tablet
7800,390,37,2025-02-07,2025,2,110.0,86.6,Smart TV
7801,827,10,2023-12-02,2023,12,69.7,68.3,Smart TV
7802,500,16,2024-10-09,2024,10,90.1,91.9,Tablet
7803,944,35,2025-04-19,2025,4,62.5,68.7,Tablet
7804,985,4,2025-01-15,2025,1,87.6,79.6,Tablet
7805,182,13,2025-03-10,2025,3,41.4,46.0,Laptop
7806,897,28,2024-03-02,2024,3,88.4,65.5,Mobile
7807,362,7,2023-11-02,2023,11,98.5,75.8,Tablet
7808,90,35,2023-02-19,2023,2,70.3,77.3,Tablet
7809,173,33,2025-04-13,2025,4,84.4,73.4,Desktop
7810,713,34,2024-04-27,2024,4,108.2,91.7,Desktop
7811,991,11,2023-10-06,2023,10,124.3,94.2,Desktop
7812,916,17,2023-01-20,2023,1,99.1,82.6,Desktop
7813,369,6,2024-06-16,2024,6,106.7,92.8,Desktop
7814,725,21,2024-03-03,2024,3,98.0,84.5,Smart TV
7815,684,20,2023-10-07,2023,10,54.9,62.4,Desktop
7816,234,45,2024-11-02,2024,11,61.6,55.0,Mobile
7817,558,16,2024-07-11,2024,7,31.4,32.0,Tablet
7818,594,48,2023-07-15,2023,7,69.9,57.3,Tablet
7819,600,5,2025-04-03,2025,4,73.5,75.0,Smart TV
7820,506,32,2024-09-08,2024,9,131.5,93.9,Smart TV
7821,647,40,2024-07-18,2024,7,122.1,84.8,Mobile
7822,795,44,2023-06-11,2023,6,73.2,48.8,Mobile
7823,79,25,2023-08-09,2023,8,61.3,42.3,Laptop
7824,185,2,2023-01-07,2023,1,95.6,77.1,Smart TV
7825,594,7,2024-01-08,2024,1,62.5,48.1,Mobile
7826,951,13,2023-09-06,2023,9,49.2,54.7,Smart TV
7827,696,5,2023-10-26,2023,10,62.4,63.7,Smart TV
7828,82,11,2024-05-11,2024,5,46.7,35.4,Smart TV
7829,126,36,2024-09-01,2024,9,113.3,89.9,Tablet
7830,192,3,2023-04-26,2023,4,72.1,50.8,Laptop
7831,619,2,2023-09-08,2023,9,52.7,42.5,Tablet
7832,498,41,2023-11-24,2023,11,77.3,65.5,Desktop
7833,715,45,2023-01-15,2023,1,29.6,26.4,Mobile
7834,707,7,2024-11-02,2024,11,97.5,75.0,Mobile
7835,975,30,2024-01-21,2024,1,99.8,87.5,Smart TV
7836,841,49,2023-06-28,2023,6,114.2,91.4,Laptop
7837,543,16,2023-09-21,2023,9,94.8,96.7,Desktop
7838,932,31,2023-04-27,2023,4,61.4,64.0,Mobile
7839,321,19,2025-01-06,2025,1,83.3,70.6,Tablet
7840,634,8,2023-04-27,2023,4,61.2,65.1,Desktop
7841,464,1,2023-05-17,2023,5,82.7,70.1,Desktop
7842,991,12,2023-02-03,2023,2,103.6,86.3,Mobile
7843,48,40,2023-09-01,2023,9,112.9,78.4,Desktop
7844,10,35,2025-01-14,2025,1,59.2,65.1,Desktop
7845,657,8,2023-07-03,2023,7,38.4,40.9,Tablet
7846,683,44,2023-01-13,2023,1,47.1,31.4,Desktop
7847,892,46,2023-08-08,2023,8,59.9,68.1,Desktop
7848,240,9,2024-11-30,2024,11,104.8,81.9,Laptop
7849,192,46,2024-04-06,2024,4,46.6,53.0,Mobile
7850,906,11,2023-04-01,2023,4,71.0,53.8,Mobile
7851,448,30,2024-07-31,2024,7,71.1,62.4,Laptop
7852,170,34,2025-02-01,2025,2,63.0,53.4,Tablet
7853,506,44,2023-01-28,2023,1,64.5,43.0,Mobile
7854,411,29,2024-06-01,2024,6,49.3,44.0,Tablet
7855,946,30,2025-03-24,2025,3,97.7,85.7,Desktop
7856,422,48,2023-05-19,2023,5,112.8,92.5,Mobile
7857,184,21,2023-04-09,2023,4,71.5,61.6,Desktop
7858,407,17,2025-02-11,2025,2,59.6,49.7,Tablet
7859,240,2,2023-06-24,2023,6,61.8,49.8,Desktop
7860,588,20,2023-03-27,2023,3,64.7,73.5,Laptop
7861,214,42,2023-01-24,2023,1,64.2,58.4,Mobile
7862,370,13,2023-03-21,2023,3,43.6,48.5,Mobile
7863,63,43,2023-12-17,2023,12,31.7,32.0,Laptop
7864,815,21,2023-01-03,2023,1,84.0,72.4,Desktop
7865,328,11,2024-07-14,2024,7,77.7,58.9,Tablet
7866,458,4,2023-08-27,2023,8,92.2,83.8,Desktop
7867,257,28,2024-04-07,2024,4,103.0,76.3,Mobile
7868,752,1,2024-07-26,2024,7,92.5,78.4,Smart TV
7869,25,42,2024-04-05,2024,4,71.7,65.2,Laptop
7870,851,3,2023-12-14,2023,12,129.4,91.1,Smart TV
7871,330,21,2025-01-05,2025,1,103.0,88.8,Mobile
7872,510,11,2024-03-28,2024,3,65.3,49.5,Desktop
7873,454,16,2025-01-12,2025,1,45.8,46.7,Smart TV
7874,579,2,2023-05-01,2023,5,107.1,86.4,Desktop
7875,930,16,2023-05-14,2023,5,26.9,27.5,Mobile
7876,93,49,2023-06-11,2023,6,47.6,38.1,Smart TV
7877,262,2,2024-03-13,2024,3,110.1,88.8,Tablet
7878,547,2,2023-03-16,2023,3,109.5,88.3,Desktop
7879,41,24,2023-01-31,2023,1,50.5,50.5,Mobile
7880,411,21,2023-03-07,2023,3,44.7,38.5,Tablet
7881,654,46,2023-10-07,2023,10,51.6,58.6,Mobile
7882,737,6,2024-04-16,2024,4,41.4,36.0,Tablet
7883,279,35,2023-12-27,2023,12,69.6,76.5,Desktop
7884,447,33,2024-07-23,2024,7,75.8,65.9,Smart TV
7885,646,43,2023-04-02,2023,4,48.7,49.2,Laptop
7886,850,4,2024-04-03,2024,4,90.2,82.0,Desktop
7887,26,20,2024-10-11,2024,10,59.4,67.5,Smart TV
7888,556,43,2024-06-17,2024,6,44.5,45.0,Mobile
7889,936,8,2023-04-13,2023,4,78.9,83.9,Laptop
7890,841,22,2024-12-16,2024,12,82.5,66.0,Tablet
7891,476,29,2024-03-02,2024,3,99.9,89.2,Desktop
7892,882,22,2023-05-13,2023,5,71.6,57.3,Tablet
7893,756,2,2023-04-09,2023,4,87.0,70.2,Desktop
7894,157,7,2024-04-05,2024,4,87.0,66.9,Laptop
7895,77,31,2024-04-22,2024,4,79.5,82.8,Mobile
7896,133,10,2024-11-12,2024,11,53.8,52.7,Mobile
7897,258,46,2023-12-25,2023,12,43.9,49.9,Desktop
7898,895,11,2024-03-26,2024,3,90.9,68.9,Smart TV
7899,331,13,2025-01-16,2025,1,58.2,64.7,Laptop
7900,652,38,2024-10-21,2024,10,97.5,79.9,Desktop
7901,275,34,2024-07-31,2024,7,87.1,73.8,Smart TV
7902,370,46,2024-05-29,2024,5,77.3,87.8,Smart TV
7903,635,39,2023-07-14,2023,7,63.8,69.3,Tablet
7904,914,44,2024-10-04,2024,10,43.6,29.1,Laptop
7905,31,40,2023-09-06,2023,9,107.6,74.7,Tablet
7906,682,28,2023-07-20,2023,7,109.2,80.9,Desktop
7907,316,25,2023-10-21,2023,10,105.4,72.7,Laptop
7908,139,44,2024-04-10,2024,4,83.8,55.9,Desktop
7909,239,21,2025-01-10,2025,1,96.0,82.8,Laptop
7910,135,46,2023-09-03,2023,9,54.6,62.0,Desktop
7911,427,43,2024-04-09,2024,4,65.2,65.9,Smart TV
7912,485,16,2023-12-08,2023,12,92.4,94.3,Smart TV
7913,851,16,2023-11-16,2023,11,87.0,88.8,Tablet
7914,646,11,2023-02-27,2023,2,114.4,86.7,Tablet
7915,435,13,2023-09-09,2023,9,27.4,30.4,Laptop
7916,708,9,2023-04-05,2023,4,82.0,64.1,Smart TV
7917,262,45,2023-12-18,2023,12,56.3,50.3,Tablet
7918,217,26,2023-06-25,2023,6,98.0,84.5,Desktop
7919,570,27,2023-07-06,2023,7,36.5,42.9,Tablet
7920,33,19,2023-10-10,2023,10,67.5,57.2,Laptop
7921,819,46,2023-05-01,2023,5,68.9,78.3,Laptop
7922,209,18,2023-10-25,2023,10,114.8,91.1,Mobile
7923,80,7,2024-04-23,2024,4,80.6,62.0,Desktop
7924,272,19,2024-08-04,2024,8,72.7,61.6,Laptop
7925,171,49,2025-04-12,2025,4,50.6,40.5,Desktop
7926,545,46,2023-11-03,2023,11,57.2,65.0,Laptop
7927,388,16,2024-06-01,2024,6,43.0,43.9,Laptop
7928,77,11,2024-10-01,2024,10,58.2,44.1,Tablet
7929,280,49,2024-05-17,2024,5,97.2,77.8,Smart TV
7930,924,17,2024-11-07,2024,11,77.9,64.9,Smart TV
7931,601,39,2024-05-28,2024,5,38.0,41.3,Tablet
7932,746,14,2023-11-27,2023,11,79.0,53.4,Desktop
7933,634,34,2024-05-22,2024,5,75.6,64.1,Desktop
7934,832,8,2024-01-04,2024,1,16.8,17.9,Tablet
7935,324,8,2023-09-25,2023,9,78.4,83.4,Mobile
7936,817,34,2023-08-14,2023,8,102.5,86.9,Tablet
7937,905,37,2023-07-01,2023,7,114.3,90.0,Smart TV
7938,50,22,2024-04-21,2024,4,106.2,85.0,Desktop
7939,176,17,2023-11-29,2023,11,98.4,82.0,Mobile
7940,27,47,2024-05-30,2024,5,49.3,41.8,Laptop
7941,415,20,2023-09-02,2023,9,53.9,61.3,Tablet
7942,963,11,2023-11-12,2023,11,69.6,52.7,Mobile
7943,838,41,2023-03-14,2023,3,106.6,90.3,Tablet
7944,14,28,2024-03-06,2024,3,110.6,81.9,Desktop
7945,399,8,2025-01-12,2025,1,69.2,73.6,Desktop
7946,642,27,2023-09-06,2023,9,68.5,80.6,Desktop
7947,105,10,2025-03-29,2025,3,88.7,87.0,Mobile
7948,532,32,2024-09-04,2024,9,129.8,92.7,Mobile
7949,396,22,2023-01-10,2023,1,83.8,67.0,Laptop
7950,449,6,2023-12-25,2023,12,86.2,75.0,Mobile
7951,111,11,2023-11-23,2023,11,30.9,23.4,Smart TV
7952,84,27,2023-02-15,2023,2,39.9,46.9,Mobile
7953,192,31,2023-06-19,2023,6,70.9,73.9,Desktop
7954,555,27,2025-03-19,2025,3,65.2,76.7,Smart TV
7955,655,9,2023-04-26,2023,4,115.8,90.5,Mobile
7956,568,26,2023-03-23,2023,3,66.2,57.1,Desktop
7957,562,19,2023-05-25,2023,5,75.5,64.0,Tablet
7958,634,26,2025-02-20,2025,2,74.8,64.5,Desktop
7959,834,41,2025-02-09,2025,2,110.3,93.5,Desktop
7960,897,17,2023-06-17,2023,6,39.6,33.0,Mobile
7961,663,5,2023-10-20,2023,10,73.8,75.3,Smart TV
7962,264,26,2023-01-15,2023,1,90.2,77.8,Smart TV
7963,863,32,2023-06-23,2023,6,78.1,55.8,Desktop
7964,940,28,2023-03-11,2023,3,109.5,81.1,Laptop
7965,593,24,2023-06-23,2023,6,71.9,71.9,Laptop
7966,758,39,2024-12-26,2024,12,44.3,48.1,Laptop
7967,676,31,2024-12-15,2024,12,65.0,67.7,Tablet
7968,720,49,2024-09-15,2024,9,89.0,71.2,Desktop
7969,236,2,2023-12-15,2023,12,74.9,60.4,Tablet
7970,589,31,2024-11-06,2024,11,81.9,85.3,Desktop
7971,869,14,2024-02-04,2024,2,100.6,68.0,Mobile
7972,481,20,2025-01-07,2025,1,24.4,27.7,Desktop
7973,224,39,2023-10-07,2023,10,56.4,61.3,Laptop
7974,5,18,2025-04-16,2025,4,108.9,86.4,Desktop
7975,58,16,2023-12-16,2023,12,92.4,94.3,Tablet
7976,760,2,2023-05-17,2023,5,89.9,72.5,Desktop
7977,648,27,2024-09-25,2024,9,46.0,54.1,Mobile
7978,876,40,2024-03-05,2024,3,76.6,53.2,Laptop
7979,693,30,2024-02-07,2024,2,33.5,29.4,Tablet
7980,335,6,2025-03-27,2025,3,57.4,49.9,Mobile
7981,91,33,2023-10-25,2023,10,52.9,46.0,Smart TV
7982,680,9,2024-01-24,2024,1,77.1,60.2,Laptop
7983,937,7,2024-06-23,2024,6,40.3,31.0,Smart TV
7984,876,18,2023-12-20,2023,12,94.5,75.0,Mobile
7985,514,23,2025-03-16,2025,3,85.3,76.2,Smart TV
7986,330,26,2024-01-18,2024,1,64.3,55.4,Smart TV
7987,821,18,2024-10-18,2024,10,70.1,55.6,Tablet
7988,783,47,2024-08-27,2024,8,72.6,61.5,Tablet
7989,741,27,2024-11-29,2024,11,60.9,71.7,Laptop
7990,470,15,2024-05-12,2024,5,100.1,87.8,Laptop
7991,574,48,2025-03-29,2025,3,99.4,81.5,Smart TV
7992,339,5,2023-06-24,2023,6,50.4,51.4,Desktop
7993,850,19,2024-03-05,2024,3,81.2,68.8,Desktop
7994,866,41,2023-02-22,2023,2,48.0,40.7,Tablet
7995,825,21,2025-03-02,2025,3,57.7,49.7,Smart TV
7996,873,31,2024-08-26,2024,8,79.2,82.5,Smart TV
7997,637,18,2024-07-30,2024,7,100.4,79.7,Tablet
7998,336,11,2023-08-03,2023,8,110.9,84.0,Tablet
7999,509,17,2024-11-25,2024,11,105.2,87.7,Desktop
8000,632,4,2023-05-26,2023,5,41.5,37.7,Smart TV
8001,681,34,2023-12-14,2023,12,67.7,57.4,Tablet
8002,1,4,2024-07-27,2024,7,62.6,56.9,Mobile
8003,351,37,2025-01-01,2025,1,51.7,40.7,Smart TV
8004,290,10,2024-02-29,2024,2,75.7,74.2,Laptop
8005,482,21,2023-08-15,2023,8,99.8,86.0,Desktop
8006,349,5,2024-12-25,2024,12,65.8,67.1,Desktop
8007,892,31,2024-01-20,2024,1,77.4,80.6,Laptop
8008,165,40,2023-10-19,2023,10,95.9,66.6,Laptop
8009,134,47,2024-03-20,2024,3,97.2,82.4,Mobile
8010,278,4,2024-06-07,2024,6,69.2,62.9,Mobile
8011,408,16,2023-07-29,2023,7,55.9,57.0,Tablet
8012,79,5,2024-06-23,2024,6,59.7,60.9,Smart TV
8013,460,10,2024-06-17,2024,6,51.6,50.6,Tablet
8014,924,23,2024-09-09,2024,9,99.3,88.7,Smart TV
8015,675,14,2024-12-09,2024,12,105.7,71.4,Laptop
8016,105,46,2024-09-19,2024,9,29.4,33.4,Tablet
8017,50,16,2023-07-27,2023,7,93.9,95.8,Smart TV
8018,63,33,2025-04-14,2025,4,73.7,64.1,Laptop
8019,89,34,2024-10-27,2024,10,70.3,59.6,Tablet
8020,669,28,2023-02-25,2023,2,106.4,78.8,Mobile
8021,646,39,2023-07-23,2023,7,53.7,58.4,Desktop
8022,554,4,2025-01-18,2025,1,53.6,48.7,Mobile
8023,33,38,2023-09-04,2023,9,110.8,90.8,Tablet
8024,743,47,2024-02-28,2024,2,83.7,70.9,Tablet
8025,802,30,2024-04-10,2024,4,63.0,55.3,Tablet
8026,351,49,2024-04-12,2024,4,80.4,64.3,Laptop
8027,357,20,2023-12-05,2023,12,26.7,30.3,Laptop
8028,922,33,2023-04-24,2023,4,88.0,76.5,Laptop
8029,207,23,2025-03-01,2025,3,91.8,82.0,Mobile
8030,111,4,2023-05-24,2023,5,71.1,64.6,Smart TV
8031,588,21,2024-01-16,2024,1,61.1,52.7,Mobile
8032,551,40,2025-01-19,2025,1,118.8,82.5,Smart TV
8033,708,16,2023-07-13,2023,7,76.7,78.3,Mobile
8034,211,24,2024-11-26,2024,11,82.3,82.3,Mobile
8035,319,42,2024-06-16,2024,6,66.5,60.5,Mobile
8036,476,2,2023-05-27,2023,5,79.6,64.2,Mobile
8037,443,9,2025-03-30,2025,3,107.9,84.3,Mobile
8038,395,29,2023-10-16,2023,10,90.8,81.1,Laptop
8039,648,8,2025-02-03,2025,2,47.0,50.0,Desktop
8040,489,28,2023-06-10,2023,6,58.9,43.6,Tablet
8041,983,19,2024-07-29,2024,7,112.8,95.6,Laptop
8042,677,9,2024-04-09,2024,4,102.7,80.2,Desktop
8043,465,16,2023-02-25,2023,2,49.1,50.1,Laptop
8044,55,28,2024-08-03,2024,8,82.6,61.2,Tablet
8045,941,11,2023-12-20,2023,12,65.3,49.5,Mobile
8046,162,15,2025-01-28,2025,1,96.2,84.4,Laptop
8047,520,40,2023-07-31,2023,7,98.8,68.6,Mobile
8048,165,24,2024-07-13,2024,7,50.7,50.7,Laptop
8049,544,36,2024-09-09,2024,9,111.8,88.7,Desktop
8050,686,46,2024-08-26,2024,8,43.7,49.7,Desktop
8051,367,6,2024-01-29,2024,1,91.3,79.4,Laptop
8052,640,38,2023-03-10,2023,3,100.5,82.4,Desktop
8053,283,21,2025-04-16,2025,4,75.6,65.2,Laptop
8054,306,28,2023-09-15,2023,9,112.3,83.2,Smart TV
8055,244,38,2023-01-07,2023,1,39.6,32.5,Mobile
8056,992,24,2023-06-23,2023,6,59.7,59.7,Smart TV
8057,898,48,2024-06-22,2024,6,78.3,64.2,Desktop
8058,375,22,2023-09-19,2023,9,88.4,70.7,Mobile
8059,807,5,2024-05-29,2024,5,69.7,71.1,Desktop
8060,704,23,2025-02-21,2025,2,39.5,35.3,Laptop
8061,385,29,2023-02-14,2023,2,92.3,82.4,Desktop
8062,696,49,2023-08-22,2023,8,83.6,66.9,Smart TV
8063,777,42,2023-12-18,2023,12,98.1,89.2,Smart TV
8064,930,33,2024-12-15,2024,12,36.8,32.0,Laptop
8065,683,5,2024-04-17,2024,4,67.3,68.7,Tablet
8066,248,18,2024-12-18,2024,12,109.1,86.6,Mobile
8067,690,16,2023-04-19,2023,4,65.1,66.4,Smart TV
8068,680,20,2023-01-13,2023,1,55.9,63.5,Smart TV
8069,822,44,2025-02-02,2025,2,62.1,41.4,Laptop
8070,359,31,2023-11-28,2023,11,82.8,86.3,Tablet
8071,354,19,2024-10-25,2024,10,59.6,50.5,Desktop
8072,729,43,2023-07-26,2023,7,86.6,87.5,Desktop
8073,773,26,2024-05-16,2024,5,92.6,79.8,Desktop
8074,347,6,2023-12-30,2023,12,91.4,79.5,Tablet
8075,930,26,2024-06-17,2024,6,105.8,91.2,Mobile
8076,356,23,2025-01-30,2025,1,77.6,69.3,Laptop
8077,374,27,2024-11-24,2024,11,65.1,76.6,Tablet
8078,574,38,2023-11-05,2023,11,116.0,95.1,Desktop
8079,246,27,2025-02-03,2025,2,39.7,46.7,Mobile
8080,350,37,2024-01-15,2024,1,76.7,60.4,Tablet
8081,120,5,2023-08-13,2023,8,50.6,51.6,Smart TV
8082,192,9,2023-09-25,2023,9,114.4,89.4,Mobile
8083,524,10,2024-01-18,2024,1,66.6,65.3,Tablet
8084,69,38,2023-05-12,2023,5,49.5,40.6,Smart TV
8085,657,46,2024-03-15,2024,3,50.6,57.5,Laptop
8086,572,49,2024-12-17,2024,12,109.9,87.9,Desktop
8087,498,36,2023-11-08,2023,11,91.1,72.3,Desktop
8088,772,33,2024-10-04,2024,10,87.6,76.2,Tablet
8089,758,13,2023-03-29,2023,3,73.8,82.0,Mobile
8090,356,11,2024-05-21,2024,5,101.8,77.1,Laptop
8091,726,14,2024-02-03,2024,2,110.3,74.5,Smart TV
8092,185,49,2023-12-22,2023,12,106.2,85.0,Mobile
8093,433,17,2023-05-17,2023,5,66.0,55.0,Mobile
8094,138,31,2023-10-16,2023,10,63.3,65.9,Mobile
8095,114,32,2024-02-04,2024,2,73.6,52.6,Mobile
8096,772,39,2023-04-03,2023,4,55.0,59.8,Tablet
8097,250,30,2024-11-29,2024,11,89.1,78.2,Desktop
8098,372,43,2023-12-21,2023,12,53.8,54.3,Tablet
8099,5,27,2025-03-18,2025,3,36.4,42.8,Tablet
8100,194,23,2024-03-03,2024,3,77.8,69.5,Laptop
8101,503,30,2024-01-18,2024,1,74.2,65.1,Laptop
8102,171,39,2024-06-17,2024,6,28.6,31.1,Laptop
8103,901,1,2024-12-27,2024,12,39.6,33.6,Smart TV
8104,481,14,2023-01-19,2023,1,79.5,53.7,Smart TV
8105,316,34,2023-06-28,2023,6,95.2,80.7,Laptop
8106,886,45,2024-01-26,2024,1,59.1,52.8,Laptop
8107,131,44,2025-01-12,2025,1,81.8,54.5,Laptop
8108,860,27,2023-03-24,2023,3,51.3,60.4,Smart TV
8109,14,16,2024-07-07,2024,7,23.6,24.1,Tablet
8110,878,44,2024-12-21,2024,12,121.8,81.2,Laptop
8111,518,43,2024-02-27,2024,2,92.8,93.7,Mobile
8112,576,22,2023-07-24,2023,7,112.6,90.1,Mobile
8113,728,7,2023-04-07,2023,4,101.9,78.4,Smart TV
8114,515,49,2023-03-22,2023,3,86.6,69.3,Desktop
8115,31,14,2024-10-14,2024,10,96.3,65.1,Tablet
8116,403,15,2024-02-06,2024,2,89.1,78.2,Desktop
8117,312,31,2023-06-29,2023,6,68.5,71.4,Smart TV
8118,163,27,2023-12-01,2023,12,41.2,48.5,Mobile
8119,198,13,2024-12-01,2024,12,26.1,29.0,Smart TV
8120,684,43,2024-09-07,2024,9,57.4,58.0,Mobile
8121,853,15,2024-05-17,2024,5,72.2,63.3,Laptop
8122,649,45,2023-07-22,2023,7,88.4,78.9,Mobile
8123,676,13,2023-06-09,2023,6,63.0,70.0,Smart TV
8124,866,45,2024-04-03,2024,4,103.6,92.5,Laptop
8125,425,29,2025-04-30,2025,4,47.7,42.6,Laptop
8126,49,47,2023-09-13,2023,9,43.4,36.8,Tablet
8127,514,30,2024-07-22,2024,7,43.2,37.9,Mobile
8128,129,45,2025-03-02,2025,3,73.4,65.5,Smart TV
8129,291,40,2023-10-27,2023,10,121.4,84.3,Desktop
8130,74,33,2023-12-31,2023,12,56.1,48.8,Desktop
8131,980,33,2023-09-01,2023,9,82.1,71.4,Smart TV
8132,932,1,2024-12-31,2024,12,46.7,39.6,Mobile
8133,284,38,2024-04-23,2024,4,82.8,67.9,Tablet
8134,275,37,2023-04-02,2023,4,70.9,55.8,Mobile
8135,419,23,2024-03-27,2024,3,74.4,66.4,Laptop
8136,141,33,2023-06-20,2023,6,107.0,93.0,Tablet
8137,112,37,2024-11-02,2024,11,77.9,61.3,Laptop
8138,726,37,2024-11-13,2024,11,108.1,85.1,Smart TV
8139,577,20,2024-07-29,2024,7,55.6,63.2,Laptop
8140,195,43,2025-02-01,2025,2,84.2,85.1,Laptop
8141,470,31,2025-04-08,2025,4,92.2,96.0,Tablet
8142,79,47,2023-09-01,2023,9,106.3,90.1,Desktop
8143,865,28,2023-12-18,2023,12,104.0,77.0,Mobile
8144,796,48,2023-02-04,2023,2,98.3,80.6,Desktop
8145,872,6,2024-12-15,2024,12,73.3,63.7,Laptop
8146,738,26,2025-02-01,2025,2,78.9,68.0,Smart TV
8147,146,14,2024-07-31,2024,7,118.7,80.2,Laptop
8148,983,49,2024-08-28,2024,8,103.4,82.7,Tablet
8149,827,1,2023-04-30,2023,4,88.4,74.9,Laptop
8150,90,10,2024-10-14,2024,10,70.3,68.9,Tablet
8151,393,7,2024-07-29,2024,7,108.5,83.5,Smart TV
8152,420,3,2024-12-23,2024,12,103.0,72.5,Desktop
8153,43,29,2023-05-20,2023,5,24.5,21.9,Smart TV
8154,30,15,2024-10-11,2024,10,92.1,80.8,Desktop
8155,963,36,2023-04-13,2023,4,115.7,91.8,Smart TV
8156,12,49,2024-08-14,2024,8,95.9,76.7,Tablet
8157,873,31,2024-03-14,2024,3,91.1,94.9,Tablet
8158,168,2,2023-07-24,2023,7,96.7,78.0,Smart TV
8159,303,17,2024-05-30,2024,5,64.9,54.1,Tablet
8160,371,27,2024-05-09,2024,5,55.8,65.6,Desktop
8161,645,45,2023-01-03,2023,1,70.0,62.5,Laptop
8162,503,19,2023-07-18,2023,7,88.9,75.3,Tablet
8163,490,3,2023-11-22,2023,11,80.7,56.8,Tablet
8164,207,39,2023-09-07,2023,9,43.0,46.7,Desktop
8165,6,38,2025-01-30,2025,1,118.8,97.4,Laptop
8166,436,36,2024-10-31,2024,10,91.5,72.6,Smart TV
8167,736,43,2023-02-21,2023,2,81.9,82.7,Desktop
8168,992,33,2024-03-15,2024,3,83.6,72.7,Mobile
8169,871,11,2023-12-05,2023,12,70.2,53.2,Mobile
8170,140,38,2025-03-31,2025,3,61.4,50.3,Tablet
8171,131,21,2023-10-06,2023,10,111.0,95.7,Desktop
8172,917,4,2024-12-03,2024,12,36.3,33.0,Laptop
8173,529,4,2023-11-10,2023,11,31.5,28.6,Mobile
8174,799,19,2024-01-31,2024,1,53.3,45.2,Laptop
8175,623,30,2025-02-26,2025,2,93.3,81.8,Mobile
8176,27,5,2024-08-16,2024,8,84.3,86.0,Mobile
8177,462,14,2024-06-15,2024,6,105.5,71.3,Laptop
8178,264,26,2024-03-27,2024,3,104.5,90.1,Smart TV
8179,646,20,2025-01-15,2025,1,40.7,46.2,Tablet
8180,772,37,2023-08-26,2023,8,108.3,85.3,Mobile
8181,568,39,2023-10-10,2023,10,32.8,35.7,Desktop
8182,326,37,2024-01-23,2024,1,90.0,70.9,Desktop
8183,225,10,2023-04-22,2023,4,53.3,52.3,Mobile
8184,359,19,2023-05-09,2023,5,107.4,91.0,Desktop
8185,653,17,2024-11-01,2024,11,101.0,84.2,Smart TV
8186,368,41,2023-03-11,2023,3,51.0,43.2,Desktop
8187,672,3,2023-07-21,2023,7,117.4,82.7,Desktop
8188,308,48,2023-01-15,2023,1,91.3,74.8,Smart TV
8189,678,37,2023-10-17,2023,10,48.4,38.1,Smart TV
8190,322,37,2024-04-04,2024,4,97.5,76.8,Desktop
8191,38,47,2024-11-30,2024,11,64.3,54.5,Smart TV
8192,253,36,2024-07-09,2024,7,101.7,80.7,Tablet
8193,480,25,2024-03-16,2024,3,48.9,33.7,Tablet
8194,852,11,2025-01-15,2025,1,95.3,72.2,Laptop
8195,918,5,2023-07-26,2023,7,73.4,74.9,Mobile
8196,664,14,2024-07-31,2024,7,113.1,76.4,Tablet
8197,564,14,2024-06-30,2024,6,102.1,69.0,Laptop
8198,686,45,2024-10-30,2024,10,58.0,51.8,Desktop
8199,103,33,2023-07-21,2023,7,75.9,66.0,Smart TV
8200,708,49,2024-08-05,2024,8,98.5,78.8,Desktop
8201,894,44,2025-04-18,2025,4,102.5,68.3,Mobile
8202,185,25,2025-02-09,2025,2,93.7,64.6,Desktop
8203,171,1,2024-04-28,2024,4,53.3,45.2,Laptop
8204,573,6,2024-07-18,2024,7,70.4,61.2,Smart TV
8205,229,7,2023-03-21,2023,3,110.5,85.0,Desktop
8206,425,4,2023-12-16,2023,12,74.5,67.7,Tablet
8207,416,29,2024-05-20,2024,5,44.0,39.3,Smart TV
8208,722,43,2024-07-26,2024,7,72.9,73.6,Smart TV
8209,782,3,2023-08-22,2023,8,53.2,37.5,Smart TV
8210,544,29,2023-11-24,2023,11,94.9,84.7,Laptop
8211,35,23,2024-05-30,2024,5,86.2,77.0,Smart TV
8212,244,44,2023-01-14,2023,1,79.5,53.0,Mobile
8213,388,29,2024-05-15,2024,5,81.2,72.5,Mobile
8214,609,42,2023-06-23,2023,6,62.9,57.2,Desktop
8215,484,43,2023-06-29,2023,6,63.7,64.3,Laptop
8216,769,30,2023-03-07,2023,3,58.6,51.4,Tablet
8217,289,37,2024-02-29,2024,2,88.6,69.8,Laptop
8218,715,24,2023-04-08,2023,4,80.1,80.1,Laptop
8219,324,15,2024-04-08,2024,4,71.8,63.0,Smart TV
8220,364,29,2025-01-06,2025,1,66.6,59.5,Laptop
8221,695,34,2024-06-28,2024,6,56.2,47.6,Laptop
8222,143,47,2024-03-05,2024,3,92.4,78.3,Desktop
8223,588,4,2024-12-25,2024,12,48.6,44.2,Desktop
8224,375,7,2025-02-19,2025,2,117.7,90.5,Mobile
8225,323,48,2024-03-19,2024,3,85.2,69.8,Smart TV
8226,807,15,2024-07-10,2024,7,99.5,87.3,Mobile
8227,328,30,2024-03-14,2024,3,66.8,58.6,Tablet
8228,507,3,2024-10-26,2024,10,90.6,63.8,Tablet
8229,769,35,2023-01-10,2023,1,56.1,61.7,Desktop
8230,753,14,2023-03-11,2023,3,128.8,87.0,Smart TV
8231,266,28,2023-11-28,2023,11,108.5,80.4,Smart TV
8232,778,32,2023-11-24,2023,11,100.1,71.5,Tablet
8233,53,16,2024-10-02,2024,10,58.2,59.4,Laptop
8234,386,13,2024-12-05,2024,12,39.3,43.7,Desktop
8235,592,10,2023-09-08,2023,9,60.7,59.5,Laptop
8236,142,18,2025-02-26,2025,2,76.7,60.9,Mobile
8237,348,5,2023-11-21,2023,11,76.0,77.6,Tablet
8238,874,34,2024-10-15,2024,10,54.6,46.3,Smart TV
8239,549,35,2023-01-08,2023,1,39.6,43.5,Smart TV
8240,985,18,2024-11-24,2024,11,103.3,82.0,Smart TV
8241,476,6,2024-01-22,2024,1,50.5,43.9,Desktop
8242,766,43,2024-02-04,2024,2,82.6,83.4,Desktop
8243,932,41,2024-01-22,2024,1,88.4,74.9,Tablet
8244,982,48,2023-09-14,2023,9,85.4,70.0,Smart TV
8245,976,14,2024-10-09,2024,10,102.7,69.4,Smart TV
8246,701,36,2023-12-19,2023,12,98.5,78.2,Laptop
8247,481,36,2025-02-14,2025,2,85.7,68.0,Smart TV
8248,424,34,2023-04-09,2023,4,87.9,74.5,Smart TV
8249,941,8,2025-03-26,2025,3,39.2,41.7,Desktop
8250,975,18,2023-04-03,2023,4,105.1,83.4,Smart TV
8251,956,45,2023-08-17,2023,8,52.5,46.9,Mobile
8252,888,49,2024-02-06,2024,2,63.9,51.1,Smart TV
8253,702,38,2023-09-14,2023,9,106.6,87.4,Mobile
8254,934,33,2024-01-05,2024,1,66.5,57.8,Laptop
8255,285,5,2024-07-06,2024,7,49.7,50.7,Desktop
8256,910,16,2023-03-29,2023,3,55.8,56.9,Mobile
8257,53,15,2023-12-22,2023,12,74.9,65.7,Mobile
8258,208,11,2024-06-01,2024,6,63.4,48.0,Tablet
8259,196,21,2024-11-14,2024,11,69.3,59.7,Desktop
8260,10,20,2024-04-02,2024,4,62.3,70.8,Tablet
8261,369,29,2023-04-13,2023,4,75.2,67.1,Desktop
8262,599,46,2024-03-23,2024,3,30.1,34.2,Smart TV
8263,799,48,2025-03-23,2025,3,77.7,63.7,Desktop
8264,428,12,2024-07-06,2024,7,79.2,66.0,Desktop
8265,322,25,2023-10-27,2023,10,135.0,93.1,Smart TV
8266,306,29,2024-01-31,2024,1,40.5,36.2,Desktop
8267,844,35,2023-06-29,2023,6,57.3,63.0,Laptop
8268,558,29,2023-07-01,2023,7,80.6,72.0,Laptop
8269,405,30,2024-11-11,2024,11,60.8,53.3,Smart TV
8270,80,26,2023-07-27,2023,7,64.5,55.6,Desktop
8271,301,25,2023-02-12,2023,2,62.6,43.2,Smart TV
8272,763,26,2023-06-05,2023,6,83.2,71.7,Mobile
8273,242,14,2024-12-18,2024,12,131.0,88.5,Laptop
8274,624,4,2024-06-11,2024,6,94.0,85.5,Laptop
8275,802,43,2024-05-26,2024,5,57.6,58.2,Mobile
8276,647,6,2024-03-19,2024,3,97.5,84.8,Smart TV
8277,261,42,2024-12-25,2024,12,59.4,54.0,Mobile
8278,235,7,2023-03-04,2023,3,105.2,80.9,Mobile
8279,398,27,2023-08-29,2023,8,48.0,56.5,Smart TV
8280,537,18,2024-01-07,2024,1,108.4,86.0,Laptop
8281,75,19,2025-02-07,2025,2,28.0,23.7,Laptop
8282,465,40,2024-01-23,2024,1,69.3,48.1,Desktop
8283,361,5,2025-02-21,2025,2,64.1,65.4,Desktop
8284,320,34,2024-03-13,2024,3,47.7,40.4,Tablet
8285,749,27,2025-02-04,2025,2,56.4,66.4,Mobile
8286,188,25,2023-01-07,2023,1,85.8,59.2,Desktop
8287,19,41,2023-04-17,2023,4,80.2,68.0,Desktop
8288,676,22,2023-07-24,2023,7,89.5,71.6,Desktop
8289,109,47,2024-01-24,2024,1,104.5,88.6,Smart TV
8290,924,20,2023-10-12,2023,10,21.8,24.8,Tablet
8291,642,32,2024-07-12,2024,7,102.5,73.2,Laptop
8292,482,15,2025-04-27,2025,4,54.4,47.7,Mobile
8293,441,23,2023-02-27,2023,2,98.2,87.7,Laptop
8294,157,14,2025-03-03,2025,3,106.9,72.2,Smart TV
8295,355,18,2025-01-30,2025,1,71.1,56.4,Mobile
8296,472,5,2025-03-30,2025,3,80.0,81.6,Tablet
8297,775,11,2024-09-23,2024,9,94.8,71.8,Mobile
8298,173,16,2024-11-08,2024,11,76.9,78.5,Laptop
8299,655,48,2023-02-01,2023,2,105.2,86.2,Tablet
8300,456,7,2023-09-16,2023,9,94.9,73.0,Smart TV
8301,953,15,2024-11-03,2024,11,59.5,52.2,Mobile
8302,512,49,2023-03-24,2023,3,70.5,56.4,Desktop
8303,779,21,2024-01-01,2024,1,65.4,56.4,Mobile
8304,175,37,2025-03-29,2025,3,110.9,87.3,Smart TV
8305,300,49,2025-02-15,2025,2,93.6,74.9,Smart TV
8306,6,12,2024-06-03,2024,6,111.5,92.9,Desktop
8307,74,23,2025-03-16,2025,3,87.7,78.3,Mobile
8308,522,38,2024-11-27,2024,11,76.7,62.9,Mobile
8309,866,29,2024-02-06,2024,2,82.2,73.4,Mobile
8310,996,11,2024-03-03,2024,3,100.6,76.2,Smart TV
8311,343,3,2023-12-02,2023,12,117.6,82.8,Tablet
8312,755,15,2024-12-30,2024,12,53.1,46.6,Desktop
8313,65,15,2024-09-07,2024,9,67.5,59.2,Mobile
8314,253,45,2025-02-07,2025,2,55.6,49.6,Mobile
8315,760,49,2023-06-22,2023,6,87.9,70.3,Desktop
8316,407,10,2025-03-18,2025,3,96.2,94.3,Desktop
8317,236,33,2023-10-16,2023,10,68.1,59.2,Smart TV
8318,494,42,2024-02-07,2024,2,69.3,63.0,Smart TV
8319,611,38,2024-08-29,2024,8,69.8,57.2,Desktop
8320,776,23,2025-01-25,2025,1,80.9,72.2,Smart TV
8321,231,2,2024-06-19,2024,6,82.1,66.2,Laptop
8322,841,7,2023-10-22,2023,10,95.9,73.8,Smart TV
8323,850,9,2024-08-27,2024,8,100.0,78.1,Desktop
8324,327,2,2023-12-07,2023,12,117.2,94.5,Laptop
8325,960,43,2024-06-07,2024,6,85.9,86.8,Mobile
8326,343,38,2023-01-29,2023,1,104.9,86.0,Mobile
8327,571,9,2023-08-05,2023,8,88.7,69.3,Smart TV
8328,108,4,2024-09-21,2024,9,40.0,36.4,Laptop
8329,296,17,2024-04-26,2024,4,89.5,74.6,Smart TV
8330,582,7,2024-12-09,2024,12,51.1,39.3,Mobile
8331,497,17,2025-01-01,2025,1,32.6,27.2,Smart TV
8332,728,17,2024-01-01,2024,1,78.4,65.3,Desktop
8333,705,18,2024-06-26,2024,6,82.4,65.4,Tablet
8334,773,14,2024-05-05,2024,5,87.5,59.1,Laptop
8335,614,25,2024-02-19,2024,2,93.2,64.3,Mobile
8336,454,9,2023-08-13,2023,8,83.5,65.2,Mobile
8337,786,19,2025-03-25,2025,3,81.9,69.4,Mobile
8338,152,1,2024-07-25,2024,7,51.2,43.4,Mobile
8339,198,28,2024-06-13,2024,6,102.1,75.6,Desktop
8340,655,10,2023-12-31,2023,12,87.9,86.2,Smart TV
8341,810,35,2024-11-25,2024,11,59.1,65.0,Mobile
8342,314,14,2024-08-17,2024,8,82.6,55.8,Laptop
8343,120,26,2023-01-19,2023,1,54.2,46.7,Desktop
8344,793,46,2023-12-03,2023,12,50.2,57.0,Smart TV
8345,707,28,2024-03-04,2024,3,99.9,74.0,Desktop
8346,958,4,2023-08-11,2023,8,86.8,78.9,Mobile
8347,438,13,2024-02-14,2024,2,28.5,31.7,Laptop
8348,154,17,2024-10-25,2024,10,88.3,73.6,Smart TV
8349,347,16,2024-05-14,2024,5,63.5,64.8,Laptop
8350,161,40,2025-04-29,2025,4,126.7,88.0,Desktop
8351,236,49,2024-09-19,2024,9,67.2,53.8,Smart TV
8352,980,40,2025-02-20,2025,2,136.7,94.9,Smart TV
8353,614,24,2023-05-19,2023,5,82.1,82.1,Tablet
8354,43,34,2024-10-31,2024,10,86.0,72.9,Laptop
8355,193,12,2024-09-06,2024,9,101.6,84.7,Tablet
8356,901,16,2023-10-25,2023,10,78.9,80.5,Mobile
8357,96,6,2023-09-18,2023,9,88.3,76.8,Desktop
8358,501,47,2023-11-08,2023,11,81.1,68.7,Laptop
8359,279,47,2024-05-16,2024,5,61.8,52.4,Tablet
8360,877,30,2023-02-07,2023,2,65.9,57.8,Desktop
8361,976,40,2023-02-10,2023,2,107.6,74.7,Tablet
8362,470,35,2023-03-11,2023,3,48.4,53.2,Tablet
8363,881,22,2024-08-11,2024,8,87.4,69.9,Tablet
8364,239,40,2024-01-30,2024,1,60.6,42.1,Mobile
8365,680,13,2025-03-02,2025,3,21.8,24.2,Tablet
8366,211,26,2024-07-08,2024,7,103.6,89.3,Desktop
8367,99,4,2024-06-15,2024,6,96.0,87.3,Mobile
8368,301,8,2024-12-23,2024,12,80.8,86.0,Laptop
8369,440,40,2024-10-16,2024,10,83.5,58.0,Smart TV
8370,33,31,2024-12-31,2024,12,86.1,89.7,Mobile
8371,920,44,2024-05-29,2024,5,117.9,78.6,Desktop
8372,468,43,2024-04-09,2024,4,83.8,84.6,Tablet
8373,976,37,2024-08-25,2024,8,54.5,42.9,Laptop
8374,519,30,2023-07-05,2023,7,62.4,54.7,Smart TV
8375,316,49,2023-03-13,2023,3,56.0,44.8,Laptop
8376,551,22,2024-03-26,2024,3,122.5,98.0,Tablet
8377,461,8,2023-05-29,2023,5,69.2,73.6,Smart TV
8378,563,5,2024-07-20,2024,7,74.0,75.5,Desktop
8379,861,8,2023-06-20,2023,6,66.6,70.9,Desktop
8380,657,35,2024-06-05,2024,6,60.1,66.0,Laptop
8381,592,44,2024-08-19,2024,8,57.3,38.2,Tablet
8382,27,41,2024-06-26,2024,6,69.6,59.0,Laptop
8383,694,36,2025-03-08,2025,3,77.7,61.7,Laptop
8384,198,30,2024-12-31,2024,12,62.0,54.4,Laptop
8385,220,30,2024-03-02,2024,3,59.9,52.5,Desktop
8386,329,24,2024-08-02,2024,8,65.8,65.8,Tablet
8387,23,32,2025-04-21,2025,4,63.4,45.3,Desktop
8388,855,17,2023-09-19,2023,9,88.1,73.4,Mobile
8389,278,48,2023-11-09,2023,11,28.5,23.4,Mobile
8390,765,47,2023-10-06,2023,10,39.8,33.7,Tablet
8391,379,27,2023-02-16,2023,2,60.9,71.7,Mobile
8392,53,47,2024-03-08,2024,3,71.2,60.3,Mobile
8393,456,39,2024-05-12,2024,5,51.2,55.6,Smart TV
8394,181,47,2024-07-29,2024,7,84.0,71.2,Laptop
8395,768,20,2023-06-07,2023,6,38.5,43.7,Laptop
8396,265,38,2024-12-29,2024,12,85.6,70.2,Desktop
8397,153,24,2023-04-28,2023,4,84.4,84.4,Desktop
8398,492,45,2023-07-19,2023,7,95.2,85.0,Tablet
8399,647,21,2023-10-10,2023,10,79.0,68.1,Laptop
8400,521,30,2024-07-27,2024,7,91.7,80.4,Smart TV
8401,978,43,2024-05-10,2024,5,88.7,89.6,Mobile
8402,860,45,2023-11-27,2023,11,57.3,51.2,Desktop
8403,763,45,2023-05-27,2023,5,70.4,62.9,Desktop
8404,57,28,2024-12-10,2024,12,114.5,84.8,Tablet
8405,124,36,2023-11-28,2023,11,65.3,51.8,Tablet
8406,3,41,2023-04-20,2023,4,82.2,69.7,Smart TV
8407,718,2,2023-09-21,2023,9,46.9,37.8,Smart TV
8408,359,25,2025-03-23,2025,3,54.4,37.5,Laptop
8409,124,13,2023-04-12,2023,4,49.3,54.8,Tablet
8410,477,23,2023-06-01,2023,6,78.4,70.0,Mobile
8411,449,8,2023-06-09,2023,6,59.2,63.0,Tablet
8412,106,29,2024-03-16,2024,3,59.7,53.3,Laptop
8413,10,27,2025-03-26,2025,3,35.4,41.7,Tablet
8414,162,37,2025-01-07,2025,1,96.8,76.2,Mobile
8415,705,19,2023-08-04,2023,8,84.5,71.6,Mobile
8416,499,47,2024-02-21,2024,2,81.4,69.0,Smart TV
8417,956,11,2024-03-24,2024,3,44.1,33.4,Laptop
8418,320,16,2023-03-15,2023,3,64.1,65.4,Smart TV
8419,589,5,2023-11-23,2023,11,90.0,91.8,Laptop
8420,908,31,2023-05-10,2023,5,59.3,61.8,Mobile
8421,846,19,2024-01-29,2024,1,100.1,84.8,Desktop
8422,162,42,2023-02-15,2023,2,87.6,79.6,Tablet
8423,636,2,2024-02-05,2024,2,99.3,80.1,Mobile
8424,328,46,2025-03-25,2025,3,23.3,26.5,Smart TV
8425,403,5,2023-09-01,2023,9,66.8,68.2,Tablet
8426,232,6,2023-05-19,2023,5,55.7,48.4,Mobile
8427,836,46,2024-03-18,2024,3,49.9,56.7,Laptop
8428,294,42,2023-01-05,2023,1,67.2,61.1,Smart TV
8429,285,11,2024-10-04,2024,10,124.3,94.2,Mobile
8430,709,27,2024-08-01,2024,8,43.9,51.6,Smart TV
8431,968,33,2025-02-02,2025,2,77.6,67.5,Mobile
8432,478,36,2024-11-12,2024,11,35.2,27.9,Desktop
8433,911,5,2023-09-03,2023,9,59.4,60.6,Laptop
8434,464,15,2023-07-11,2023,7,50.7,44.5,Tablet
8435,795,29,2024-07-25,2024,7,92.6,82.7,Desktop
8436,395,19,2024-01-01,2024,1,72.7,61.6,Laptop
8437,137,27,2023-04-23,2023,4,22.1,26.0,Mobile
8438,753,23,2024-11-12,2024,11,71.2,63.6,Tablet
8439,9,24,2023-06-10,2023,6,76.9,76.9,Laptop
8440,37,36,2024-02-13,2024,2,91.5,72.6,Laptop
8441,297,6,2023-05-10,2023,5,95.9,83.4,Laptop
8442,951,44,2024-08-23,2024,8,112.5,75.0,Desktop
8443,604,28,2024-11-02,2024,11,67.5,50.0,Laptop
8444,575,26,2024-09-03,2024,9,55.7,48.0,Tablet
8445,253,21,2024-03-17,2024,3,36.4,31.4,Tablet
8446,664,12,2023-12-09,2023,12,94.6,78.8,Mobile
8447,375,6,2024-05-09,2024,5,97.2,84.5,Desktop
8448,894,49,2024-04-02,2024,4,100.1,80.1,Laptop
8449,78,38,2023-07-25,2023,7,85.0,69.7,Desktop
8450,257,38,2023-12-09,2023,12,65.5,53.7,Smart TV
8451,466,13,2023-10-01,2023,10,42.0,46.7,Laptop
8452,543,42,2023-01-21,2023,1,86.9,79.0,Desktop
8453,505,28,2024-12-05,2024,12,65.9,48.8,Smart TV
8454,961,18,2024-03-02,2024,3,104.6,83.0,Tablet
8455,284,44,2024-01-21,2024,1,60.0,40.0,Smart TV
8456,962,45,2025-04-03,2025,4,100.8,90.0,Laptop
8457,255,10,2025-04-11,2025,4,48.0,47.1,Laptop
8458,925,29,2023-02-10,2023,2,92.0,82.1,Desktop
8459,98,1,2023-04-20,2023,4,67.8,57.5,Mobile
8460,172,38,2025-01-07,2025,1,83.0,68.0,Desktop
8461,572,35,2023-10-07,2023,10,68.6,75.4,Desktop
8462,901,43,2023-09-15,2023,9,55.2,55.8,Laptop
8463,568,43,2025-02-21,2025,2,89.1,90.0,Mobile
8464,829,9,2024-02-16,2024,2,91.9,71.8,Tablet
8465,773,39,2023-09-13,2023,9,20.7,22.5,Mobile
8466,332,33,2024-07-08,2024,7,97.5,84.8,Desktop
8467,894,1,2023-12-04,2023,12,102.3,86.7,Desktop
8468,43,35,2023-05-04,2023,5,38.9,42.8,Laptop
8469,730,2,2023-12-15,2023,12,120.7,97.3,Desktop
8470,859,48,2023-04-26,2023,4,97.7,80.1,Mobile
8471,348,25,2024-12-28,2024,12,78.2,53.9,Desktop
8472,738,43,2024-03-18,2024,3,84.1,84.9,Desktop
8473,605,3,2024-10-11,2024,10,72.4,51.0,Mobile
8474,797,16,2023-03-12,2023,3,41.6,42.5,Tablet
8475,583,20,2024-03-04,2024,3,33.8,38.4,Mobile
8476,165,19,2024-03-16,2024,3,110.1,93.3,Tablet
8477,795,17,2023-05-28,2023,5,85.6,71.3,Smart TV
8478,723,44,2025-01-11,2025,1,122.2,81.5,Desktop
8479,537,13,2024-02-11,2024,2,26.5,29.4,Laptop
8480,637,33,2025-04-23,2025,4,85.1,74.0,Laptop
8481,599,45,2025-01-11,2025,1,68.2,60.9,Mobile
8482,868,12,2024-02-03,2024,2,29.8,24.8,Desktop
8483,153,1,2023-09-08,2023,9,63.8,54.1,Laptop
8484,763,28,2024-01-14,2024,1,89.9,66.6,Laptop
8485,508,46,2023-05-03,2023,5,48.0,54.5,Tablet
8486,872,33,2024-10-08,2024,10,48.8,42.4,Mobile
8487,293,37,2024-09-30,2024,9,79.2,62.4,Mobile
8488,311,16,2024-05-28,2024,5,72.9,74.4,Tablet
8489,298,42,2023-04-13,2023,4,72.0,65.5,Laptop
8490,41,34,2024-01-30,2024,1,55.9,47.4,Desktop
8491,899,21,2023-07-14,2023,7,97.8,84.3,Smart TV
8492,788,9,2023-08-20,2023,8,39.6,30.9,Smart TV
8493,278,47,2024-07-19,2024,7,106.2,90.0,Tablet
8494,261,7,2023-07-10,2023,7,86.3,66.4,Smart TV
8495,686,37,2024-01-08,2024,1,108.1,85.1,Laptop
8496,502,17,2023-11-25,2023,11,87.8,73.2,Mobile
8497,517,48,2023-01-14,2023,1,97.4,79.8,Desktop
8498,205,37,2023-09-09,2023,9,76.6,60.3,Mobile
8499,531,15,2024-01-13,2024,1,65.7,57.6,Laptop
8500,861,10,2024-11-22,2024,11,79.2,77.6,Desktop
8501,544,23,2024-08-01,2024,8,82.1,73.3,Desktop
8502,128,38,2023-06-26,2023,6,35.3,28.9,Desktop
8503,393,24,2024-01-26,2024,1,76.5,76.5,Smart TV
8504,380,43,2024-09-04,2024,9,65.7,66.4,Smart TV
8505,975,30,2024-03-22,2024,3,91.0,79.8,Smart TV
8506,246,27,2024-07-05,2024,7,62.4,73.4,Tablet
8507,349,15,2023-09-18,2023,9,51.6,45.3,Smart TV
8508,628,48,2024-09-13,2024,9,98.2,80.5,Laptop
8509,989,22,2024-10-12,2024,10,120.8,96.6,Desktop
8510,841,48,2025-03-08,2025,3,112.6,92.3,Smart TV
8511,927,9,2024-06-10,2024,6,37.9,29.6,Tablet
8512,510,6,2024-11-25,2024,11,108.4,94.3,Tablet
8513,134,37,2023-10-31,2023,10,80.5,63.4,Mobile
8514,137,48,2024-01-31,2024,1,95.9,78.6,Desktop
8515,294,18,2024-04-10,2024,4,68.2,54.1,Laptop
8516,683,14,2023-10-12,2023,10,62.6,42.3,Laptop
8517,714,16,2024-09-28,2024,9,38.7,39.5,Smart TV
8518,191,16,2025-01-23,2025,1,78.7,80.3,Desktop
8519,442,43,2025-02-05,2025,2,66.4,67.1,Tablet
8520,878,37,2024-10-14,2024,10,45.8,36.1,Tablet
8521,433,41,2024-05-13,2024,5,109.7,93.0,Laptop
8522,482,31,2024-10-23,2024,10,74.4,77.5,Mobile
8523,730,7,2023-03-23,2023,3,102.3,78.7,Mobile
8524,303,1,2024-07-18,2024,7,64.4,54.6,Laptop
8525,253,48,2024-04-24,2024,4,105.4,86.4,Smart TV
8526,404,2,2025-03-22,2025,3,50.8,41.0,Desktop
8527,458,31,2024-12-29,2024,12,66.9,69.7,Desktop
8528,772,23,2024-10-21,2024,10,60.5,54.0,Laptop
8529,146,9,2023-11-29,2023,11,68.1,53.2,Smart TV
8530,964,40,2023-05-13,2023,5,66.8,46.4,Smart TV
8531,369,49,2024-05-19,2024,5,87.2,69.8,Smart TV
8532,467,30,2023-09-16,2023,9,72.3,63.4,Laptop
8533,50,11,2023-04-20,2023,4,103.6,78.5,Desktop
8534,539,23,2023-07-11,2023,7,47.0,42.0,Laptop
8535,539,20,2024-03-18,2024,3,39.8,45.2,Tablet
8536,195,34,2023-08-24,2023,8,88.5,75.0,Tablet
8537,729,35,2024-05-15,2024,5,54.6,60.0,Laptop
8538,181,2,2025-02-15,2025,2,102.2,82.4,Laptop
8539,474,22,2024-12-05,2024,12,96.2,77.0,Desktop
8540,791,36,2023-09-10,2023,9,80.4,63.8,Desktop
8541,811,39,2023-11-15,2023,11,53.9,58.6,Tablet
8542,591,45,2025-01-09,2025,1,96.0,85.7,Desktop
8543,182,34,2023-12-15,2023,12,65.4,55.4,Mobile
8544,154,21,2023-11-14,2023,11,76.6,66.0,Tablet
8545,730,43,2024-12-21,2024,12,77.1,77.9,Desktop
8546,974,19,2024-02-26,2024,2,97.1,82.3,Tablet
8547,661,29,2024-06-21,2024,6,88.3,78.8,Mobile
8548,533,49,2024-08-06,2024,8,89.8,71.8,Tablet
8549,221,46,2024-02-29,2024,2,28.8,32.7,Smart TV
8550,891,37,2023-11-30,2023,11,97.4,76.7,Laptop
8551,799,41,2023-12-02,2023,12,112.0,94.9,Desktop
8552,139,46,2023-03-08,2023,3,54.8,62.3,Tablet
8553,178,15,2024-10-09,2024,10,70.2,61.6,Mobile
8554,90,40,2023-10-15,2023,10,99.2,68.9,Tablet
8555,500,37,2024-03-08,2024,3,59.4,46.8,Smart TV
8556,518,38,2024-01-24,2024,1,107.6,88.2,Laptop
8557,300,37,2024-09-29,2024,9,111.6,87.9,Tablet
8558,584,6,2024-12-25,2024,12,80.4,69.9,Smart TV
8559,830,9,2023-01-21,2023,1,44.9,35.1,Mobile
8560,24,2,2023-04-10,2023,4,101.8,82.1,Smart TV
8561,517,27,2024-11-14,2024,11,25.7,30.2,Smart TV
8562,328,6,2023-11-26,2023,11,81.0,70.4,Desktop
8563,349,7,2023-09-17,2023,9,113.6,87.4,Mobile
8564,579,45,2024-02-12,2024,2,76.3,68.1,Mobile
8565,680,33,2023-01-09,2023,1,26.3,22.9,Laptop
8566,647,23,2024-06-11,2024,6,89.7,80.1,Smart TV
8567,280,11,2024-11-05,2024,11,66.1,50.1,Laptop
8568,898,47,2024-12-09,2024,12,88.9,75.3,Tablet
8569,434,23,2024-12-21,2024,12,87.9,78.5,Desktop
8570,305,34,2023-07-23,2023,7,102.3,86.7,Laptop
8571,118,30,2023-05-08,2023,5,85.7,75.2,Smart TV
8572,761,22,2023-03-07,2023,3,63.2,50.6,Smart TV
8573,886,17,2023-07-30,2023,7,99.4,82.8,Smart TV
8574,336,15,2024-03-18,2024,3,78.8,69.1,Tablet
8575,697,31,2024-05-24,2024,5,65.4,68.1,Laptop
8576,925,47,2025-03-16,2025,3,100.7,85.3,Tablet
8577,819,22,2024-06-28,2024,6,108.5,86.8,Laptop
8578,50,14,2024-11-12,2024,11,57.7,39.0,Laptop
8579,726,42,2024-08-27,2024,8,74.5,67.7,Mobile
8580,263,1,2024-04-26,2024,4,106.0,89.8,Mobile
8581,645,44,2024-10-04,2024,10,76.2,50.8,Desktop
8582,31,27,2023-03-29,2023,3,76.8,90.4,Desktop
8583,37,31,2023-09-28,2023,9,94.0,97.9,Tablet
8584,909,46,2024-02-27,2024,2,52.4,59.6,Laptop
8585,486,10,2025-03-23,2025,3,88.0,86.3,Mobile
8586,471,8,2025-02-07,2025,2,46.1,49.0,Smart TV
8587,378,25,2024-03-09,2024,3,103.0,71.0,Smart TV
8588,802,48,2023-02-21,2023,2,65.5,53.7,Laptop
8589,776,13,2024-02-01,2024,2,68.3,75.9,Desktop
8590,381,46,2023-05-28,2023,5,45.0,51.1,Tablet
8591,746,48,2024-01-24,2024,1,86.0,70.5,Laptop
8592,747,1,2024-04-30,2024,4,110.9,94.0,Mobile
8593,765,4,2024-11-08,2024,11,78.1,71.0,Desktop
8594,706,15,2024-10-30,2024,10,86.2,75.6,Tablet
8595,862,25,2023-10-02,2023,10,133.4,92.0,Tablet
8596,768,44,2023-03-15,2023,3,76.3,50.9,Tablet
8597,91,17,2024-09-16,2024,9,96.2,80.2,Desktop
8598,210,43,2024-02-19,2024,2,78.2,79.0,Smart TV
8599,110,37,2024-02-09,2024,2,63.9,50.3,Tablet
8600,342,26,2024-12-15,2024,12,68.9,59.4,Smart TV
8601,595,49,2023-02-09,2023,2,93.9,75.1,Mobile
8602,645,39,2023-12-11,2023,12,83.4,90.7,Smart TV
8603,17,4,2024-10-29,2024,10,71.8,65.3,Tablet
8604,149,46,2023-05-01,2023,5,26.1,29.7,Mobile
8605,399,17,2023-02-27,2023,2,81.7,68.1,Tablet
8606,892,48,2025-04-09,2025,4,98.7,80.9,Mobile
8607,893,20,2024-05-28,2024,5,38.4,43.6,Laptop
8608,784,49,2023-07-20,2023,7,109.6,87.7,Tablet
8609,767,41,2024-11-17,2024,11,91.2,77.3,Desktop
8610,426,24,2023-06-13,2023,6,70.1,70.1,Smart TV
8611,784,39,2023-11-21,2023,11,56.8,61.7,Tablet
8612,472,31,2024-12-14,2024,12,36.3,37.8,Laptop
8613,306,34,2024-08-29,2024,8,88.6,75.1,Mobile
8614,486,6,2023-07-06,2023,7,92.0,80.0,Desktop
8615,394,39,2025-02-22,2025,2,31.8,34.6,Laptop
8616,721,36,2023-07-07,2023,7,118.9,94.4,Tablet
8617,10,4,2024-11-03,2024,11,50.3,45.7,Smart TV
8618,223,45,2025-04-25,2025,4,48.6,43.4,Smart TV
8619,401,33,2024-08-08,2024,8,59.6,51.8,Laptop
8620,431,2,2023-06-10,2023,6,47.5,38.3,Tablet
8621,777,35,2024-07-02,2024,7,48.1,52.9,Tablet
8622,86,45,2023-05-19,2023,5,92.0,82.1,Mobile
8623,539,18,2023-06-26,2023,6,101.2,80.3,Laptop
8624,65,47,2024-08-27,2024,8,74.2,62.9,Tablet
8625,771,6,2024-04-29,2024,4,77.7,67.6,Laptop
8626,345,36,2024-09-06,2024,9,61.1,48.5,Smart TV
8627,710,24,2024-01-06,2024,1,88.1,88.1,Desktop
8628,331,36,2024-05-17,2024,5,99.4,78.9,Tablet
8629,200,1,2025-03-13,2025,3,93.1,78.9,Smart TV
8630,561,46,2023-07-01,2023,7,39.5,44.9,Smart TV
8631,366,10,2024-07-10,2024,7,88.5,86.8,Desktop
8632,628,32,2023-04-17,2023,4,89.7,64.1,Smart TV
8633,360,39,2024-10-26,2024,10,54.3,59.0,Smart TV
8634,421,34,2024-11-11,2024,11,70.9,60.1,Tablet
8635,273,27,2023-10-11,2023,10,43.2,50.8,Tablet
8636,701,10,2024-06-16,2024,6,56.8,55.7,Mobile
8637,946,8,2024-07-17,2024,7,65.2,69.4,Mobile
8638,539,35,2023-02-20,2023,2,53.5,58.8,Tablet
8639,758,20,2025-04-18,2025,4,46.1,52.4,Mobile
8640,766,44,2023-12-13,2023,12,109.7,73.1,Mobile
8641,328,34,2023-01-11,2023,1,51.7,43.8,Desktop
8642,927,42,2024-07-23,2024,7,97.3,88.5,Tablet
8643,499,39,2024-05-18,2024,5,43.4,47.2,Tablet
8644,446,6,2024-08-25,2024,8,61.2,53.2,Desktop
8645,831,47,2024-07-15,2024,7,109.3,92.6,Tablet
8646,199,25,2025-03-15,2025,3,112.2,77.4,Tablet
8647,782,22,2023-09-06,2023,9,114.0,91.2,Smart TV
8648,308,29,2024-03-29,2024,3,64.8,57.9,Desktop
8649,419,15,2023-07-23,2023,7,105.5,92.5,Desktop
8650,916,10,2023-06-09,2023,6,85.9,84.2,Tablet
8651,942,11,2024-05-29,2024,5,58.6,44.4,Mobile
8652,354,1,2023-07-05,2023,7,63.4,53.7,Laptop
8653,212,36,2024-10-16,2024,10,89.3,70.9,Laptop
8654,321,4,2023-11-27,2023,11,102.7,93.4,Mobile
8655,615,19,2023-01-09,2023,1,71.7,60.8,Mobile
8656,259,31,2023-05-14,2023,5,79.2,82.5,Mobile
8657,640,31,2024-10-18,2024,10,71.1,74.1,Smart TV
8658,610,5,2023-10-04,2023,10,62.2,63.5,Tablet
8659,242,27,2024-01-22,2024,1,52.0,61.2,Laptop
8660,595,8,2024-09-13,2024,9,53.5,56.9,Laptop
8661,497,47,2023-08-26,2023,8,76.7,65.0,Laptop
8662,210,40,2024-03-27,2024,3,112.2,77.9,Desktop
8663,359,34,2024-04-06,2024,4,99.9,84.7,Desktop
8664,766,39,2024-11-30,2024,11,73.4,79.8,Laptop
8665,464,8,2023-09-08,2023,9,61.4,65.3,Desktop
8666,260,17,2023-09-28,2023,9,111.5,92.9,Desktop
8667,956,25,2023-03-08,2023,3,130.6,90.1,Smart TV
8668,865,37,2023-11-24,2023,11,64.4,50.7,Tablet
8669,257,31,2024-05-03,2024,5,67.3,70.1,Smart TV
8670,450,41,2023-06-11,2023,6,47.6,40.3,Smart TV
8671,520,18,2024-06-11,2024,6,86.4,68.6,Laptop
8672,393,5,2025-03-15,2025,3,63.5,64.8,Desktop
8673,775,37,2024-06-15,2024,6,88.1,69.4,Laptop
8674,505,38,2024-11-15,2024,11,88.9,72.9,Smart TV
8675,130,47,2023-07-11,2023,7,100.4,85.1,Mobile
8676,655,2,2023-03-03,2023,3,75.6,61.0,Mobile
8677,328,19,2023-12-26,2023,12,96.8,82.0,Tablet
8678,236,25,2023-11-26,2023,11,106.6,73.5,Laptop
8679,34,21,2025-01-16,2025,1,86.2,74.3,Desktop
8680,230,18,2023-11-07,2023,11,114.0,90.5,Laptop
8681,419,9,2024-11-04,2024,11,105.0,82.0,Tablet
8682,106,9,2023-07-12,2023,7,97.7,76.3,Smart TV
8683,961,4,2025-03-04,2025,3,104.5,95.0,Tablet
8684,345,16,2023-07-27,2023,7,62.7,64.0,Smart TV
8685,898,46,2024-01-13,2024,1,51.5,58.5,Desktop
8686,687,35,2023-01-21,2023,1,84.3,92.6,Smart TV
8687,516,12,2025-01-17,2025,1,96.6,80.5,Desktop
8688,414,1,2024-06-21,2024,6,83.2,70.5,Tablet
8689,783,41,2023-11-30,2023,11,91.3,77.4,Desktop
8690,668,36,2023-05-30,2023,5,105.3,83.6,Tablet
8691,195,30,2024-03-11,2024,3,63.7,55.9,Desktop
8692,955,31,2024-04-11,2024,4,51.6,53.8,Desktop
8693,743,16,2024-03-23,2024,3,84.7,86.4,Tablet
8694,28,37,2024-05-26,2024,5,99.7,78.5,Tablet
8695,516,21,2023-12-10,2023,12,109.7,94.6,Mobile
8696,703,42,2023-10-27,2023,10,63.8,58.0,Laptop
8697,678,3,2024-03-30,2024,3,114.3,80.5,Desktop
8698,410,11,2024-09-16,2024,9,117.2,88.8,Mobile
8699,703,6,2023-01-18,2023,1,104.4,90.8,Desktop
8700,237,46,2023-07-06,2023,7,34.6,39.3,Laptop
8701,152,29,2024-06-13,2024,6,54.5,48.7,Laptop
8702,396,16,2023-01-17,2023,1,60.4,61.6,Laptop
8703,687,6,2025-01-25,2025,1,72.1,62.7,Tablet
8704,124,5,2024-04-14,2024,4,42.6,43.5,Desktop
8705,861,47,2025-03-18,2025,3,80.2,68.0,Laptop
8706,821,41,2023-11-20,2023,11,87.0,73.7,Desktop
8707,806,36,2024-04-16,2024,4,99.7,79.1,Desktop
8708,688,33,2023-11-08,2023,11,30.0,26.1,Laptop
8709,729,21,2025-02-22,2025,2,60.7,52.3,Desktop
8710,826,1,2024-01-09,2024,1,61.2,51.9,Tablet
8711,347,40,2024-10-03,2024,10,100.5,69.8,Tablet
8712,535,14,2024-09-26,2024,9,136.0,91.9,Mobile
8713,788,30,2025-01-28,2025,1,91.5,80.3,Mobile
8714,358,6,2025-03-27,2025,3,59.1,51.4,Mobile
8715,419,39,2024-03-01,2024,3,28.6,31.1,Smart TV
8716,548,7,2023-11-22,2023,11,84.4,64.9,Smart TV
8717,567,29,2025-03-11,2025,3,36.0,32.1,Smart TV
8718,496,34,2023-12-08,2023,12,64.0,54.2,Desktop
8719,899,36,2025-02-28,2025,2,61.0,48.4,Laptop
8720,984,47,2024-08-10,2024,8,58.8,49.8,Mobile
8721,229,31,2023-04-16,2023,4,67.1,69.9,Mobile
8722,892,28,2024-12-06,2024,12,69.7,51.6,Mobile
8723,849,34,2024-01-16,2024,1,85.5,72.5,Mobile
8724,418,36,2023-09-25,2023,9,100.3,79.6,Desktop
8725,210,28,2025-03-08,2025,3,123.0,91.1,Desktop
8726,952,8,2024-03-09,2024,3,40.6,43.2,Tablet
8727,436,22,2024-11-13,2024,11,83.0,66.4,Tablet
8728,487,31,2024-01-16,2024,1,93.8,97.7,Laptop
8729,578,23,2024-04-04,2024,4,94.0,83.9,Laptop
8730,298,7,2025-04-10,2025,4,31.2,24.0,Tablet
8731,493,43,2023-05-14,2023,5,62.3,62.9,Mobile
8732,301,3,2023-07-03,2023,7,87.0,61.3,Desktop
8733,667,40,2025-01-25,2025,1,102.4,71.1,Mobile
8734,27,41,2024-07-07,2024,7,105.8,89.7,Laptop
8735,542,29,2023-06-04,2023,6,59.5,53.1,Tablet
8736,516,19,2025-02-13,2025,2,74.7,63.3,Tablet
8737,645,10,2023-02-17,2023,2,73.7,72.3,Smart TV
8738,296,8,2023-01-17,2023,1,31.5,33.5,Mobile
8739,809,30,2025-01-22,2025,1,105.2,92.3,Laptop
8740,594,16,2023-04-30,2023,4,64.7,66.0,Mobile
8741,536,43,2023-05-02,2023,5,66.5,67.2,Mobile
8742,89,22,2024-10-12,2024,10,79.6,63.7,Tablet
8743,993,28,2023-04-02,2023,4,73.8,54.7,Laptop
8744,18,46,2023-10-10,2023,10,58.3,66.2,Mobile
8745,44,3,2025-04-29,2025,4,85.6,60.3,Desktop
8746,309,3,2024-10-18,2024,10,104.7,73.7,Smart TV
8747,134,41,2024-05-04,2024,5,36.6,31.0,Desktop
8748,638,44,2023-02-08,2023,2,135.9,90.6,Tablet
8749,318,39,2025-03-19,2025,3,42.4,46.1,Tablet
8750,665,23,2025-01-26,2025,1,89.8,80.2,Desktop
8751,969,3,2024-11-25,2024,11,77.0,54.2,Tablet
8752,217,36,2023-08-11,2023,8,82.9,65.8,Tablet
8753,144,11,2023-11-08,2023,11,83.7,63.4,Desktop
8754,939,48,2023-04-10,2023,4,85.6,70.2,Desktop
8755,748,15,2023-08-30,2023,8,71.4,62.6,Laptop
8756,893,42,2024-11-14,2024,11,56.0,50.9,Laptop
8757,663,41,2025-03-13,2025,3,90.2,76.4,Tablet
8758,412,45,2023-09-11,2023,9,88.6,79.1,Mobile
8759,789,3,2025-01-17,2025,1,47.6,33.5,Laptop
8760,217,38,2024-12-28,2024,12,89.5,73.4,Laptop
8761,719,47,2024-07-17,2024,7,103.1,87.4,Desktop
8762,819,48,2024-03-03,2024,3,86.4,70.8,Smart TV
8763,863,21,2023-04-17,2023,4,69.1,59.6,Desktop
8764,386,8,2025-01-26,2025,1,58.8,62.5,Desktop
8765,968,29,2023-08-04,2023,8,44.4,39.6,Mobile
8766,976,38,2024-05-28,2024,5,114.6,93.9,Tablet
8767,993,27,2024-06-30,2024,6,30.0,35.3,Mobile
8768,236,41,2024-07-12,2024,7,69.7,59.1,Desktop
8769,112,44,2023-07-04,2023,7,110.2,73.5,Laptop
8770,56,7,2024-01-26,2024,1,73.1,56.2,Laptop
8771,950,27,2024-01-30,2024,1,45.5,53.5,Smart TV
8772,115,10,2023-12-24,2023,12,54.8,53.7,Mobile
8773,131,29,2024-02-17,2024,2,84.7,75.6,Tablet
8774,405,12,2025-02-27,2025,2,104.9,87.4,Desktop
8775,364,32,2025-03-21,2025,3,115.2,82.3,Desktop
8776,965,20,2024-05-15,2024,5,23.9,27.2,Mobile
8777,647,37,2024-10-25,2024,10,90.6,71.3,Tablet
8778,123,30,2023-08-26,2023,8,89.1,78.2,Mobile
8779,777,22,2025-03-03,2025,3,88.5,70.8,Tablet
8780,38,18,2023-06-26,2023,6,81.4,64.6,Mobile
8781,272,17,2024-04-03,2024,4,49.6,41.3,Tablet
8782,341,3,2023-09-29,2023,9,80.8,56.9,Mobile
8783,379,12,2024-03-16,2024,3,68.3,56.9,Laptop
8784,699,43,2024-05-27,2024,5,81.2,82.0,Smart TV
8785,614,27,2025-01-26,2025,1,59.1,69.5,Laptop
8786,264,6,2024-11-06,2024,11,91.1,79.2,Desktop
8787,818,8,2023-08-13,2023,8,69.7,74.1,Desktop
8788,46,17,2024-09-01,2024,9,85.6,71.3,Tablet
8789,139,2,2024-09-09,2024,9,63.7,51.4,Desktop
8790,828,13,2024-03-30,2024,3,49.1,54.6,Laptop
8791,754,11,2023-11-16,2023,11,117.5,89.0,Tablet
8792,687,27,2023-01-03,2023,1,50.2,59.1,Mobile
8793,319,28,2023-09-25,2023,9,116.6,86.4,Laptop
8794,4,11,2024-03-21,2024,3,105.7,80.1,Smart TV
8795,361,13,2023-10-17,2023,10,47.3,52.6,Tablet
8796,89,36,2023-07-22,2023,7,59.6,47.3,Tablet
8797,738,10,2023-04-01,2023,4,54.0,52.9,Laptop
8798,962,8,2024-12-05,2024,12,30.1,32.0,Mobile
8799,590,43,2023-12-27,2023,12,57.1,57.7,Smart TV
8800,892,41,2024-01-06,2024,1,98.4,83.4,Tablet
8801,348,1,2024-01-12,2024,1,77.5,65.7,Desktop
8802,516,41,2023-03-05,2023,3,84.4,71.5,Laptop
8803,663,34,2023-06-26,2023,6,94.6,80.2,Tablet
8804,161,31,2023-03-15,2023,3,46.1,48.0,Smart TV
8805,211,20,2023-02-03,2023,2,37.1,42.2,Desktop
8806,217,32,2024-06-26,2024,6,127.8,91.3,Smart TV
8807,156,27,2024-04-26,2024,4,39.5,46.5,Smart TV
8808,900,27,2023-05-09,2023,5,68.7,80.8,Tablet
8809,450,19,2024-03-20,2024,3,104.0,88.1,Laptop
8810,934,33,2025-03-23,2025,3,82.1,71.4,Mobile
8811,595,41,2023-10-27,2023,10,97.9,83.0,Desktop
8812,993,29,2024-10-17,2024,10,90.3,80.6,Laptop
8813,598,44,2023-06-04,2023,6,141.9,94.6,Laptop
8814,275,39,2024-09-17,2024,9,29.5,32.1,Tablet
8815,501,23,2024-10-14,2024,10,98.8,88.2,Smart TV
8816,888,47,2025-02-07,2025,2,104.1,88.2,Tablet
8817,517,17,2024-12-27,2024,12,102.1,85.1,Mobile
8818,932,44,2023-12-05,2023,12,81.9,54.6,Tablet
8819,920,29,2024-10-23,2024,10,79.6,71.1,Smart TV
8820,33,13,2023-03-19,2023,3,71.7,79.7,Smart TV
8821,896,7,2024-05-10,2024,5,88.9,68.4,Mobile
8822,350,16,2023-11-06,2023,11,33.9,34.6,Smart TV
8823,568,44,2024-06-30,2024,6,80.8,53.9,Smart TV
8824,105,42,2023-11-23,2023,11,92.7,84.3,Mobile
8825,525,2,2023-04-18,2023,4,81.2,65.5,Laptop
8826,554,1,2023-06-11,2023,6,66.1,56.0,Smart TV
8827,551,4,2023-05-03,2023,5,96.4,87.6,Smart TV
8828,513,34,2024-12-10,2024,12,96.6,81.9,Desktop
8829,660,24,2023-07-18,2023,7,39.3,39.3,Laptop
8830,283,43,2023-09-04,2023,9,73.4,74.1,Desktop
8831,931,7,2024-01-04,2024,1,91.3,70.2,Laptop
8832,829,6,2023-11-22,2023,11,86.1,74.9,Mobile
8833,23,44,2024-01-22,2024,1,125.2,83.5,Mobile
8834,513,27,2023-07-07,2023,7,45.9,54.0,Mobile
8835,297,26,2023-02-08,2023,2,107.1,92.3,Tablet
8836,935,42,2023-06-28,2023,6,93.4,84.9,Laptop
8837,884,32,2024-07-19,2024,7,108.6,77.6,Smart TV
8838,149,22,2023-04-18,2023,4,97.0,77.6,Desktop
8839,714,10,2024-03-12,2024,3,95.1,93.2,Mobile
8840,966,16,2023-12-12,2023,12,34.3,35.0,Tablet
8841,129,5,2023-03-03,2023,3,26.0,26.5,Laptop
8842,888,31,2024-09-20,2024,9,85.0,88.5,Tablet
8843,946,42,2023-01-19,2023,1,71.8,65.3,Desktop
8844,906,34,2023-03-07,2023,3,40.0,33.9,Desktop
8845,490,42,2023-12-29,2023,12,56.0,50.9,Tablet
8846,544,26,2024-03-04,2024,3,105.6,91.0,Mobile
8847,547,14,2024-03-04,2024,3,108.9,73.6,Tablet
8848,571,44,2023-06-17,2023,6,66.5,44.3,Mobile
8849,454,15,2024-04-27,2024,4,109.2,95.8,Mobile
8850,539,44,2024-04-09,2024,4,61.0,40.7,Laptop
8851,773,13,2024-08-15,2024,8,58.3,64.8,Desktop
8852,916,10,2023-01-27,2023,1,91.6,89.8,Laptop
8853,866,48,2024-11-11,2024,11,79.4,65.1,Tablet
8854,816,3,2024-05-08,2024,5,37.1,26.1,Smart TV
8855,668,19,2024-05-19,2024,5,69.0,58.5,Laptop
8856,915,42,2024-04-04,2024,4,84.6,76.9,Desktop
8857,864,34,2024-09-22,2024,9,58.9,49.9,Smart TV
8858,173,30,2023-08-22,2023,8,82.8,72.6,Laptop
8859,962,12,2023-06-06,2023,6,90.8,75.7,Smart TV
8860,178,9,2024-08-11,2024,8,87.8,68.6,Smart TV
8861,988,21,2023-09-20,2023,9,39.3,33.9,Laptop
8862,607,43,2024-11-23,2024,11,55.4,56.0,Laptop
8863,502,24,2023-10-26,2023,10,54.9,54.9,Mobile
8864,519,35,2024-02-16,2024,2,48.2,53.0,Laptop
8865,466,35,2023-02-23,2023,2,67.2,73.9,Desktop
8866,178,48,2023-10-04,2023,10,100.8,82.6,Smart TV
8867,410,27,2024-09-05,2024,9,39.2,46.1,Laptop
8868,369,41,2024-10-27,2024,10,75.0,63.6,Mobile
8869,287,22,2024-07-11,2024,7,69.5,55.6,Tablet
8870,370,3,2023-01-14,2023,1,124.5,87.7,Tablet
8871,766,30,2023-02-02,2023,2,87.3,76.6,Mobile
8872,750,13,2023-04-29,2023,4,35.2,39.1,Mobile
8873,813,15,2025-02-23,2025,2,72.3,63.4,Desktop
8874,724,33,2023-01-03,2023,1,67.0,58.3,Smart TV
8875,243,8,2025-04-05,2025,4,63.0,67.0,Desktop
8876,431,17,2023-01-19,2023,1,53.4,44.5,Mobile
8877,320,26,2023-02-01,2023,2,48.4,41.7,Desktop
8878,694,13,2023-08-02,2023,8,18.3,20.3,Tablet
8879,171,12,2025-04-08,2025,4,113.0,94.2,Mobile
8880,704,37,2023-08-01,2023,8,50.8,40.0,Tablet
8881,762,18,2023-05-14,2023,5,104.5,82.9,Tablet
8882,858,15,2023-08-25,2023,8,51.0,44.7,Mobile
8883,300,4,2024-07-16,2024,7,101.8,92.5,Smart TV
8884,108,1,2023-03-07,2023,3,82.2,69.7,Tablet
8885,124,39,2025-03-24,2025,3,46.6,50.6,Laptop
8886,48,22,2025-02-19,2025,2,54.9,43.9,Desktop
8887,371,2,2024-07-21,2024,7,49.1,39.6,Mobile
8888,6,49,2025-04-13,2025,4,77.0,61.6,Tablet
8889,818,15,2024-10-14,2024,10,72.0,63.2,Tablet
8890,232,24,2024-09-04,2024,9,63.8,63.8,Tablet
8891,819,28,2023-09-02,2023,9,85.6,63.4,Laptop
8892,113,16,2024-10-29,2024,10,90.1,91.9,Smart TV
8893,722,12,2025-04-05,2025,4,108.8,90.7,Desktop
8894,803,49,2024-01-21,2024,1,87.4,69.9,Mobile
8895,56,26,2024-02-29,2024,2,71.0,61.2,Tablet
8896,23,11,2023-10-29,2023,10,99.0,75.0,Smart TV
8897,376,29,2024-03-26,2024,3,76.2,68.0,Mobile
8898,681,20,2024-08-16,2024,8,51.4,58.4,Tablet
8899,346,13,2023-06-04,2023,6,53.5,59.5,Desktop
8900,953,40,2024-05-20,2024,5,115.3,80.1,Laptop
8901,168,26,2023-05-05,2023,5,70.2,60.5,Tablet
8902,967,34,2024-10-01,2024,10,95.0,80.5,Desktop
8903,610,46,2023-04-29,2023,4,61.2,69.5,Smart TV
8904,102,31,2023-04-19,2023,4,58.2,60.6,Mobile
8905,96,5,2023-09-22,2023,9,46.5,47.4,Smart TV
8906,300,45,2025-04-05,2025,4,79.5,71.0,Laptop
8907,909,20,2024-03-02,2024,3,28.3,32.2,Smart TV
8908,455,5,2025-01-28,2025,1,74.0,75.5,Laptop
8909,95,37,2023-01-01,2023,1,101.1,79.6,Tablet
8910,612,21,2023-11-14,2023,11,103.6,89.3,Laptop
8911,671,4,2024-07-09,2024,7,69.1,62.8,Mobile
8912,197,17,2023-01-08,2023,1,106.4,88.7,Mobile
8913,956,32,2024-02-17,2024,2,123.3,88.1,Mobile
8914,473,2,2024-02-01,2024,2,53.7,43.3,Mobile
8915,117,7,2024-11-19,2024,11,59.3,45.6,Smart TV
8916,546,15,2023-04-03,2023,4,89.8,78.8,Desktop
8917,647,42,2023-03-31,2023,3,75.5,68.6,Mobile
8918,961,16,2023-11-22,2023,11,68.0,69.4,Tablet
8919,367,28,2023-09-23,2023,9,37.8,28.0,Mobile
8920,584,5,2024-11-12,2024,11,64.7,66.0,Laptop
8921,298,9,2025-03-10,2025,3,83.8,65.5,Mobile
8922,727,29,2024-07-20,2024,7,95.5,85.3,Smart TV
8923,873,19,2023-03-18,2023,3,53.5,45.3,Laptop
8924,211,18,2025-02-19,2025,2,100.5,79.8,Laptop
8925,984,43,2024-12-25,2024,12,95.0,96.0,Mobile
8926,857,8,2023-09-17,2023,9,55.0,58.5,Laptop
8927,675,26,2024-03-22,2024,3,55.0,47.4,Desktop
8928,150,9,2023-08-23,2023,8,118.3,92.4,Mobile
8929,660,28,2023-10-28,2023,10,61.6,45.6,Mobile
8930,816,6,2024-03-08,2024,3,103.7,90.2,Laptop
8931,410,4,2023-08-18,2023,8,79.1,71.9,Desktop
8932,829,23,2023-04-11,2023,4,86.4,77.1,Laptop
8933,629,10,2023-09-01,2023,9,59.3,58.1,Tablet
8934,401,21,2023-05-31,2023,5,44.4,38.3,Tablet
8935,294,28,2023-09-21,2023,9,82.5,61.1,Smart TV
8936,101,28,2025-02-09,2025,2,117.9,87.3,Desktop
8937,812,21,2023-01-10,2023,1,78.1,67.3,Laptop
8938,662,19,2023-04-16,2023,4,50.0,42.4,Smart TV
8939,488,42,2023-04-17,2023,4,100.0,90.9,Laptop
8940,657,28,2025-01-30,2025,1,119.1,88.2,Smart TV
8941,648,7,2025-02-14,2025,2,103.5,79.6,Tablet
8942,557,39,2024-12-01,2024,12,54.3,59.0,Tablet
8943,591,44,2025-02-06,2025,2,91.3,60.9,Tablet
8944,55,8,2024-07-24,2024,7,57.2,60.9,Mobile
8945,281,7,2024-12-13,2024,12,103.0,79.2,Laptop
8946,655,19,2024-05-15,2024,5,70.7,59.9,Tablet
8947,247,16,2023-10-01,2023,10,78.8,80.4,Laptop
8948,671,42,2024-09-15,2024,9,76.3,69.4,Tablet
8949,778,39,2024-05-04,2024,5,61.3,66.6,Desktop
8950,791,24,2023-06-09,2023,6,86.0,86.0,Laptop
8951,857,16,2023-03-20,2023,3,77.2,78.8,Tablet
8952,817,21,2023-02-19,2023,2,65.4,56.4,Mobile
8953,815,37,2023-08-08,2023,8,88.4,69.6,Mobile
8954,934,48,2023-04-29,2023,4,87.7,71.9,Desktop
8955,408,36,2024-08-09,2024,8,101.1,80.2,Laptop
8956,660,2,2025-01-25,2025,1,95.2,76.8,Smart TV
8957,579,2,2023-12-02,2023,12,100.9,81.4,Laptop
8958,34,39,2023-12-25,2023,12,57.8,62.8,Desktop
8959,70,34,2023-10-01,2023,10,80.5,68.2,Smart TV
8960,400,26,2024-06-01,2024,6,41.9,36.1,Smart TV
8961,759,39,2024-09-12,2024,9,37.9,41.2,Mobile
8962,437,41,2023-04-08,2023,4,49.2,41.7,Laptop
8963,883,18,2023-02-06,2023,2,107.1,85.0,Tablet
8964,182,48,2024-05-14,2024,5,87.4,71.6,Desktop
8965,27,33,2024-06-29,2024,6,112.8,98.1,Mobile
8966,404,33,2025-03-29,2025,3,60.3,52.4,Mobile
8967,154,43,2025-04-21,2025,4,44.3,44.7,Desktop
8968,341,39,2023-05-23,2023,5,36.2,39.4,Smart TV
8969,215,16,2023-03-25,2023,3,50.0,51.0,Tablet
8970,498,32,2023-05-21,2023,5,87.4,62.4,Smart TV
8971,532,23,2025-02-13,2025,2,99.2,88.6,Mobile
8972,435,12,2024-12-06,2024,12,82.7,68.9,Mobile
8973,981,17,2023-04-05,2023,4,61.7,51.4,Smart TV
8974,509,42,2024-12-26,2024,12,77.8,70.7,Smart TV
8975,207,21,2024-10-28,2024,10,81.9,70.6,Tablet
8976,884,17,2023-07-04,2023,7,107.4,89.5,Mobile
8977,693,20,2025-01-09,2025,1,56.7,64.4,Smart TV
8978,36,29,2024-08-31,2024,8,61.8,55.2,Tablet
8979,268,8,2024-01-14,2024,1,54.2,57.7,Desktop
8980,726,40,2023-10-22,2023,10,68.1,47.3,Mobile
8981,881,43,2023-12-04,2023,12,96.9,97.9,Smart TV
8982,680,22,2023-08-20,2023,8,115.5,92.4,Mobile
8983,885,37,2024-01-08,2024,1,80.3,63.2,Desktop
8984,504,32,2024-09-14,2024,9,118.3,84.5,Desktop
8985,230,26,2023-10-30,2023,10,91.8,79.1,Smart TV
8986,501,14,2024-04-16,2024,4,111.3,75.2,Tablet
8987,153,15,2024-06-17,2024,6,92.7,81.3,Mobile
8988,433,44,2025-03-14,2025,3,133.9,89.3,Smart TV
8989,597,10,2023-03-29,2023,3,56.4,55.3,Mobile
8990,105,43,2024-10-13,2024,10,39.2,39.6,Smart TV
8991,52,7,2023-01-31,2023,1,90.6,69.7,Smart TV
8992,382,49,2024-11-23,2024,11,44.0,35.2,Laptop
8993,415,37,2023-10-13,2023,10,117.6,92.6,Laptop
8994,729,47,2023-04-17,2023,4,58.8,49.8,Smart TV
8995,843,47,2023-05-10,2023,5,59.8,50.7,Smart TV
8996,929,3,2024-07-25,2024,7,99.7,70.2,Smart TV
8997,537,49,2023-11-26,2023,11,110.4,88.3,Tablet
8998,61,49,2025-02-21,2025,2,101.5,81.2,Laptop
8999,213,38,2025-04-30,2025,4,104.8,85.9,Smart TV
9000,492,1,2024-06-23,2024,6,111.5,94.5,Desktop
9001,900,29,2024-06-15,2024,6,59.0,52.7,Desktop
9002,174,8,2023-08-19,2023,8,33.9,36.1,Desktop
9003,191,9,2024-01-20,2024,1,100.0,78.1,Desktop
9004,7,40,2025-04-09,2025,4,109.0,75.7,Tablet
9005,70,24,2023-04-20,2023,4,77.0,77.0,Mobile
9006,948,29,2024-07-10,2024,7,66.8,59.6,Desktop
9007,558,36,2025-03-16,2025,3,105.1,83.4,Smart TV
9008,554,1,2023-07-22,2023,7,80.4,68.1,Laptop
9009,666,29,2025-01-28,2025,1,94.9,84.7,Desktop
9010,127,7,2023-08-17,2023,8,109.5,84.2,Tablet
9011,63,43,2023-09-14,2023,9,74.0,74.7,Tablet
9012,174,20,2024-01-11,2024,1,23.1,26.2,Tablet
9013,904,1,2023-01-16,2023,1,71.7,60.8,Smart TV
9014,941,23,2023-11-26,2023,11,87.5,78.1,Desktop
9015,532,9,2023-07-29,2023,7,115.2,90.0,Desktop
9016,741,7,2024-11-14,2024,11,59.0,45.4,Desktop
9017,29,43,2024-07-22,2024,7,84.1,84.9,Desktop
9018,668,48,2023-08-26,2023,8,87.7,71.9,Laptop
9019,60,9,2025-01-16,2025,1,114.7,89.6,Laptop
9020,504,31,2024-08-28,2024,8,90.8,94.6,Smart TV
9021,985,22,2024-06-11,2024,6,87.9,70.3,Laptop
9022,225,30,2023-03-13,2023,3,110.5,96.9,Tablet
9023,789,19,2023-04-13,2023,4,71.9,60.9,Smart TV
9024,222,48,2023-02-04,2023,2,83.2,68.2,Mobile
9025,391,27,2024-03-02,2024,3,50.5,59.4,Tablet
9026,219,49,2023-08-27,2023,8,52.1,41.7,Desktop
9027,808,5,2025-01-05,2025,1,33.6,34.3,Mobile
9028,987,38,2023-12-07,2023,12,75.5,61.9,Smart TV
9029,27,39,2023-09-08,2023,9,63.8,69.4,Smart TV
9030,262,44,2023-02-28,2023,2,81.9,54.6,Tablet
9031,638,5,2024-04-22,2024,4,82.1,83.8,Tablet
9032,586,41,2024-10-29,2024,10,62.7,53.1,Tablet
9033,100,35,2024-08-17,2024,8,26.7,29.3,Mobile
9034,294,24,2024-06-13,2024,6,46.0,46.0,Tablet
9035,148,7,2024-02-05,2024,2,66.0,50.8,Laptop
9036,460,45,2023-11-02,2023,11,51.2,45.7,Tablet
9037,573,18,2024-05-04,2024,5,70.1,55.6,Laptop
9038,901,21,2023-03-04,2023,3,96.5,83.2,Laptop
9039,855,9,2024-08-12,2024,8,100.6,78.6,Mobile
9040,344,46,2023-08-13,2023,8,71.0,80.7,Tablet
9041,640,41,2023-05-03,2023,5,54.2,45.9,Tablet
9042,163,48,2025-01-15,2025,1,40.6,33.3,Laptop
9043,489,36,2025-04-12,2025,4,99.0,78.6,Desktop
9044,24,15,2023-11-18,2023,11,91.3,80.1,Laptop
9045,12,35,2023-04-12,2023,4,64.3,70.7,Tablet
9046,553,48,2023-09-27,2023,9,70.8,58.0,Tablet
9047,335,46,2024-04-02,2024,4,61.8,70.2,Desktop
9048,799,6,2025-04-24,2025,4,93.8,81.6,Laptop
9049,302,12,2023-02-04,2023,2,112.8,94.0,Laptop
9050,57,41,2024-01-06,2024,1,105.4,89.3,Laptop
9051,946,45,2024-11-12,2024,11,68.5,61.2,Tablet
9052,817,18,2023-01-10,2023,1,93.5,74.2,Smart TV
9053,50,8,2025-01-16,2025,1,56.1,59.7,Laptop
9054,616,48,2024-09-03,2024,9,96.9,79.4,Mobile
9055,947,2,2023-03-15,2023,3,67.1,54.1,Laptop
9056,885,41,2023-03-22,2023,3,70.4,59.7,Mobile
9057,358,48,2024-10-06,2024,10,88.9,72.9,Tablet
9058,646,31,2023-01-20,2023,1,71.5,74.5,Laptop
9059,803,18,2024-03-19,2024,3,79.6,63.2,Desktop
9060,264,1,2023-02-20,2023,2,33.5,28.4,Laptop
9061,39,2,2023-10-27,2023,10,100.3,80.9,Laptop
9062,870,23,2023-09-15,2023,9,86.1,76.9,Tablet
9063,542,14,2023-10-30,2023,10,120.9,81.7,Desktop
9064,830,29,2023-12-26,2023,12,55.8,49.8,Tablet
9065,20,19,2024-07-18,2024,7,88.5,75.0,Smart TV
9066,881,19,2024-02-10,2024,2,79.1,67.0,Laptop
9067,455,28,2023-03-03,2023,3,55.1,40.8,Smart TV
9068,544,3,2024-12-14,2024,12,98.7,69.5,Laptop
9069,757,6,2023-04-02,2023,4,110.6,96.2,Mobile
9070,175,43,2023-04-20,2023,4,83.4,84.2,Tablet
9071,362,12,2024-11-28,2024,11,94.2,78.5,Mobile
9072,571,44,2023-05-01,2023,5,95.7,63.8,Laptop
9073,617,2,2023-11-12,2023,11,68.6,55.3,Laptop
9074,963,2,2024-03-25,2024,3,108.4,87.4,Mobile
9075,795,32,2023-09-20,2023,9,54.9,39.2,Tablet
9076,701,18,2024-05-07,2024,5,116.2,92.2,Tablet
9077,878,47,2024-11-08,2024,11,76.6,64.9,Smart TV
9078,839,7,2024-10-02,2024,10,44.7,34.4,Smart TV
9079,796,11,2024-12-18,2024,12,73.8,55.9,Desktop
9080,470,26,2024-04-28,2024,4,43.4,37.4,Laptop
9081,315,25,2023-04-13,2023,4,96.3,66.4,Laptop
9082,943,19,2023-10-12,2023,10,76.0,64.4,Tablet
9083,290,24,2025-02-18,2025,2,92.1,92.1,Desktop
9084,622,49,2023-07-04,2023,7,70.1,56.1,Laptop
9085,87,43,2024-07-09,2024,7,53.9,54.4,Desktop
9086,917,5,2023-04-01,2023,4,71.3,72.8,Tablet
9087,648,9,2023-10-06,2023,10,117.2,91.6,Laptop
9088,786,32,2024-12-30,2024,12,106.0,75.7,Smart TV
9089,800,38,2024-04-13,2024,4,100.5,82.4,Laptop
9090,589,6,2025-01-04,2025,1,100.0,87.0,Laptop
9091,995,34,2024-08-12,2024,8,114.5,97.0,Mobile
9092,911,1,2024-08-11,2024,8,92.7,78.6,Tablet
9093,348,49,2024-07-11,2024,7,70.5,56.4,Tablet
9094,241,38,2023-06-08,2023,6,95.0,77.9,Laptop
9095,574,48,2025-03-30,2025,3,86.7,71.1,Desktop
9096,19,42,2024-05-03,2024,5,90.8,82.5,Tablet
9097,407,43,2024-10-15,2024,10,78.4,79.2,Tablet
9098,429,17,2024-08-08,2024,8,83.3,69.4,Smart TV
9099,464,34,2023-02-16,2023,2,71.9,60.9,Laptop
9100,878,10,2023-12-26,2023,12,45.0,44.1,Mobile
9101,876,35,2024-04-10,2024,4,34.1,37.5,Desktop
9102,586,29,2023-11-10,2023,11,76.0,67.9,Tablet
9103,443,28,2024-12-11,2024,12,124.6,92.3,Mobile
9104,709,40,2023-03-25,2023,3,108.4,75.3,Desktop
9105,195,24,2023-06-17,2023,6,64.5,64.5,Laptop
9106,130,22,2024-08-13,2024,8,98.1,78.5,Desktop
9107,216,8,2024-04-04,2024,4,59.3,63.1,Mobile
9108,544,23,2024-03-06,2024,3,92.4,82.5,Tablet
9109,327,37,2023-04-30,2023,4,40.3,31.7,Laptop
9110,867,42,2024-03-22,2024,3,90.0,81.8,Smart TV
9111,816,47,2024-08-28,2024,8,92.3,78.2,Tablet
9112,497,3,2024-11-08,2024,11,84.8,59.7,Laptop
9113,804,29,2024-05-03,2024,5,104.8,93.6,Mobile
9114,279,3,2023-12-30,2023,12,120.3,84.7,Tablet
9115,968,4,2023-05-19,2023,5,103.3,93.9,Mobile
9116,714,6,2024-01-04,2024,1,73.4,63.8,Laptop
9117,263,40,2023-10-16,2023,10,48.4,33.6,Desktop
9118,709,40,2024-07-05,2024,7,87.6,60.8,Laptop
9119,136,24,2024-02-03,2024,2,97.2,97.2,Smart TV
9120,503,17,2023-10-01,2023,10,109.3,91.1,Desktop
9121,276,23,2023-12-11,2023,12,91.5,81.7,Tablet
9122,400,49,2024-11-20,2024,11,82.8,66.2,Smart TV
9123,848,22,2024-12-07,2024,12,72.0,57.6,Smart TV
9124,4,46,2023-12-08,2023,12,55.1,62.6,Laptop
9125,975,14,2025-03-10,2025,3,40.3,27.2,Tablet
9126,165,31,2025-01-21,2025,1,66.6,69.4,Desktop
9127,641,46,2024-12-13,2024,12,51.6,58.6,Desktop
9128,335,44,2024-06-03,2024,6,132.0,88.0,Tablet
9129,62,46,2024-07-22,2024,7,42.2,48.0,Smart TV
9130,754,42,2024-03-12,2024,3,93.7,85.2,Mobile
9131,241,27,2024-03-09,2024,3,52.3,61.5,Smart TV
9132,797,30,2024-03-21,2024,3,90.6,79.5,Laptop
9133,271,35,2023-06-26,2023,6,65.1,71.5,Laptop
9134,202,45,2024-01-05,2024,1,39.8,35.5,Tablet
9135,618,26,2025-04-01,2025,4,50.0,43.1,Laptop
9136,230,31,2024-05-22,2024,5,84.0,87.5,Tablet
9137,698,34,2023-09-20,2023,9,55.3,46.9,Tablet
9138,109,27,2023-10-22,2023,10,26.4,31.1,Mobile
9139,399,13,2024-11-27,2024,11,46.4,51.5,Tablet
9140,823,12,2023-12-18,2023,12,91.4,76.2,Laptop
9141,37,7,2024-02-02,2024,2,99.1,76.2,Laptop
9142,438,40,2024-05-02,2024,5,104.4,72.5,Tablet
9143,640,33,2023-05-26,2023,5,60.8,52.9,Tablet
9144,686,3,2023-01-22,2023,1,102.5,72.2,Smart TV
9145,221,49,2025-02-06,2025,2,75.0,60.0,Desktop
9146,19,10,2023-08-02,2023,8,93.8,92.0,Tablet
9147,307,15,2023-07-02,2023,7,97.8,85.8,Tablet
9148,588,46,2023-06-29,2023,6,42.6,48.4,Laptop
9149,101,36,2023-01-04,2023,1,52.5,41.7,Tablet
9150,689,37,2024-10-16,2024,10,79.8,62.8,Desktop
9151,628,8,2023-05-01,2023,5,38.9,41.4,Laptop
9152,431,17,2023-02-10,2023,2,67.1,55.9,Mobile
9153,556,10,2024-07-20,2024,7,70.4,69.0,Desktop
9154,928,7,2023-09-27,2023,9,87.8,67.5,Laptop
9155,605,23,2023-04-09,2023,4,106.2,94.8,Smart TV
9156,29,13,2025-04-26,2025,4,66.4,73.8,Mobile
9157,377,39,2024-01-30,2024,1,61.9,67.3,Desktop
9158,260,10,2023-08-11,2023,8,76.1,74.6,Laptop
9159,847,13,2024-07-25,2024,7,62.2,69.1,Laptop
9160,902,44,2025-02-02,2025,2,132.4,88.3,Laptop
9161,908,11,2024-06-26,2024,6,93.7,71.0,Tablet
9162,249,31,2025-01-06,2025,1,67.1,69.9,Laptop
9163,643,36,2024-10-07,2024,10,105.3,83.6,Mobile
9164,753,16,2023-01-10,2023,1,83.5,85.2,Smart TV
9165,896,29,2024-05-01,2024,5,94.2,84.1,Mobile
9166,465,37,2023-07-29,2023,7,108.1,85.1,Tablet
9167,163,23,2023-02-17,2023,2,103.3,92.2,Laptop
9168,361,13,2023-06-11,2023,6,58.2,64.7,Smart TV
9169,285,42,2024-10-10,2024,10,65.8,59.8,Desktop
9170,252,45,2024-04-22,2024,4,53.0,47.3,Desktop
9171,736,30,2025-02-19,2025,2,92.0,80.7,Desktop
9172,907,16,2025-01-21,2025,1,70.1,71.5,Desktop
9173,584,18,2024-08-31,2024,8,50.8,40.3,Smart TV
9174,876,34,2024-03-22,2024,3,80.2,68.0,Desktop
9175,500,31,2023-09-21,2023,9,68.1,70.9,Desktop
9176,393,40,2023-03-27,2023,3,52.4,36.4,Mobile
9177,454,25,2024-12-22,2024,12,127.0,87.6,Smart TV
9178,612,25,2024-09-27,2024,9,134.6,92.8,Tablet
9179,322,12,2025-02-06,2025,2,70.0,58.3,Laptop
9180,498,15,2023-03-18,2023,3,89.8,78.8,Mobile
9181,145,2,2023-10-20,2023,10,37.4,30.2,Mobile
9182,722,1,2024-04-16,2024,4,99.9,84.7,Desktop
9183,71,9,2024-09-01,2024,9,106.9,83.5,Laptop
9184,256,45,2023-09-12,2023,9,76.9,68.7,Smart TV
9185,433,24,2024-03-24,2024,3,72.5,72.5,Mobile
9186,299,40,2024-02-10,2024,2,77.8,54.0,Laptop
9187,326,2,2023-03-22,2023,3,93.0,75.0,Laptop
9188,215,5,2024-11-08,2024,11,76.6,78.2,Laptop
9189,524,20,2024-01-14,2024,1,66.5,75.6,Mobile
9190,833,15,2024-05-03,2024,5,42.5,37.3,Mobile
9191,742,45,2025-01-03,2025,1,43.1,38.5,Tablet
9192,282,37,2023-07-15,2023,7,53.2,41.9,Tablet
9193,369,27,2023-01-29,2023,1,79.4,93.4,Mobile
9194,190,7,2024-12-23,2024,12,118.3,91.0,Tablet
9195,219,30,2023-08-07,2023,8,62.7,55.0,Desktop
9196,493,41,2024-11-05,2024,11,41.5,35.2,Mobile
9197,101,43,2023-10-24,2023,10,73.5,74.2,Tablet
9198,161,5,2025-04-26,2025,4,60.8,62.0,Smart TV
9199,942,11,2025-01-13,2025,1,104.7,79.3,Laptop
9200,16,1,2024-03-01,2024,3,47.3,40.1,Desktop
9201,391,22,2023-10-04,2023,10,108.0,86.4,Desktop
9202,437,26,2023-02-24,2023,2,57.8,49.8,Laptop
9203,876,6,2023-10-05,2023,10,64.4,56.0,Desktop
9204,740,3,2023-10-11,2023,10,121.7,85.7,Mobile
9205,66,36,2024-12-29,2024,12,109.2,86.7,Mobile
9206,980,20,2023-12-14,2023,12,69.6,79.1,Smart TV
9207,945,5,2024-12-25,2024,12,81.7,83.4,Desktop
9208,991,41,2024-02-21,2024,2,44.1,37.4,Smart TV
9209,494,26,2024-09-06,2024,9,97.1,83.7,Laptop
9210,816,49,2024-05-21,2024,5,122.5,98.0,Desktop
9211,448,27,2023-02-20,2023,2,40.0,47.0,Desktop
9212,863,22,2024-01-21,2024,1,59.9,47.9,Tablet
9213,359,1,2023-10-07,2023,10,58.6,49.7,Laptop
9214,411,17,2025-02-14,2025,2,44.6,37.2,Desktop
9215,898,17,2024-11-09,2024,11,98.8,82.3,Desktop
9216,425,49,2023-04-23,2023,4,104.6,83.7,Tablet
9217,346,17,2023-04-19,2023,4,98.4,82.0,Smart TV
9218,511,32,2023-04-22,2023,4,117.9,84.2,Laptop
9219,576,36,2025-04-27,2025,4,105.8,84.0,Tablet
9220,57,24,2024-07-23,2024,7,30.5,30.5,Mobile
9221,582,32,2024-11-18,2024,11,117.5,83.9,Laptop
9222,363,32,2023-02-13,2023,2,103.3,73.8,Tablet
9223,504,48,2024-07-15,2024,7,78.7,64.5,Laptop
9224,909,3,2023-09-26,2023,9,81.7,57.5,Laptop
9225,94,20,2023-10-13,2023,10,57.2,65.0,Laptop
9226,785,10,2025-02-05,2025,2,67.2,65.9,Mobile
9227,543,35,2023-03-04,2023,3,69.1,75.9,Mobile
9228,337,8,2023-08-21,2023,8,56.6,60.2,Tablet
9229,790,12,2024-02-25,2024,2,85.8,71.5,Desktop
9230,971,29,2023-02-14,2023,2,66.2,59.1,Laptop
9231,65,27,2025-01-13,2025,1,50.9,59.9,Laptop
9232,154,1,2024-03-31,2024,3,111.6,94.6,Desktop
9233,81,29,2024-10-31,2024,10,30.7,27.4,Tablet
9234,548,5,2023-09-29,2023,9,51.8,52.9,Tablet
9235,158,43,2023-08-20,2023,8,74.9,75.7,Tablet
9236,401,27,2025-01-24,2025,1,24.5,28.8,Laptop
9237,125,30,2025-03-13,2025,3,46.5,40.8,Mobile
9238,30,32,2024-03-18,2024,3,39.9,28.5,Tablet
9239,357,49,2023-04-24,2023,4,101.0,80.8,Desktop
9240,902,1,2023-01-06,2023,1,105.0,89.0,Tablet
9241,567,17,2023-07-03,2023,7,85.6,71.3,Laptop
9242,372,30,2024-03-23,2024,3,49.1,43.1,Tablet
9243,944,31,2024-05-08,2024,5,81.1,84.5,Tablet
9244,439,32,2023-05-15,2023,5,111.7,79.8,Desktop
9245,744,11,2025-03-28,2025,3,113.0,85.6,Desktop
9246,778,15,2023-11-03,2023,11,85.7,75.2,Mobile
9247,266,14,2023-01-11,2023,1,136.6,92.3,Desktop
9248,815,10,2023-04-24,2023,4,64.7,63.4,Tablet
9249,975,12,2025-02-02,2025,2,76.2,63.5,Tablet
9250,548,15,2023-07-20,2023,7,76.3,66.9,Tablet
9251,934,18,2025-03-14,2025,3,100.5,79.8,Desktop
9252,695,37,2023-04-15,2023,4,63.2,49.8,Mobile
9253,354,38,2024-08-21,2024,8,103.5,84.8,Laptop
9254,705,30,2024-10-05,2024,10,100.2,87.9,Tablet
9255,606,48,2024-06-30,2024,6,117.6,96.4,Desktop
9256,30,6,2023-06-30,2023,6,91.0,79.1,Smart TV
9257,351,49,2024-02-19,2024,2,105.5,84.4,Mobile
9258,545,14,2024-02-29,2024,2,62.6,42.3,Mobile
9259,881,36,2024-07-06,2024,7,43.0,34.1,Laptop
9260,503,43,2023-02-09,2023,2,83.4,84.2,Tablet
9261,896,42,2023-06-22,2023,6,89.2,81.1,Tablet
9262,736,16,2024-04-13,2024,4,37.2,38.0,Laptop
9263,950,22,2024-09-25,2024,9,78.5,62.8,Desktop
9264,109,21,2023-05-07,2023,5,75.5,65.1,Tablet
9265,772,5,2024-03-22,2024,3,38.8,39.6,Desktop
9266,416,23,2024-07-08,2024,7,97.4,87.0,Smart TV
9267,396,4,2023-05-16,2023,5,92.1,83.7,Smart TV
9268,883,25,2024-06-09,2024,6,102.1,70.4,Smart TV
9269,829,4,2024-09-25,2024,9,52.6,47.8,Laptop
9270,895,18,2024-01-04,2024,1,44.7,35.5,Desktop
9271,968,2,2024-02-01,2024,2,94.9,76.5,Mobile
9272,628,29,2024-07-26,2024,7,94.6,84.5,Tablet
9273,840,14,2025-04-22,2025,4,137.6,93.0,Desktop
9274,510,7,2025-04-16,2025,4,111.9,86.1,Smart TV
9275,652,19,2023-05-01,2023,5,97.5,82.6,Mobile
9276,656,1,2024-03-23,2024,3,76.7,65.0,Desktop
9277,300,33,2023-10-22,2023,10,111.5,97.0,Smart TV
9278,873,46,2025-02-12,2025,2,55.0,62.5,Mobile
9279,775,1,2023-10-11,2023,10,79.4,67.3,Smart TV
9280,719,21,2024-10-27,2024,10,94.0,81.0,Mobile
9281,726,35,2024-09-15,2024,9,76.6,84.2,Tablet
9282,909,3,2024-01-29,2024,1,82.2,57.9,Smart TV
9283,482,24,2024-09-30,2024,9,84.4,84.4,Laptop
9284,290,30,2024-09-17,2024,9,108.1,94.8,Laptop
9285,766,36,2025-04-21,2025,4,69.9,55.5,Laptop
9286,482,1,2023-05-10,2023,5,83.1,70.4,Desktop
9287,591,2,2023-06-13,2023,6,107.3,86.5,Tablet
9288,270,24,2023-04-27,2023,4,98.4,98.4,Mobile
9289,703,4,2023-11-25,2023,11,99.3,90.3,Mobile
9290,919,8,2024-09-30,2024,9,79.1,84.1,Tablet
9291,337,20,2024-05-08,2024,5,54.2,61.6,Mobile
9292,555,19,2023-07-04,2023,7,82.8,70.2,Mobile
9293,392,11,2024-06-06,2024,6,65.1,49.3,Laptop
9294,803,1,2024-03-31,2024,3,58.1,49.2,Laptop
9295,230,12,2023-01-14,2023,1,76.7,63.9,Smart TV
9296,986,35,2024-01-05,2024,1,68.7,75.5,Mobile
9297,120,13,2023-12-04,2023,12,52.5,58.3,Mobile
9298,821,29,2024-07-20,2024,7,80.1,71.5,Laptop
9299,14,47,2024-01-06,2024,1,53.3,45.2,Desktop
9300,765,45,2023-05-04,2023,5,98.4,87.9,Laptop
9301,90,33,2023-01-26,2023,1,72.7,63.2,Mobile
9302,842,19,2023-04-15,2023,4,53.9,45.7,Mobile
9303,505,17,2024-10-09,2024,10,108.6,90.5,Laptop
9304,753,24,2023-03-11,2023,3,61.5,61.5,Desktop
9305,619,14,2023-08-10,2023,8,125.2,84.6,Smart TV
9306,485,27,2024-12-17,2024,12,61.5,72.3,Tablet
9307,576,37,2024-08-20,2024,8,72.5,57.1,Smart TV
9308,524,30,2024-09-18,2024,9,59.9,52.5,Desktop
9309,959,10,2024-11-21,2024,11,65.1,63.8,Smart TV
9310,618,4,2024-01-20,2024,1,104.5,95.0,Laptop
9311,423,13,2024-02-26,2024,2,51.2,56.9,Smart TV
9312,309,8,2023-07-28,2023,7,60.5,64.4,Laptop
9313,631,6,2023-05-21,2023,5,89.6,77.9,Desktop
9314,834,5,2024-08-04,2024,8,55.4,56.5,Desktop
9315,295,13,2024-03-17,2024,3,77.6,86.2,Laptop
9316,695,45,2023-07-19,2023,7,45.8,40.9,Laptop
9317,923,48,2023-11-19,2023,11,97.6,80.0,Desktop
9318,999,18,2024-01-17,2024,1,116.4,92.4,Desktop
9319,779,8,2024-01-12,2024,1,57.9,61.6,Laptop
9320,112,19,2024-01-26,2024,1,94.9,80.4,Mobile
9321,547,29,2024-09-24,2024,9,82.3,73.5,Tablet
9322,899,27,2025-03-10,2025,3,74.3,87.4,Mobile
9323,132,13,2023-01-09,2023,1,66.3,73.7,Smart TV
9324,247,15,2024-12-09,2024,12,82.0,71.9,Smart TV
9325,107,43,2024-08-06,2024,8,64.2,64.8,Smart TV
9326,333,2,2024-09-17,2024,9,101.1,81.5,Smart TV
9327,508,2,2023-09-22,2023,9,31.6,25.5,Laptop
9328,252,35,2024-03-21,2024,3,51.3,56.4,Laptop
9329,479,3,2025-04-11,2025,4,100.8,71.0,Smart TV
9330,399,3,2025-01-25,2025,1,69.4,48.9,Laptop
9331,489,47,2024-06-02,2024,6,89.8,76.1,Tablet
9332,208,27,2024-05-30,2024,5,37.1,43.6,Tablet
9333,199,34,2023-03-01,2023,3,101.8,86.3,Desktop
9334,1000,10,2023-07-26,2023,7,52.4,51.4,Mobile
9335,578,30,2023-01-31,2023,1,47.9,42.0,Desktop
9336,556,11,2023-10-29,2023,10,91.2,69.1,Mobile
9337,647,44,2024-04-22,2024,4,95.1,63.4,Desktop
9338,710,26,2023-05-22,2023,5,50.2,43.3,Desktop
9339,520,43,2024-10-02,2024,10,86.9,87.8,Tablet
9340,860,13,2024-02-18,2024,2,74.2,82.5,Smart TV
9341,518,42,2024-10-27,2024,10,42.7,38.8,Tablet
9342,558,37,2024-02-01,2024,2,35.2,27.7,Tablet
9343,794,26,2025-03-22,2025,3,82.6,71.2,Desktop
9344,65,11,2024-05-13,2024,5,99.4,75.3,Laptop
9345,745,11,2024-01-14,2024,1,65.9,49.9,Laptop
9346,387,21,2024-05-30,2024,5,105.3,90.8,Tablet
9347,560,5,2024-11-24,2024,11,37.4,38.2,Laptop
9348,104,43,2024-09-17,2024,9,75.5,76.3,Tablet
9349,620,29,2023-01-09,2023,1,60.0,53.6,Mobile
9350,571,4,2024-06-27,2024,6,58.5,53.2,Desktop
9351,743,1,2024-09-24,2024,9,86.5,73.3,Laptop
9352,907,47,2023-09-22,2023,9,66.8,56.6,Desktop
9353,467,36,2024-08-10,2024,8,44.4,35.2,Laptop
9354,919,35,2023-09-10,2023,9,50.8,55.8,Laptop
9355,553,25,2024-12-09,2024,12,99.8,68.8,Smart TV
9356,397,4,2023-07-07,2023,7,47.1,42.8,Mobile
9357,687,33,2024-12-05,2024,12,37.3,32.4,Tablet
9358,766,47,2024-02-29,2024,2,70.0,59.3,Laptop
9359,945,41,2024-09-12,2024,9,104.1,88.2,Tablet
9360,651,44,2023-11-07,2023,11,81.0,54.0,Mobile
9361,544,32,2025-01-12,2025,1,103.3,73.8,Smart TV
9362,456,34,2023-06-27,2023,6,106.6,90.3,Laptop
9363,723,16,2024-03-25,2024,3,42.7,43.6,Tablet
9364,753,34,2024-06-24,2024,6,83.5,70.8,Laptop
9365,917,6,2023-12-08,2023,12,96.6,84.0,Laptop
9366,499,35,2024-10-13,2024,10,59.4,65.3,Tablet
9367,206,46,2023-03-21,2023,3,36.0,40.9,Mobile
9368,861,31,2024-11-15,2024,11,59.4,61.9,Smart TV
9369,277,31,2024-08-31,2024,8,73.0,76.0,Laptop
9370,253,13,2023-04-24,2023,4,55.5,61.7,Tablet
9371,232,47,2025-04-06,2025,4,40.4,34.2,Desktop
9372,490,27,2024-03-21,2024,3,51.9,61.0,Mobile
9373,944,29,2024-06-17,2024,6,64.7,57.8,Tablet
9374,260,1,2025-02-21,2025,2,52.4,44.4,Tablet
9375,460,19,2024-02-21,2024,2,111.0,94.1,Smart TV
9376,120,39,2024-09-21,2024,9,55.4,60.2,Laptop
9377,863,28,2023-12-18,2023,12,104.4,77.3,Laptop
9378,925,22,2024-11-10,2024,11,108.5,86.8,Smart TV
9379,270,22,2024-07-29,2024,7,105.0,84.0,Tablet
9380,466,12,2024-09-16,2024,9,60.6,50.5,Desktop
9381,57,30,2023-06-15,2023,6,53.0,46.5,Tablet
9382,484,40,2023-10-05,2023,10,50.5,35.1,Mobile
9383,102,21,2025-03-03,2025,3,65.9,56.8,Smart TV
9384,530,11,2024-03-24,2024,3,107.1,81.1,Smart TV
9385,571,27,2024-11-18,2024,11,37.9,44.6,Smart TV
9386,631,9,2025-04-02,2025,4,67.2,52.5,Desktop
9387,683,49,2024-09-12,2024,9,90.2,72.2,Smart TV
9388,159,23,2024-10-24,2024,10,98.7,88.1,Tablet
9389,665,33,2025-01-27,2025,1,76.8,66.8,Desktop
9390,423,28,2023-03-30,2023,3,50.9,37.7,Laptop
9391,412,24,2024-05-24,2024,5,57.4,57.4,Desktop
9392,54,36,2023-11-16,2023,11,65.9,52.3,Mobile
9393,723,20,2025-03-01,2025,3,48.8,55.5,Tablet
9394,238,41,2024-01-10,2024,1,29.0,24.6,Tablet
9395,33,4,2025-01-17,2025,1,44.0,40.0,Tablet
9396,423,19,2024-02-04,2024,2,91.5,77.5,Mobile
9397,600,28,2023-03-19,2023,3,79.0,58.5,Mobile
9398,581,6,2023-01-07,2023,1,40.9,35.6,Mobile
9399,441,26,2023-12-31,2023,12,99.6,85.9,Desktop
9400,894,21,2023-11-13,2023,11,71.9,62.0,Laptop
9401,958,47,2023-09-12,2023,9,40.4,34.2,Mobile
9402,486,34,2023-10-03,2023,10,102.4,86.8,Smart TV
9403,671,48,2024-05-17,2024,5,99.4,81.5,Smart TV
9404,824,1,2024-10-24,2024,10,71.4,60.5,Smart TV
9405,349,43,2024-11-21,2024,11,72.8,73.5,Desktop
9406,957,30,2024-12-03,2024,12,103.6,90.9,Smart TV
9407,58,32,2025-03-03,2025,3,130.1,92.9,Smart TV
9408,112,27,2024-02-11,2024,2,60.9,71.7,Tablet
9409,584,7,2023-02-16,2023,2,107.1,82.4,Mobile
9410,643,35,2024-11-26,2024,11,64.2,70.6,Mobile
9411,886,8,2025-04-13,2025,4,41.5,44.2,Laptop
9412,1,41,2023-05-31,2023,5,74.5,63.1,Mobile
9413,417,18,2023-06-30,2023,6,60.1,47.7,Tablet
9414,431,17,2023-09-09,2023,9,72.2,60.2,Desktop
9415,662,20,2025-02-20,2025,2,45.6,51.8,Tablet
9416,690,44,2023-12-31,2023,12,56.7,37.8,Laptop
9417,997,13,2023-10-19,2023,10,53.4,59.3,Laptop
9418,82,6,2024-02-26,2024,2,33.1,28.8,Desktop
9419,383,45,2024-08-09,2024,8,98.4,87.9,Smart TV
9420,735,36,2024-07-04,2024,7,102.3,81.2,Laptop
9421,368,39,2024-10-16,2024,10,54.6,59.4,Laptop
9422,578,48,2023-07-11,2023,7,45.9,37.6,Mobile
9423,690,23,2023-11-27,2023,11,55.1,49.2,Desktop
9424,756,11,2025-02-20,2025,2,71.9,54.5,Mobile
9425,409,18,2025-01-16,2025,1,68.9,54.7,Smart TV
9426,643,9,2024-09-09,2024,9,119.0,93.0,Tablet
9427,722,18,2023-10-29,2023,10,98.0,77.8,Laptop
9428,233,15,2025-03-05,2025,3,92.5,81.1,Smart TV
9429,608,45,2023-11-13,2023,11,69.9,62.4,Tablet
9430,538,28,2024-05-25,2024,5,108.0,80.0,Laptop
9431,900,46,2023-02-25,2023,2,67.3,76.5,Tablet
9432,966,30,2023-05-13,2023,5,64.9,56.9,Tablet
9433,737,18,2024-09-27,2024,9,88.2,70.0,Desktop
9434,217,43,2025-03-03,2025,3,58.6,59.2,Desktop
9435,815,1,2024-02-24,2024,2,80.7,68.4,Mobile
9436,23,3,2024-09-02,2024,9,105.9,74.6,Desktop
9437,299,19,2023-06-27,2023,6,90.3,76.5,Smart TV
9438,593,37,2023-09-11,2023,9,48.9,38.5,Laptop
9439,135,8,2023-05-12,2023,5,52.8,56.2,Desktop
9440,358,39,2024-04-26,2024,4,26.9,29.2,Smart TV
9441,292,34,2024-08-29,2024,8,46.4,39.3,Laptop
9442,659,24,2024-04-25,2024,4,74.1,74.1,Desktop
9443,91,24,2025-02-24,2025,2,86.5,86.5,Desktop
9444,762,17,2023-08-23,2023,8,68.5,57.1,Laptop
9445,914,25,2023-12-25,2023,12,135.1,93.2,Smart TV
9446,790,15,2023-10-21,2023,10,60.0,52.6,Laptop
9447,282,4,2025-01-03,2025,1,96.2,87.5,Mobile
9448,527,2,2024-02-29,2024,2,107.5,86.7,Smart TV
9449,73,47,2023-09-03,2023,9,89.0,75.4,Desktop
9450,665,19,2023-09-02,2023,9,72.0,61.0,Tablet
9451,553,48,2025-03-13,2025,3,95.6,78.4,Laptop
9452,878,21,2024-09-26,2024,9,35.1,30.3,Tablet
9453,215,45,2025-01-15,2025,1,96.1,85.8,Smart TV
9454,536,11,2023-03-17,2023,3,102.4,77.6,Mobile
9455,187,26,2023-11-12,2023,11,90.0,77.6,Mobile
9456,996,43,2024-06-07,2024,6,39.8,40.2,Laptop
9457,269,32,2024-07-20,2024,7,99.8,71.3,Smart TV
9458,786,30,2024-10-12,2024,10,107.4,94.2,Mobile
9459,500,4,2024-01-14,2024,1,95.5,86.8,Tablet
9460,26,40,2024-01-15,2024,1,132.5,92.0,Mobile
9461,654,26,2023-05-14,2023,5,75.1,64.7,Smart TV
9462,190,29,2024-02-19,2024,2,56.6,50.5,Laptop
9463,731,43,2025-02-20,2025,2,87.0,87.9,Smart TV
9464,134,28,2023-12-09,2023,12,92.5,68.5,Mobile
9465,981,32,2024-09-12,2024,9,101.2,72.3,Laptop
9466,757,32,2023-02-11,2023,2,98.0,70.0,Desktop
9467,811,48,2024-10-18,2024,10,67.6,55.4,Desktop
9468,947,34,2024-05-25,2024,5,83.4,70.7,Laptop
9469,167,45,2024-10-29,2024,10,57.7,51.5,Desktop
9470,637,28,2023-07-19,2023,7,87.8,65.0,Mobile
9471,831,34,2023-11-04,2023,11,74.8,63.4,Laptop
9472,111,44,2025-04-05,2025,4,112.8,75.2,Smart TV
9473,520,24,2024-04-08,2024,4,94.3,94.3,Desktop
9474,158,34,2023-06-19,2023,6,77.4,65.6,Smart TV
9475,761,39,2023-01-19,2023,1,67.4,73.3,Laptop
9476,108,21,2024-09-09,2024,9,94.3,81.3,Laptop
9477,170,31,2023-10-18,2023,10,65.5,68.2,Desktop
9478,852,48,2024-05-20,2024,5,113.3,92.9,Laptop
9479,659,22,2025-01-22,2025,1,67.6,54.1,Smart TV
9480,73,42,2024-04-01,2024,4,82.1,74.6,Smart TV
9481,73,43,2023-08-07,2023,8,76.9,77.7,Tablet
9482,338,25,2023-03-07,2023,3,111.1,76.6,Tablet
9483,768,7,2024-04-20,2024,4,83.7,64.4,Mobile
9484,146,8,2025-04-01,2025,4,22.6,24.0,Mobile
9485,176,32,2024-06-25,2024,6,93.8,67.0,Desktop
9486,790,37,2024-01-01,2024,1,112.3,88.4,Desktop
9487,687,49,2024-04-20,2024,4,46.4,37.1,Mobile
9488,360,8,2024-10-13,2024,10,48.0,51.1,Desktop
9489,920,42,2023-02-24,2023,2,96.5,87.7,Tablet
9490,198,7,2024-09-20,2024,9,104.4,80.3,Laptop
9491,922,14,2024-05-22,2024,5,127.1,85.9,Tablet
9492,613,14,2023-06-24,2023,6,120.8,81.6,Tablet
9493,649,37,2025-04-27,2025,4,101.1,79.6,Tablet
9494,294,44,2025-03-23,2025,3,97.0,64.7,Smart TV
9495,184,26,2024-06-11,2024,6,92.0,79.3,Tablet
9496,325,13,2023-04-01,2023,4,70.4,78.2,Smart TV
9497,685,17,2025-02-16,2025,2,101.0,84.2,Desktop
9498,504,9,2024-11-03,2024,11,40.6,31.7,Laptop
9499,457,39,2023-07-17,2023,7,46.2,50.2,Laptop
9500,258,42,2024-09-15,2024,9,63.0,57.3,Mobile
9501,608,46,2024-08-01,2024,8,42.2,47.9,Desktop
9502,995,49,2025-02-20,2025,2,97.8,78.2,Smart TV
9503,649,17,2024-11-16,2024,11,63.0,52.5,Laptop
9504,7,37,2025-01-03,2025,1,108.8,85.7,Tablet
9505,458,43,2023-03-18,2023,3,85.4,86.3,Tablet
9506,875,15,2024-11-12,2024,11,88.3,77.5,Desktop
9507,340,1,2024-10-24,2024,10,80.4,68.1,Laptop
9508,691,8,2024-07-08,2024,7,31.8,33.8,Mobile
9509,810,2,2023-07-16,2023,7,51.6,41.6,Desktop
9510,445,29,2023-05-14,2023,5,110.0,98.2,Tablet
9511,364,38,2023-04-18,2023,4,70.4,57.7,Laptop
9512,425,28,2023-03-21,2023,3,103.5,76.7,Tablet
9513,746,30,2024-12-03,2024,12,73.2,64.2,Mobile
9514,992,6,2025-01-07,2025,1,70.8,61.6,Laptop
9515,241,18,2023-01-02,2023,1,104.8,83.2,Mobile
9516,190,26,2024-10-31,2024,10,74.2,64.0,Tablet
9517,388,45,2023-11-08,2023,11,77.3,69.0,Tablet
9518,865,42,2025-02-27,2025,2,94.6,86.0,Tablet
9519,372,48,2024-04-13,2024,4,107.5,88.1,Smart TV
9520,603,42,2024-05-03,2024,5,76.9,69.9,Laptop
9521,86,49,2023-03-02,2023,3,77.4,61.9,Tablet
9522,533,21,2024-09-21,2024,9,35.4,30.5,Smart TV
9523,248,16,2023-02-25,2023,2,74.9,76.4,Laptop
9524,913,28,2025-02-18,2025,2,108.5,80.4,Mobile
9525,319,45,2024-05-11,2024,5,86.8,77.5,Tablet
9526,858,7,2024-01-20,2024,1,120.0,92.3,Laptop
9527,226,30,2023-08-14,2023,8,98.0,86.0,Mobile
9528,330,14,2025-03-05,2025,3,129.9,87.8,Laptop
9529,169,35,2024-09-02,2024,9,54.0,59.3,Desktop
9530,72,41,2024-03-03,2024,3,56.4,47.8,Smart TV
9531,64,37,2025-04-02,2025,4,99.2,78.1,Mobile
9532,361,4,2024-05-05,2024,5,48.5,44.1,Mobile
9533,443,26,2023-05-05,2023,5,76.0,65.5,Mobile
9534,226,28,2024-04-15,2024,4,50.4,37.3,Desktop
9535,61,18,2023-05-02,2023,5,56.6,44.9,Desktop
9536,656,44,2024-04-25,2024,4,102.0,68.0,Tablet
9537,691,13,2023-04-17,2023,4,79.1,87.9,Tablet
9538,454,3,2024-08-04,2024,8,128.9,90.8,Tablet
9539,690,4,2024-07-16,2024,7,75.9,69.0,Desktop
9540,431,5,2023-06-02,2023,6,75.4,76.9,Desktop
9541,225,2,2024-06-09,2024,6,98.0,79.0,Tablet
9542,555,34,2023-11-15,2023,11,95.5,80.9,Tablet
9543,870,37,2024-07-06,2024,7,90.7,71.4,Desktop
9544,157,17,2025-03-07,2025,3,64.3,53.6,Laptop
9545,637,26,2024-06-27,2024,6,95.2,82.1,Desktop
9546,704,28,2023-07-01,2023,7,92.1,68.2,Laptop
9547,943,33,2023-07-11,2023,7,105.1,91.4,Smart TV
9548,13,3,2024-08-06,2024,8,114.9,80.9,Mobile
9549,921,21,2023-09-21,2023,9,81.7,70.4,Laptop
9550,605,23,2023-01-17,2023,1,49.8,44.5,Smart TV
9551,873,49,2025-04-01,2025,4,114.5,91.6,Tablet
9552,464,10,2025-01-14,2025,1,80.1,78.5,Mobile
9553,856,21,2024-01-27,2024,1,79.1,68.2,Desktop
9554,991,5,2023-10-11,2023,10,39.4,40.2,Desktop
9555,187,19,2025-02-09,2025,2,101.2,85.8,Laptop
9556,961,39,2024-10-19,2024,10,67.1,72.9,Mobile
9557,657,16,2024-04-05,2024,4,39.6,40.4,Laptop
9558,58,37,2023-10-13,2023,10,100.3,79.0,Smart TV
9559,680,14,2024-11-07,2024,11,64.4,43.5,Desktop
9560,419,41,2023-08-30,2023,8,81.9,69.4,Desktop
9561,88,15,2023-05-01,2023,5,100.4,88.1,Desktop
9562,65,24,2023-04-19,2023,4,71.6,71.6,Mobile
9563,727,16,2024-01-26,2024,1,83.1,84.8,Mobile
9564,27,18,2024-03-26,2024,3,95.3,75.6,Laptop
9565,443,47,2023-11-09,2023,11,68.8,58.3,Laptop
9566,62,23,2024-11-29,2024,11,94.9,84.7,Mobile
9567,337,7,2024-09-11,2024,9,107.8,82.9,Desktop
9568,262,10,2024-05-21,2024,5,75.4,73.9,Mobile
9569,887,46,2024-10-02,2024,10,57.1,64.9,Smart TV
9570,445,35,2024-09-02,2024,9,59.1,64.9,Tablet
9571,981,44,2023-02-21,2023,2,116.5,77.7,Desktop
9572,75,19,2023-11-12,2023,11,102.7,87.0,Tablet
9573,918,41,2024-03-12,2024,3,103.4,87.6,Tablet
9574,99,7,2024-05-03,2024,5,107.6,82.8,Smart TV
9575,856,39,2023-10-12,2023,10,16.4,17.8,Tablet
9576,52,36,2023-01-31,2023,1,78.4,62.2,Desktop
9577,762,23,2024-07-21,2024,7,54.1,48.3,Mobile
9578,262,40,2024-10-25,2024,10,100.7,69.9,Desktop
9579,999,45,2023-11-27,2023,11,90.0,80.4,Smart TV
9580,292,1,2023-02-04,2023,2,64.4,54.6,Smart TV
9581,86,24,2023-03-08,2023,3,82.3,82.3,Desktop
9582,886,27,2023-04-05,2023,4,54.1,63.6,Desktop
9583,446,12,2025-03-02,2025,3,57.7,48.1,Laptop
9584,626,20,2024-10-10,2024,10,49.3,56.0,Mobile
9585,625,18,2024-08-26,2024,8,117.8,93.5,Laptop
9586,885,33,2023-08-05,2023,8,58.3,50.7,Laptop
9587,78,39,2024-08-09,2024,8,19.6,21.3,Tablet
9588,238,14,2023-09-26,2023,9,134.7,91.0,Smart TV
9589,149,29,2025-02-08,2025,2,78.7,70.3,Tablet
9590,57,35,2023-12-02,2023,12,69.2,76.0,Smart TV
9591,433,33,2023-06-26,2023,6,63.1,54.9,Laptop
9592,760,24,2023-09-28,2023,9,52.1,52.1,Laptop
9593,263,35,2025-03-17,2025,3,42.0,46.1,Mobile
9594,121,8,2023-11-17,2023,11,48.7,51.8,Tablet
9595,617,18,2025-03-08,2025,3,53.9,42.8,Laptop
9596,891,7,2023-08-04,2023,8,100.0,76.9,Laptop
9597,378,16,2023-06-10,2023,6,87.6,89.4,Smart TV
9598,482,24,2023-01-15,2023,1,71.2,71.2,Smart TV
9599,625,32,2023-09-06,2023,9,62.6,44.7,Laptop
9600,919,11,2025-04-15,2025,4,80.3,60.8,Smart TV
9601,151,18,2023-08-29,2023,8,70.7,56.1,Smart TV
9602,99,48,2023-07-29,2023,7,90.8,74.4,Tablet
9603,811,37,2024-03-18,2024,3,77.7,61.2,Tablet
9604,170,36,2023-01-07,2023,1,88.8,70.5,Smart TV
9605,383,2,2023-01-13,2023,1,82.8,66.8,Laptop
9606,878,45,2023-11-30,2023,11,93.3,83.3,Desktop
9607,46,20,2025-03-11,2025,3,56.8,64.5,Laptop
9608,43,31,2024-11-26,2024,11,70.1,73.0,Desktop
9609,389,12,2024-01-10,2024,1,98.2,81.8,Desktop
9610,452,48,2023-07-04,2023,7,91.3,74.8,Tablet
9611,24,28,2025-02-09,2025,2,65.6,48.6,Laptop
9612,890,33,2024-04-19,2024,4,93.6,81.4,Tablet
9613,20,34,2023-03-03,2023,3,75.2,63.7,Desktop
9614,137,44,2023-05-20,2023,5,99.9,66.6,Smart TV
9615,960,46,2024-11-11,2024,11,48.8,55.4,Tablet
9616,383,2,2023-03-07,2023,3,50.7,40.9,Smart TV
9617,871,9,2024-10-13,2024,10,117.2,91.6,Mobile
9618,795,14,2023-11-04,2023,11,123.1,83.2,Laptop
9619,960,29,2024-05-03,2024,5,101.4,90.5,Tablet
9620,872,45,2024-07-11,2024,7,80.1,71.5,Tablet
9621,217,48,2024-05-14,2024,5,50.8,41.6,Tablet
9622,605,38,2024-07-04,2024,7,84.9,69.6,Desktop
9623,32,45,2023-12-07,2023,12,62.6,55.9,Smart TV
9624,553,38,2024-07-17,2024,7,100.0,82.0,Mobile
9625,818,12,2024-12-22,2024,12,57.5,47.9,Smart TV
9626,675,40,2024-02-04,2024,2,121.7,84.5,Laptop
9627,464,45,2025-02-04,2025,2,71.1,63.5,Smart TV
9628,778,42,2024-05-13,2024,5,92.6,84.2,Tablet
9629,277,19,2023-12-07,2023,12,52.3,44.3,Laptop
9630,950,25,2023-06-08,2023,6,132.7,91.5,Smart TV
9631,13,35,2024-11-03,2024,11,44.1,48.5,Tablet
9632,852,17,2024-11-23,2024,11,68.9,57.4,Smart TV
9633,603,37,2024-12-04,2024,12,103.9,81.8,Mobile
9634,215,34,2023-02-28,2023,2,80.5,68.2,Desktop
9635,695,25,2023-02-15,2023,2,130.4,89.9,Tablet
9636,584,38,2025-03-27,2025,3,95.4,78.2,Desktop
9637,614,17,2023-12-15,2023,12,47.5,39.6,Tablet
9638,674,34,2023-07-24,2023,7,84.8,71.9,Smart TV
9639,632,10,2023-03-14,2023,3,65.8,64.5,Desktop
9640,529,47,2024-01-22,2024,1,33.9,28.7,Smart TV
9641,497,33,2024-01-18,2024,1,92.5,80.4,Mobile
9642,769,4,2023-09-09,2023,9,73.5,66.8,Smart TV
9643,650,1,2024-01-04,2024,1,75.9,64.3,Laptop
9644,667,42,2025-02-12,2025,2,73.2,66.5,Smart TV
9645,324,41,2023-02-05,2023,2,94.2,79.8,Tablet
9646,629,20,2023-03-17,2023,3,44.6,50.7,Desktop
9647,542,35,2024-09-21,2024,9,66.2,72.7,Mobile
9648,694,36,2024-06-10,2024,6,104.5,82.9,Desktop
9649,959,25,2025-02-19,2025,2,47.4,32.7,Mobile
9650,94,1,2024-04-16,2024,4,50.4,42.7,Desktop
9651,763,12,2023-07-29,2023,7,96.6,80.5,Mobile
9652,251,27,2024-06-07,2024,6,56.1,66.0,Desktop
9653,679,33,2023-10-21,2023,10,65.3,56.8,Laptop
9654,215,32,2023-05-18,2023,5,117.2,83.7,Smart TV
9655,178,28,2025-03-20,2025,3,109.2,80.9,Tablet
9656,508,27,2023-08-06,2023,8,61.3,72.1,Smart TV
9657,795,5,2025-01-02,2025,1,66.2,67.5,Desktop
9658,57,20,2023-08-27,2023,8,43.6,49.5,Smart TV
9659,48,38,2024-04-25,2024,4,90.8,74.4,Tablet
9660,338,25,2024-06-08,2024,6,117.5,81.0,Laptop
9661,181,8,2024-07-22,2024,7,66.7,71.0,Mobile
9662,68,34,2025-02-03,2025,2,82.1,69.6,Tablet
9663,171,39,2023-04-04,2023,4,62.4,67.8,Smart TV
9664,108,8,2023-06-13,2023,6,49.6,52.8,Tablet
9665,317,25,2023-01-08,2023,1,77.7,53.6,Smart TV
9666,703,14,2023-04-20,2023,4,68.5,46.3,Tablet
9667,541,8,2024-04-03,2024,4,21.8,23.2,Smart TV
9668,721,16,2023-05-24,2023,5,69.3,70.7,Laptop
9669,539,35,2024-07-18,2024,7,29.8,32.8,Laptop
9670,626,11,2023-01-25,2023,1,87.6,66.4,Mobile
9671,878,17,2023-04-30,2023,4,77.4,64.5,Smart TV
9672,887,30,2023-06-21,2023,6,100.1,87.8,Mobile
9673,567,37,2023-04-16,2023,4,34.4,27.1,Laptop
9674,231,7,2023-02-13,2023,2,38.7,29.8,Mobile
9675,471,39,2024-11-05,2024,11,65.2,70.9,Mobile
9676,231,26,2024-10-14,2024,10,57.7,49.7,Smart TV
9677,557,42,2023-01-19,2023,1,43.8,39.8,Tablet
9678,978,3,2023-06-30,2023,6,46.1,32.5,Desktop
9679,669,36,2023-04-04,2023,4,108.1,85.8,Laptop
9680,6,5,2025-02-12,2025,2,63.3,64.6,Mobile
9681,887,46,2023-08-30,2023,8,23.8,27.0,Tablet
9682,508,10,2024-05-17,2024,5,49.5,48.5,Laptop
9683,374,4,2024-12-13,2024,12,89.0,80.9,Desktop
9684,8,28,2025-01-23,2025,1,116.5,86.3,Smart TV
9685,707,44,2023-12-26,2023,12,81.8,54.5,Smart TV
9686,372,2,2023-04-25,2023,4,114.8,92.6,Smart TV
9687,432,9,2023-11-30,2023,11,120.8,94.4,Mobile
9688,320,37,2023-10-06,2023,10,81.7,64.3,Mobile
9689,497,16,2023-02-06,2023,2,86.1,87.9,Laptop
9690,682,5,2025-04-09,2025,4,50.8,51.8,Smart TV
9691,227,43,2023-05-09,2023,5,32.0,32.3,Tablet
9692,454,13,2023-02-26,2023,2,74.2,82.4,Smart TV
9693,301,1,2024-05-04,2024,5,70.9,60.1,Smart TV
9694,347,37,2024-10-08,2024,10,101.0,79.5,Tablet
9695,346,16,2023-08-31,2023,8,72.6,74.1,Smart TV
9696,815,25,2023-08-19,2023,8,114.0,78.6,Desktop
9697,979,24,2024-05-07,2024,5,58.0,58.0,Smart TV
9698,620,7,2024-08-25,2024,8,79.0,60.8,Desktop
9699,20,45,2023-01-12,2023,1,35.8,32.0,Desktop
9700,306,7,2024-02-06,2024,2,61.2,47.1,Tablet
9701,500,24,2023-02-14,2023,2,41.9,41.9,Laptop
9702,441,34,2023-09-04,2023,9,92.2,78.1,Laptop
9703,401,24,2023-01-06,2023,1,93.5,93.5,Mobile
9704,231,37,2023-09-19,2023,9,105.7,83.2,Laptop
9705,889,24,2024-06-07,2024,6,81.0,81.0,Laptop
9706,398,48,2023-10-22,2023,10,94.9,77.8,Mobile
9707,101,33,2023-04-19,2023,4,95.5,83.0,Desktop
9708,22,9,2023-08-07,2023,8,63.6,49.7,Mobile
9709,385,23,2023-04-18,2023,4,85.0,75.9,Desktop
9710,954,39,2023-01-08,2023,1,21.2,23.0,Desktop
9711,115,32,2025-02-23,2025,2,87.6,62.6,Tablet
9712,993,22,2023-05-03,2023,5,112.6,90.1,Desktop
9713,948,11,2024-02-04,2024,2,112.3,85.1,Tablet
9714,485,41,2023-12-29,2023,12,99.8,84.6,Laptop
9715,411,7,2024-02-05,2024,2,101.4,78.0,Smart TV
9716,690,41,2024-06-11,2024,6,91.0,77.1,Laptop
9717,201,47,2024-09-10,2024,9,93.5,79.2,Laptop
9718,436,35,2025-01-31,2025,1,56.6,62.2,Tablet
9719,804,11,2023-01-11,2023,1,62.3,47.2,Mobile
9720,264,36,2024-05-12,2024,5,50.9,40.4,Mobile
9721,849,15,2024-01-28,2024,1,95.5,83.8,Laptop
9722,233,19,2024-05-14,2024,5,75.9,64.3,Laptop
9723,91,17,2023-10-26,2023,10,100.7,83.9,Tablet
9724,118,44,2024-08-19,2024,8,136.8,91.2,Laptop
9725,346,14,2023-03-07,2023,3,129.1,87.2,Laptop
9726,595,24,2023-12-30,2023,12,28.9,28.9,Desktop
9727,985,4,2023-02-20,2023,2,52.2,47.5,Desktop
9728,920,2,2024-03-12,2024,3,100.6,81.1,Laptop
9729,313,31,2023-07-20,2023,7,90.6,94.4,Tablet
9730,934,17,2023-05-19,2023,5,102.0,85.0,Smart TV
9731,608,17,2023-07-28,2023,7,79.6,66.3,Mobile
9732,39,40,2023-01-26,2023,1,106.8,74.2,Smart TV
9733,268,21,2023-02-28,2023,2,90.4,77.9,Mobile
9734,271,46,2024-03-16,2024,3,50.2,57.0,Smart TV
9735,857,13,2024-03-04,2024,3,44.5,49.4,Tablet
9736,61,28,2023-01-14,2023,1,66.8,49.5,Laptop
9737,174,22,2023-11-27,2023,11,111.9,89.5,Smart TV
9738,677,43,2023-03-24,2023,3,50.8,51.3,Mobile
9739,461,27,2023-07-10,2023,7,52.4,61.7,Desktop
9740,355,20,2023-03-12,2023,3,41.9,47.6,Mobile
9741,99,25,2023-09-11,2023,9,137.5,94.8,Tablet
9742,629,3,2023-12-26,2023,12,118.3,83.3,Laptop
9743,568,11,2024-07-20,2024,7,58.5,44.3,Smart TV
9744,629,14,2023-08-05,2023,8,122.4,82.7,Desktop
9745,761,26,2024-09-25,2024,9,89.7,77.3,Mobile
9746,27,49,2025-02-20,2025,2,110.6,88.5,Desktop
9747,168,38,2024-03-09,2024,3,95.4,78.2,Laptop
9748,445,7,2023-05-20,2023,5,110.5,85.0,Tablet
9749,292,25,2023-10-12,2023,10,117.7,81.2,Tablet
9750,386,17,2024-04-19,2024,4,88.4,73.7,Laptop
9751,392,11,2023-12-05,2023,12,117.5,89.0,Desktop
9752,268,23,2023-03-01,2023,3,92.1,82.2,Mobile
9753,665,20,2023-09-11,2023,9,65.7,74.7,Desktop
9754,595,37,2023-06-08,2023,6,80.0,63.0,Mobile
9755,902,38,2024-08-15,2024,8,107.6,88.2,Desktop
9756,443,8,2023-01-09,2023,1,49.0,52.1,Laptop
9757,784,7,2023-09-14,2023,9,71.8,55.2,Smart TV
9758,331,44,2023-12-08,2023,12,70.7,47.1,Smart TV
9759,191,44,2025-01-12,2025,1,109.7,73.1,Tablet
9760,346,37,2023-05-01,2023,5,92.5,72.8,Mobile
9761,882,37,2025-03-21,2025,3,110.2,86.8,Mobile
9762,798,23,2023-07-10,2023,7,81.2,72.5,Smart TV
9763,829,39,2025-02-28,2025,2,25.9,28.1,Laptop
9764,200,1,2024-03-19,2024,3,83.1,70.4,Mobile
9765,752,43,2024-07-08,2024,7,53.7,54.2,Mobile
9766,233,36,2024-06-23,2024,6,74.1,58.8,Mobile
9767,756,28,2024-10-14,2024,10,94.1,69.7,Tablet
9768,607,10,2024-12-13,2024,12,81.4,79.8,Mobile
9769,596,42,2023-05-06,2023,5,90.0,81.8,Laptop
9770,14,32,2023-04-14,2023,4,104.9,74.9,Mobile
9771,617,23,2024-05-11,2024,5,66.1,59.0,Laptop
9772,357,46,2023-10-12,2023,10,50.0,56.8,Mobile
9773,911,20,2023-09-11,2023,9,64.2,73.0,Tablet
9774,213,36,2024-10-20,2024,10,75.3,59.8,Mobile
9775,791,45,2024-10-10,2024,10,67.9,60.6,Laptop
9776,424,32,2024-03-10,2024,3,106.7,76.2,Desktop
9777,937,30,2024-10-01,2024,10,56.1,49.2,Tablet
9778,185,48,2024-02-23,2024,2,66.2,54.3,Tablet
9779,224,11,2023-09-28,2023,9,121.6,92.1,Tablet
9780,775,3,2023-07-15,2023,7,112.6,79.3,Desktop
9781,81,37,2024-11-13,2024,11,122.3,96.3,Laptop
9782,419,26,2025-02-22,2025,2,70.6,60.9,Mobile
9783,947,17,2023-03-06,2023,3,95.6,79.7,Laptop
9784,196,2,2024-04-04,2024,4,81.1,65.4,Smart TV
9785,154,37,2025-03-09,2025,3,90.6,71.3,Tablet
9786,831,45,2024-07-14,2024,7,46.0,41.1,Tablet
9787,35,23,2025-04-09,2025,4,90.9,81.2,Mobile
9788,598,7,2024-04-27,2024,4,109.5,84.2,Smart TV
9789,698,18,2023-07-10,2023,7,110.0,87.3,Tablet
9790,768,16,2024-03-28,2024,3,55.0,56.1,Smart TV
9791,474,16,2024-06-30,2024,6,34.6,35.3,Smart TV
9792,994,5,2024-06-22,2024,6,41.9,42.8,Mobile
9793,193,23,2024-11-21,2024,11,78.4,70.0,Mobile
9794,825,28,2025-02-06,2025,2,99.9,74.0,Tablet
9795,128,5,2023-04-22,2023,4,47.9,48.9,Tablet
9796,948,11,2023-01-26,2023,1,89.9,68.1,Laptop
9797,473,35,2024-05-08,2024,5,64.2,70.5,Laptop
9798,320,8,2023-10-15,2023,10,47.9,51.0,Laptop
9799,813,27,2023-11-09,2023,11,70.3,82.7,Smart TV
9800,66,42,2023-04-11,2023,4,92.0,83.6,Desktop
9801,547,21,2024-08-29,2024,8,58.3,50.3,Tablet
9802,237,31,2024-10-14,2024,10,78.1,81.4,Mobile
9803,559,42,2024-06-19,2024,6,97.2,88.4,Laptop
9804,229,36,2023-07-19,2023,7,44.6,35.4,Laptop
9805,561,43,2024-01-10,2024,1,68.9,69.6,Mobile
9806,415,24,2024-03-19,2024,3,27.1,27.1,Desktop
9807,992,4,2024-11-25,2024,11,92.6,84.2,Laptop
9808,919,5,2024-06-04,2024,6,26.8,27.3,Smart TV
9809,289,19,2024-02-16,2024,2,100.1,84.8,Smart TV
9810,570,34,2025-03-11,2025,3,58.8,49.8,Mobile
9811,479,14,2023-09-26,2023,9,118.4,80.0,Mobile
9812,950,35,2024-04-13,2024,4,67.0,73.6,Smart TV
9813,81,17,2024-07-31,2024,7,62.3,51.9,Mobile
9814,529,6,2023-07-14,2023,7,78.7,68.4,Smart TV
9815,782,10,2024-08-26,2024,8,83.6,82.0,Desktop
9816,763,1,2023-11-09,2023,11,73.2,62.0,Smart TV
9817,4,42,2024-06-21,2024,6,92.4,84.0,Smart TV
9818,284,37,2023-04-25,2023,4,99.4,78.3,Tablet
9819,294,32,2024-02-27,2024,2,79.0,56.4,Smart TV
9820,743,31,2023-07-22,2023,7,71.0,74.0,Tablet
9821,569,7,2023-07-28,2023,7,114.3,87.9,Tablet
9822,665,9,2024-12-16,2024,12,62.7,49.0,Tablet
9823,830,45,2025-03-10,2025,3,82.8,73.9,Desktop
9824,77,24,2023-12-20,2023,12,88.9,88.9,Desktop
9825,190,24,2024-12-05,2024,12,71.2,71.2,Smart TV
9826,35,12,2023-04-01,2023,4,62.8,52.3,Tablet
9827,65,27,2023-02-22,2023,2,39.4,46.3,Laptop
9828,75,47,2024-04-29,2024,4,97.7,82.8,Tablet
9829,414,1,2023-06-08,2023,6,84.4,71.5,Laptop
9830,613,1,2024-04-28,2024,4,57.6,48.8,Laptop
9831,544,33,2023-03-14,2023,3,28.1,24.4,Mobile
9832,255,38,2023-04-01,2023,4,81.3,66.6,Desktop
9833,77,12,2024-06-27,2024,6,85.8,71.5,Smart TV
9834,455,40,2024-10-10,2024,10,77.6,53.9,Desktop
9835,337,41,2024-08-03,2024,8,63.8,54.1,Mobile
9836,796,36,2023-06-08,2023,6,117.9,93.6,Smart TV
9837,807,29,2024-10-23,2024,10,103.8,92.7,Mobile
9838,281,28,2024-08-08,2024,8,84.5,62.6,Desktop
9839,325,16,2025-04-27,2025,4,81.7,83.4,Desktop
9840,529,47,2023-06-02,2023,6,65.5,55.5,Smart TV
9841,44,29,2023-06-21,2023,6,86.6,77.3,Desktop
9842,425,7,2024-11-26,2024,11,53.4,41.1,Tablet
9843,819,44,2025-03-18,2025,3,125.5,83.7,Smart TV
9844,237,4,2025-04-17,2025,4,88.1,80.1,Tablet
9845,566,2,2023-03-08,2023,3,98.5,79.4,Laptop
9846,395,32,2023-02-08,2023,2,136.5,97.5,Laptop
9847,721,5,2023-06-04,2023,6,89.9,91.7,Laptop
9848,302,29,2023-04-18,2023,4,108.5,96.9,Smart TV
9849,39,36,2023-07-26,2023,7,104.3,82.8,Smart TV
9850,292,36,2024-04-02,2024,4,75.6,60.0,Laptop
9851,413,12,2023-08-08,2023,8,102.2,85.2,Desktop
9852,663,36,2024-03-11,2024,3,101.3,80.4,Tablet
9853,949,15,2025-04-02,2025,4,96.3,84.5,Tablet
9854,471,27,2023-01-26,2023,1,74.0,87.1,Smart TV
9855,626,42,2024-12-04,2024,12,67.7,61.5,Mobile
9856,723,16,2024-02-22,2024,2,72.3,73.8,Desktop
9857,51,28,2024-01-04,2024,1,112.6,83.4,Laptop
9858,77,45,2024-02-27,2024,2,84.7,75.6,Laptop
9859,660,15,2024-03-01,2024,3,75.1,65.9,Smart TV
9860,692,16,2024-05-02,2024,5,80.5,82.1,Laptop
9861,427,6,2024-06-03,2024,6,66.2,57.6,Smart TV
9862,351,31,2024-04-08,2024,4,67.2,70.0,Tablet
9863,911,34,2024-01-06,2024,1,87.4,74.1,Desktop
9864,284,22,2024-06-01,2024,6,68.6,54.9,Mobile
9865,549,44,2025-04-03,2025,4,107.5,71.7,Smart TV
9866,451,19,2023-11-16,2023,11,86.3,73.1,Desktop
9867,926,11,2023-07-14,2023,7,109.3,82.8,Tablet
9868,39,19,2023-05-14,2023,5,67.7,57.4,Laptop
9869,5,12,2023-12-26,2023,12,103.0,85.8,Tablet
9870,509,41,2023-03-05,2023,3,57.1,48.4,Tablet
9871,832,34,2023-06-27,2023,6,90.5,76.7,Desktop
9872,569,35,2023-03-15,2023,3,64.6,71.0,Mobile
9873,986,15,2024-03-24,2024,3,92.6,81.2,Smart TV
9874,783,11,2024-08-26,2024,8,77.9,59.0,Smart TV
9875,855,33,2025-04-19,2025,4,93.7,81.5,Mobile
9876,312,14,2024-05-17,2024,5,83.5,56.4,Smart TV
9877,448,40,2025-04-21,2025,4,105.7,73.4,Mobile
9878,525,47,2024-01-20,2024,1,71.6,60.7,Mobile
9879,16,34,2024-02-28,2024,2,98.6,83.6,Mobile
9880,630,38,2024-04-18,2024,4,109.9,90.1,Mobile
9881,888,32,2025-01-12,2025,1,115.2,82.3,Smart TV
9882,640,14,2024-11-25,2024,11,59.8,40.4,Smart TV
9883,638,20,2023-02-03,2023,2,51.4,58.4,Laptop
9884,603,19,2023-07-05,2023,7,74.6,63.2,Mobile
9885,68,26,2024-01-18,2024,1,79.2,68.3,Laptop
9886,328,31,2023-11-05,2023,11,69.2,72.1,Smart TV
9887,650,10,2024-07-22,2024,7,40.0,39.2,Mobile
9888,702,43,2024-05-22,2024,5,78.2,79.0,Mobile
9889,804,22,2024-02-08,2024,2,47.0,37.6,Laptop
9890,323,31,2023-08-04,2023,8,69.3,72.2,Laptop
9891,119,4,2024-08-08,2024,8,72.5,65.9,Mobile
9892,765,28,2024-01-24,2024,1,115.6,85.6,Tablet
9893,900,44,2023-03-10,2023,3,117.9,78.6,Smart TV
9894,82,29,2024-01-23,2024,1,73.8,65.9,Smart TV
9895,301,19,2024-12-11,2024,12,75.6,64.1,Desktop
9896,475,45,2024-08-27,2024,8,46.8,41.8,Mobile
9897,301,14,2023-08-24,2023,8,122.5,82.8,Tablet
9898,888,40,2024-04-07,2024,4,88.3,61.3,Laptop
9899,868,24,2023-09-27,2023,9,65.2,65.2,Mobile
9900,394,36,2023-07-15,2023,7,72.3,57.4,Smart TV
9901,428,2,2024-01-17,2024,1,64.2,51.8,Desktop
9902,560,11,2025-04-12,2025,4,101.9,77.2,Desktop
9903,722,38,2024-03-21,2024,3,91.9,75.3,Tablet
9904,744,4,2024-07-13,2024,7,88.5,80.5,Mobile
9905,527,30,2025-02-14,2025,2,69.3,60.8,Desktop
9906,38,19,2023-04-21,2023,4,69.4,58.8,Mobile
9907,198,27,2023-08-17,2023,8,51.8,60.9,Laptop
9908,342,7,2023-05-22,2023,5,110.0,84.6,Tablet
9909,124,37,2023-09-04,2023,9,110.9,87.3,Desktop
9910,58,11,2023-06-11,2023,6,103.5,78.4,Desktop
9911,214,2,2024-09-07,2024,9,96.7,78.0,Laptop
9912,302,14,2023-03-13,2023,3,118.0,79.7,Mobile
9913,811,13,2023-10-09,2023,10,61.9,68.8,Laptop
9914,852,29,2024-09-13,2024,9,85.6,76.4,Mobile
9915,942,3,2024-05-01,2024,5,72.6,51.1,Tablet
9916,397,49,2024-07-24,2024,7,87.8,70.2,Smart TV
9917,59,25,2024-10-18,2024,10,76.8,53.0,Tablet
9918,357,29,2024-06-23,2024,6,105.8,94.5,Tablet
9919,715,5,2024-10-24,2024,10,35.2,35.9,Mobile
9920,292,7,2023-08-30,2023,8,85.2,65.5,Tablet
9921,495,25,2024-05-13,2024,5,110.3,76.1,Desktop
9922,673,45,2024-10-21,2024,10,58.7,52.4,Smart TV
9923,737,9,2023-10-05,2023,10,112.0,87.5,Tablet
9924,491,14,2024-04-24,2024,4,59.6,40.3,Tablet
9925,483,21,2023-12-03,2023,12,97.1,83.7,Desktop
9926,122,9,2023-01-31,2023,1,110.1,86.0,Laptop
9927,343,17,2024-11-17,2024,11,37.4,31.2,Smart TV
9928,552,46,2024-10-01,2024,10,42.5,48.3,Laptop
9929,209,36,2025-01-24,2025,1,91.2,72.4,Tablet
9930,861,38,2024-04-02,2024,4,80.3,65.8,Laptop
9931,979,8,2023-08-30,2023,8,51.0,54.3,Laptop
9932,785,35,2024-06-17,2024,6,54.6,60.0,Desktop
9933,401,39,2023-01-09,2023,1,54.1,58.8,Tablet
9934,238,37,2023-03-22,2023,3,121.9,96.0,Laptop
9935,126,35,2024-12-10,2024,12,57.6,63.3,Desktop
9936,293,40,2023-02-24,2023,2,114.9,79.8,Laptop
9937,267,30,2023-10-13,2023,10,58.3,51.1,Mobile
9938,464,9,2024-01-06,2024,1,76.2,59.5,Laptop
9939,744,10,2024-05-06,2024,5,75.5,74.0,Mobile
9940,63,39,2023-12-09,2023,12,68.6,74.6,Smart TV
9941,563,31,2023-10-11,2023,10,85.7,89.3,Tablet
9942,326,6,2024-09-20,2024,9,64.1,55.7,Mobile
9943,954,17,2024-01-26,2024,1,101.3,84.4,Smart TV
9944,460,35,2023-06-22,2023,6,75.6,83.1,Mobile
9945,234,21,2024-02-28,2024,2,83.8,72.2,Desktop
9946,624,45,2023-04-28,2023,4,88.8,79.3,Mobile
9947,574,42,2024-10-24,2024,10,70.4,64.0,Tablet
9948,492,30,2023-01-01,2023,1,100.9,88.5,Tablet
9949,367,2,2023-04-19,2023,4,63.9,51.5,Desktop
9950,221,39,2024-10-04,2024,10,46.8,50.9,Tablet
9951,858,40,2024-05-04,2024,5,115.2,80.0,Laptop
9952,792,44,2025-04-09,2025,4,98.0,65.3,Smart TV
9953,95,49,2024-05-05,2024,5,104.5,83.6,Mobile
9954,532,26,2023-07-05,2023,7,76.6,66.0,Tablet
9955,753,49,2024-06-24,2024,6,82.8,66.2,Tablet
9956,924,15,2025-03-25,2025,3,61.9,54.3,Desktop
9957,402,14,2025-03-21,2025,3,107.6,72.7,Smart TV
9958,11,13,2023-05-26,2023,5,50.0,55.5,Laptop
9959,702,40,2024-06-12,2024,6,96.2,66.8,Mobile
9960,625,17,2024-02-17,2024,2,78.5,65.4,Laptop
9961,581,32,2024-04-08,2024,4,45.6,32.6,Laptop
9962,231,26,2023-11-01,2023,11,66.6,57.4,Smart TV
9963,837,17,2024-07-30,2024,7,93.7,78.1,Laptop
9964,106,9,2023-04-22,2023,4,100.2,78.3,Tablet
9965,175,4,2024-07-07,2024,7,86.0,78.2,Mobile
9966,718,12,2024-06-27,2024,6,91.9,76.6,Laptop
9967,940,33,2023-06-17,2023,6,83.5,72.6,Mobile
9968,809,44,2024-08-26,2024,8,73.7,49.1,Mobile
9969,364,16,2024-01-30,2024,1,59.7,60.9,Laptop
9970,649,23,2024-02-13,2024,2,80.9,72.2,Desktop
9971,429,39,2023-02-10,2023,2,30.2,32.8,Smart TV
9972,898,14,2023-07-12,2023,7,61.6,41.6,Laptop
9973,137,20,2023-01-15,2023,1,69.4,78.9,Mobile
9974,951,21,2024-10-14,2024,10,79.7,68.7,Desktop
9975,707,18,2024-12-12,2024,12,106.6,84.6,Tablet
9976,434,34,2024-03-03,2024,3,111.6,94.6,Mobile
9977,668,12,2024-05-06,2024,5,82.0,68.3,Desktop
9978,761,13,2025-04-03,2025,4,41.3,45.9,Laptop
9979,447,40,2023-11-15,2023,11,128.6,89.3,Mobile
9980,96,36,2023-10-02,2023,10,71.2,56.5,Laptop
9981,459,26,2024-01-23,2024,1,47.4,40.9,Smart TV
9982,906,37,2025-01-02,2025,1,105.8,83.3,Mobile
9983,749,27,2023-10-16,2023,10,37.6,44.2,Desktop
9984,315,5,2024-10-13,2024,10,76.3,77.9,Tablet
9985,910,16,2024-11-15,2024,11,49.6,50.6,Tablet
9986,378,9,2023-08-06,2023,8,72.3,56.5,Tablet
9987,379,45,2024-01-06,2024,1,65.3,58.3,Mobile
9988,131,43,2025-03-30,2025,3,37.5,37.9,Desktop
9989,288,48,2024-02-26,2024,2,83.7,68.6,Smart TV
9990,447,17,2023-11-06,2023,11,95.0,79.2,Mobile
9991,894,39,2025-04-21,2025,4,59.5,64.7,Desktop
9992,920,39,2023-04-28,2023,4,61.9,67.3,Laptop
9993,218,22,2025-04-14,2025,4,97.1,77.7,Smart TV
9994,352,41,2025-01-02,2025,1,110.2,93.4,Tablet
9995,129,35,2024-11-15,2024,11,66.8,73.4,Mobile
9996,509,45,2024-06-07,2024,6,45.9,41.0,Smart TV
9997,801,33,2023-10-18,2023,10,108.0,93.9,Tablet
9998,815,22,2023-03-16,2023,3,69.6,55.7,Laptop
9999,794,3,2024-04-19,2024,4,112.3,79.1,Desktop
10000,91,33,2025-01-22,2025,1,69.7,60.6,Laptop
10001,716,1,2025-04-23,2025,4,101.7,86.2,Smart TV
10002,686,1,2025-02-03,2025,2,80.4,68.1,Laptop
10003,688,1,2025-04-30,2025,4,94.5,80.1,Laptop
10004,428,1,2025-04-02,2025,4,95.8,81.2,Smart TV
10005,61,1,2025-02-21,2025,2,104.0,88.1,Tablet
10006,112,1,2025-01-13,2025,1,104.2,88.3,Laptop
10007,790,1,2025-03-17,2025,3,99.2,84.1,Tablet
10008,160,1,2025-02-12,2025,2,91.5,77.5,Mobile
10009,238,1,2025-01-16,2025,1,94.5,80.1,Laptop
10010,388,1,2025-02-09,2025,2,91.0,77.1,Desktop
10011,802,1,2025-02-02,2025,2,92.7,78.6,Smart TV
10012,561,1,2025-01-03,2025,1,105.8,89.7,Laptop
10013,689,1,2025-01-03,2025,1,81.2,68.8,Smart TV
10014,799,1,2025-04-27,2025,4,106.9,90.6,Smart TV
10015,111,1,2025-03-15,2025,3,95.9,81.3,Mobile
10016,979,1,2025-03-02,2025,3,102.4,86.8,Smart TV
10017,16,1,2025-04-23,2025,4,109.9,93.1,Smart TV
10018,596,1,2025-01-04,2025,1,109.9,93.1,Smart TV
10019,778,1,2025-02-04,2025,2,104.4,88.5,Smart TV
10020,969,1,2025-01-24,2025,1,107.3,90.9,Smart TV
10021,902,1,2025-02-19,2025,2,86.7,73.5,Laptop
10022,698,1,2025-02-16,2025,2,107.9,91.4,Laptop
10023,724,1,2025-02-14,2025,2,112.8,95.6,Tablet
10024,839,1,2025-01-19,2025,1,110.9,94.0,Laptop
10025,622,1,2025-03-05,2025,3,96.5,81.8,Laptop
10026,751,1,2025-04-29,2025,4,98.9,83.8,Smart TV
10027,855,1,2025-05-06,2025,5,108.8,92.2,Desktop
10028,249,1,2025-03-19,2025,3,103.0,87.3,Laptop
10029,213,1,2025-01-10,2025,1,78.0,66.1,Laptop
10030,82,1,2025-05-05,2025,5,101.8,86.3,Desktop
10031,362,1,2025-04-08,2025,4,99.0,83.9,Tablet
10032,544,1,2025-04-28,2025,4,89.1,75.5,Desktop
10033,963,1,2025-04-20,2025,4,76.0,64.4,Desktop
10034,349,1,2025-03-03,2025,3,88.7,75.2,Desktop
10035,249,1,2025-03-19,2025,3,99.0,83.9,Smart TV
10036,13,1,2025-03-29,2025,3,110.0,93.2,Desktop
10037,617,1,2025-03-13,2025,3,98.5,83.5,Laptop
10038,647,1,2025-03-24,2025,3,103.1,87.4,Desktop
10039,300,1,2025-02-21,2025,2,107.5,91.1,Mobile
10040,853,1,2025-02-27,2025,2,107.5,91.1,Laptop
10041,890,1,2025-02-23,2025,2,87.6,74.2,Laptop
10042,696,1,2025-04-06,2025,4,96.8,82.0,Tablet
10043,4,1,2025-04-25,2025,4,90.2,76.4,Smart TV
10044,459,1,2025-01-13,2025,1,112.8,95.6,Desktop
10045,458,1,2025-02-15,2025,2,101.2,85.8,Laptop
10046,55,1,2025-04-12,2025,4,102.9,87.2,Mobile
10047,681,1,2025-01-17,2025,1,78.7,66.7,Laptop
10048,908,1,2025-05-06,2025,5,105.1,89.1,Smart TV
10049,47,1,2025-02-02,2025,2,97.5,82.6,Desktop
10050,934,1,2025-01-07,2025,1,110.9,94.0,Laptop
10051,214,1,2025-03-16,2025,3,76.9,65.2,Tablet
10052,846,1,2025-02-03,2025,2,112.0,94.9,Laptop
10053,492,1,2025-03-05,2025,3,89.2,75.6,Smart TV
10054,43,1,2025-01-20,2025,1,93.8,79.5,Laptop
10055,845,1,2025-04-25,2025,4,108.1,91.6,Mobile
10056,699,1,2025-03-03,2025,3,91.3,77.4,Mobile
10057,588,1,2025-03-03,2025,3,82.8,70.2,Desktop
10058,669,1,2025-03-21,2025,3,107.4,91.0,Mobile
10059,124,1,2025-01-09,2025,1,88.7,75.2,Smart TV
10060,776,1,2025-02-20,2025,2,100.3,85.0,Smart TV
10061,626,1,2025-03-29,2025,3,114.3,96.9,Mobile
10062,753,1,2025-02-20,2025,2,104.0,88.1,Laptop
10063,951,1,2025-01-17,2025,1,111.2,94.2,Mobile
10064,654,1,2025-04-10,2025,4,115.2,97.6,Tablet
10065,679,1,2025-02-23,2025,2,92.9,78.7,Mobile
10066,30,1,2025-03-04,2025,3,106.0,89.8,Smart TV
10067,355,1,2025-01-24,2025,1,98.9,83.8,Tablet
10068,376,1,2025-01-18,2025,1,115.8,98.1,Mobile
10069,557,1,2025-02-01,2025,2,84.6,71.7,Smart TV
10070,12,1,2025-03-25,2025,3,73.9,62.6,Tablet
10071,82,1,2025-03-23,2025,3,110.2,93.4,Smart TV
10072,183,1,2025-01-12,2025,1,95.1,80.6,Desktop
10073,958,1,2025-01-06,2025,1,81.1,68.7,Tablet
10074,303,1,2025-01-09,2025,1,108.7,92.1,Tablet
10075,898,1,2025-02-18,2025,2,106.4,90.2,Laptop
10076,216,1,2025-05-02,2025,5,78.9,66.9,Tablet
10077,25,1,2025-04-13,2025,4,93.8,79.5,Desktop
10078,878,1,2025-03-26,2025,3,91.2,77.3,Tablet
10079,503,1,2025-01-18,2025,1,90.3,76.5,Laptop
10080,392,1,2025-04-18,2025,4,107.1,90.8,Laptop
10081,486,1,2025-01-15,2025,1,79.1,67.0,Mobile
10082,810,1,2025-02-20,2025,2,81.3,68.9,Tablet
10083,983,1,2025-03-24,2025,3,91.3,77.4,Tablet
10084,542,1,2025-03-10,2025,3,110.8,93.9,Smart TV
10085,75,1,2025-02-02,2025,2,85.5,72.5,Mobile
10086,41,1,2025-01-08,2025,1,99.4,84.2,Desktop
10087,27,1,2025-03-06,2025,3,105.1,89.1,Tablet
10088,636,1,2025-04-14,2025,4,113.0,95.8,Desktop
10089,738,1,2025-01-06,2025,1,106.8,90.5,Mobile
10090,468,1,2025-01-08,2025,1,107.0,90.7,Tablet
10091,278,1,2025-03-01,2025,3,104.5,88.6,Tablet
10092,758,1,2025-02-12,2025,2,101.8,86.3,Laptop
10093,466,1,2025-04-07,2025,4,96.3,81.6,Desktop
10094,22,1,2025-04-24,2025,4,90.9,77.0,Smart TV
10095,409,1,2025-03-22,2025,3,99.5,84.3,Laptop
10096,649,1,2025-03-17,2025,3,107.4,91.0,Laptop
10097,787,1,2025-03-04,2025,3,112.5,95.3,Mobile
10098,854,1,2025-05-05,2025,5,76.9,65.2,Desktop
10099,780,1,2025-03-21,2025,3,106.6,90.3,Desktop
10100,859,1,2025-03-22,2025,3,90.5,76.7,Tablet
10101,542,1,2025-02-06,2025,2,101.8,86.3,Tablet
10102,323,1,2025-01-21,2025,1,90.5,76.7,Mobile
10103,551,1,2025-01-01,2025,1,93.5,79.2,Smart TV
10104,199,1,2025-02-03,2025,2,110.6,93.7,Mobile
10105,271,1,2025-03-20,2025,3,109.0,92.4,Smart TV
10106,27,1,2025-04-11,2025,4,99.5,84.3,Mobile
10107,3,1,2025-01-04,2025,1,87.3,74.0,Tablet
10108,358,1,2025-02-13,2025,2,92.4,78.3,Laptop
10109,208,1,2025-04-14,2025,4,106.3,90.1,Desktop
10110,445,1,2025-04-14,2025,4,93.6,79.3,Mobile
10111,972,1,2025-02-24,2025,2,90.2,76.4,Smart TV
10112,350,1,2025-01-11,2025,1,84.4,71.5,Smart TV
10113,840,1,2025-05-07,2025,5,104.4,88.5,Mobile
10114,198,1,2025-04-18,2025,4,108.8,92.2,Desktop
10115,168,1,2025-01-12,2025,1,99.8,84.6,Smart TV
10116,398,1,2025-05-03,2025,5,90.9,77.0,Smart TV
10117,887,1,2025-01-04,2025,1,102.0,86.4,Mobile
10118,802,1,2025-05-02,2025,5,107.4,91.0,Laptop
10119,567,1,2025-04-30,2025,4,114.6,97.1,Mobile
10120,549,1,2025-04-24,2025,4,105.8,89.7,Tablet
10121,902,1,2025-03-30,2025,3,82.7,70.1,Smart TV
10122,791,1,2025-02-17,2025,2,100.8,85.4,Laptop
10123,312,1,2025-03-31,2025,3,110.7,93.8,Mobile
10124,408,1,2025-05-06,2025,5,94.6,80.2,Tablet
10125,945,1,2025-03-03,2025,3,85.8,72.7,Mobile
10126,137,1,2025-02-26,2025,2,84.6,71.7,Tablet
10127,529,1,2025-01-14,2025,1,72.0,61.0,Desktop
10128,922,1,2025-01-13,2025,1,114.0,96.6,Tablet
10129,426,1,2025-04-26,2025,4,98.4,83.4,Smart TV
10130,935,1,2025-02-17,2025,2,85.9,72.8,Laptop
10131,156,1,2025-04-30,2025,4,98.1,83.1,Smart TV
10132,848,1,2025-03-25,2025,3,99.1,84.0,Mobile
10133,13,1,2025-02-27,2025,2,107.7,91.3,Tablet
10134,547,1,2025-02-22,2025,2,101.4,85.9,Tablet
10135,281,1,2025-02-23,2025,2,116.1,98.4,Laptop
10136,104,1,2025-02-07,2025,2,99.8,84.6,Smart TV
10137,359,1,2025-04-22,2025,4,103.7,87.9,Laptop
10138,438,1,2025-03-12,2025,3,102.7,87.0,Smart TV
10139,652,1,2025-03-01,2025,3,93.6,79.3,Smart TV
10140,352,1,2025-01-23,2025,1,94.6,80.2,Tablet
10141,948,1,2025-02-18,2025,2,101.8,86.3,Desktop
10142,656,1,2025-03-30,2025,3,100.4,85.1,Tablet
10143,831,1,2025-04-07,2025,4,90.6,76.8,Desktop
10144,383,1,2025-01-12,2025,1,97.1,82.3,Tablet
10145,35,1,2025-01-29,2025,1,106.8,90.5,Smart TV
10146,673,1,2025-03-03,2025,3,107.1,90.8,Mobile
10147,103,1,2025-02-03,2025,2,105.5,89.4,Mobile
10148,904,1,2025-03-20,2025,3,95.9,81.3,Mobile
10149,696,1,2025-02-26,2025,2,108.4,91.9,Mobile
10150,360,1,2025-03-24,2025,3,116.6,98.8,Mobile
10151,636,1,2025-03-20,2025,3,113.0,95.8,Smart TV
10152,145,1,2025-01-29,2025,1,80.9,68.6,Laptop
10153,500,1,2025-04-27,2025,4,100.4,85.1,Laptop
10154,735,1,2025-03-17,2025,3,98.1,83.1,Mobile
10155,371,1,2025-03-23,2025,3,114.0,96.6,Desktop
10156,723,1,2025-02-14,2025,2,105.7,89.6,Smart TV
10157,236,1,2025-04-13,2025,4,108.1,91.6,Laptop
10158,94,1,2025-02-20,2025,2,85.8,72.7,Desktop
10159,700,1,2025-05-05,2025,5,111.6,94.6,Mobile
10160,445,1,2025-01-24,2025,1,102.1,86.5,Desktop
10161,90,1,2025-02-11,2025,2,106.7,90.4,Tablet
10162,408,1,2025-01-07,2025,1,105.1,89.1,Smart TV
10163,28,1,2025-05-05,2025,5,112.5,95.3,Desktop
10164,60,1,2025-02-14,2025,2,112.9,95.7,Desktop
10165,221,1,2025-02-03,2025,2,112.5,95.3,Laptop
10166,836,1,2025-03-14,2025,3,89.9,76.2,Smart TV
10167,330,1,2025-02-25,2025,2,101.5,86.0,Desktop
10168,511,1,2025-02-26,2025,2,104.0,88.1,Smart TV
10169,292,1,2025-03-04,2025,3,86.8,73.6,Laptop
10170,97,1,2025-04-01,2025,4,98.3,83.3,Tablet
10171,148,1,2025-01-13,2025,1,108.6,92.0,Tablet
10172,764,1,2025-02-07,2025,2,91.6,77.6,Desktop
10173,417,1,2025-02-06,2025,2,100.7,85.3,Smart TV
10174,618,1,2025-03-23,2025,3,89.7,76.0,Tablet
10175,541,1,2025-01-31,2025,1,106.9,90.6,Desktop
10176,495,1,2025-01-04,2025,1,103.6,87.8,Smart TV
10177,598,1,2025-04-19,2025,4,95.2,80.7,Tablet
10178,689,1,2025-01-22,2025,1,102.4,86.8,Desktop
10179,42,1,2025-03-13,2025,3,94.4,80.0,Laptop
10180,539,1,2025-04-12,2025,4,87.4,74.1,Smart TV
10181,449,1,2025-03-03,2025,3,111.5,94.5,Smart TV
10182,105,1,2025-04-21,2025,4,112.2,95.1,Laptop
10183,534,1,2025-01-13,2025,1,86.0,72.9,Desktop
10184,934,1,2025-03-01,2025,3,97.2,82.4,Tablet
10185,229,1,2025-02-04,2025,2,74.3,63.0,Mobile
10186,638,1,2025-02-26,2025,2,114.7,97.2,Laptop
10187,268,1,2025-04-28,2025,4,115.6,98.0,Tablet
10188,350,1,2025-04-02,2025,4,88.9,75.3,Smart TV
10189,311,1,2025-02-21,2025,2,109.7,93.0,Tablet
10190,529,1,2025-04-13,2025,4,95.1,80.6,Mobile
10191,423,1,2025-03-17,2025,3,88.6,75.1,Tablet
10192,380,1,2025-01-10,2025,1,99.5,84.3,Smart TV
10193,381,1,2025-03-30,2025,3,105.0,89.0,Desktop
10194,305,1,2025-02-11,2025,2,92.4,78.3,Tablet
10195,30,1,2025-04-02,2025,4,104.2,88.3,Laptop
10196,8,1,2025-03-22,2025,3,77.2,65.4,Tablet
10197,267,1,2025-03-29,2025,3,95.1,80.6,Desktop
10198,978,1,2025-01-06,2025,1,100.2,84.9,Tablet
10199,320,1,2025-03-10,2025,3,99.5,84.3,Laptop
10200,118,1,2025-01-29,2025,1,102.0,86.4,Smart TV
10201,122,1,2025-01-23,2025,1,99.4,84.2,Mobile
10202,508,1,2025-03-10,2025,3,108.0,91.5,Smart TV
10203,359,1,2025-03-19,2025,3,93.3,79.1,Smart TV
10204,653,1,2025-04-28,2025,4,110.4,93.6,Smart TV
10205,943,1,2025-02-02,2025,2,96.2,81.5,Laptop
10206,846,1,2025-05-03,2025,5,108.7,92.1,Desktop
10207,550,1,2025-01-16,2025,1,97.1,82.3,Mobile
10208,680,1,2025-01-25,2025,1,110.7,93.8,Smart TV
10209,317,1,2025-01-14,2025,1,100.3,85.0,Laptop
10210,319,1,2025-02-22,2025,2,84.6,71.7,Laptop
10211,102,1,2025-01-14,2025,1,104.7,88.7,Desktop
10212,672,1,2025-01-14,2025,1,78.5,66.5,Mobile
10213,300,1,2025-03-28,2025,3,108.0,91.5,Smart TV
10214,582,1,2025-03-24,2025,3,105.1,89.1,Mobile
10215,645,1,2025-01-22,2025,1,109.3,92.6,Desktop
10216,840,1,2025-03-25,2025,3,91.3,77.4,Laptop
10217,533,1,2025-02-02,2025,2,93.2,79.0,Mobile
10218,691,1,2025-01-13,2025,1,86.3,73.1,Tablet
10219,76,1,2025-01-18,2025,1,110.9,94.0,Tablet
10220,715,1,2025-01-14,2025,1,111.9,94.8,Tablet
10221,663,1,2025-03-06,2025,3,116.6,98.8,Smart TV
10222,848,1,2025-04-17,2025,4,103.5,87.7,Desktop
10223,99,1,2025-03-29,2025,3,99.1,84.0,Laptop
10224,500,1,2025-03-14,2025,3,111.6,94.6,Laptop
10225,15,1,2025-04-27,2025,4,101.5,86.0,Smart TV
10226,30,1,2025-04-12,2025,4,108.6,92.0,Desktop
10227,610,1,2025-04-04,2025,4,87.7,74.3,Desktop
10228,651,1,2025-01-06,2025,1,110.2,93.4,Laptop
10229,848,1,2025-01-13,2025,1,103.6,87.8,Tablet
10230,334,1,2025-03-13,2025,3,107.4,91.0,Mobile
10231,159,1,2025-03-30,2025,3,102.5,86.9,Tablet
10232,431,1,2025-02-02,2025,2,94.8,80.3,Tablet
10233,656,1,2025-02-10,2025,2,102.3,86.7,Smart TV
10234,538,1,2025-01-02,2025,1,112.3,95.2,Smart TV
10235,564,1,2025-04-23,2025,4,97.0,82.2,Tablet
10236,183,1,2025-05-07,2025,5,97.9,83.0,Mobile
10237,568,1,2025-01-02,2025,1,96.3,81.6,Desktop
10238,27,1,2025-03-27,2025,3,110.3,93.5,Desktop
10239,787,1,2025-03-12,2025,3,101.0,85.6,Mobile
10240,716,1,2025-02-01,2025,2,71.2,60.3,Laptop
10241,951,1,2025-01-25,2025,1,99.4,84.2,Smart TV
10242,560,1,2025-05-05,2025,5,97.5,82.6,Desktop
10243,754,1,2025-03-03,2025,3,104.3,88.4,Smart TV
10244,53,1,2025-04-27,2025,4,107.5,91.1,Smart TV
10245,11,1,2025-02-28,2025,2,82.0,69.5,Desktop
10246,65,1,2025-04-26,2025,4,107.7,91.3,Desktop
10247,756,1,2025-01-22,2025,1,112.8,95.6,Smart TV
10248,895,1,2025-04-01,2025,4,103.2,87.5,Tablet
10249,968,1,2025-03-24,2025,3,97.2,82.4,Mobile
10250,376,1,2025-02-04,2025,2,81.9,69.4,Mobile
10251,999,1,2025-03-16,2025,3,116.1,98.4,Mobile
10252,457,1,2025-01-01,2025,1,109.5,92.8,Smart TV
10253,466,1,2025-04-04,2025,4,86.3,73.1,Smart TV
10254,852,1,2025-04-16,2025,4,106.0,89.8,Laptop
10255,870,1,2025-04-16,2025,4,112.5,95.3,Desktop
10256,419,1,2025-01-28,2025,1,95.1,80.6,Smart TV
10257,314,1,2025-03-16,2025,3,88.0,74.6,Tablet
10258,206,1,2025-03-13,2025,3,103.0,87.3,Desktop
10259,500,1,2025-03-24,2025,3,105.0,89.0,Desktop
10260,332,1,2025-02-14,2025,2,103.7,87.9,Mobile
10261,625,1,2025-01-19,2025,1,107.9,91.4,Smart TV
10262,963,1,2025-01-31,2025,1,96.2,81.5,Desktop
10263,517,1,2025-02-14,2025,2,99.2,84.1,Smart TV
10264,914,1,2025-03-07,2025,3,104.8,88.8,Laptop
10265,410,1,2025-03-25,2025,3,90.4,76.6,Desktop
10266,836,1,2025-03-19,2025,3,84.0,71.2,Tablet
10267,84,1,2025-03-26,2025,3,103.5,87.7,Laptop
10268,329,1,2025-05-03,2025,5,111.6,94.6,Tablet
10269,375,1,2025-01-27,2025,1,76.6,64.9,Smart TV
10270,602,1,2025-02-22,2025,2,83.2,70.5,Desktop
10271,616,1,2025-03-27,2025,3,107.5,91.1,Desktop
10272,305,1,2025-01-09,2025,1,98.4,83.4,Desktop
10273,336,1,2025-03-22,2025,3,105.0,89.0,Mobile
10274,192,1,2025-03-01,2025,3,103.4,87.6,Desktop
10275,630,1,2025-03-29,2025,3,106.9,90.6,Mobile
10276,282,1,2025-02-12,2025,2,109.9,93.1,Desktop
10277,83,1,2025-04-14,2025,4,82.0,69.5,Desktop
10278,982,1,2025-01-16,2025,1,99.8,84.6,Smart TV
10279,526,1,2025-02-05,2025,2,95.3,80.8,Desktop
10280,309,1,2025-03-10,2025,3,107.0,90.7,Laptop
10281,601,1,2025-02-02,2025,2,79.5,67.4,Mobile
10282,591,1,2025-04-22,2025,4,88.4,74.9,Smart TV
10283,566,1,2025-04-27,2025,4,108.1,91.6,Tablet
10284,355,1,2025-04-05,2025,4,101.8,86.3,Mobile
10285,907,1,2025-03-05,2025,3,105.0,89.0,Mobile
10286,849,1,2025-01-08,2025,1,102.3,86.7,Mobile
10287,365,1,2025-02-28,2025,2,108.6,92.0,Mobile
10288,584,1,2025-04-26,2025,4,100.5,85.2,Smart TV
10289,988,1,2025-04-08,2025,4,105.0,89.0,Laptop
10290,458,1,2025-02-11,2025,2,105.7,89.6,Desktop
10291,132,1,2025-02-12,2025,2,95.6,81.0,Laptop
10292,895,1,2025-03-23,2025,3,98.2,83.2,Mobile
10293,720,1,2025-03-30,2025,3,102.1,86.5,Tablet
10294,838,1,2025-03-18,2025,3,106.8,90.5,Mobile
10295,107,1,2025-02-13,2025,2,106.0,89.8,Desktop
10296,114,1,2025-01-17,2025,1,108.1,91.6,Tablet
10297,878,1,2025-01-20,2025,1,92.9,78.7,Smart TV
10298,301,1,2025-03-21,2025,3,104.7,88.7,Laptop
10299,804,1,2025-03-03,2025,3,105.6,89.5,Mobile
10300,139,1,2025-05-05,2025,5,111.7,94.7,Mobile
10301,586,1,2025-03-30,2025,3,79.2,67.1,Tablet
10302,926,1,2025-01-18,2025,1,94.3,79.9,Laptop
10303,800,1,2025-02-24,2025,2,80.2,68.0,Laptop
10304,829,1,2025-05-04,2025,5,99.8,84.6,Tablet
10305,920,1,2025-01-21,2025,1,109.5,92.8,Desktop
10306,491,1,2025-03-04,2025,3,93.5,79.2,Tablet
10307,249,1,2025-05-02,2025,5,111.3,94.3,Mobile
10308,967,1,2025-03-29,2025,3,101.6,86.1,Laptop
10309,451,1,2025-01-17,2025,1,105.4,89.3,Desktop
10310,31,1,2025-05-01,2025,5,104.0,88.1,Mobile
10311,38,1,2025-04-02,2025,4,105.8,89.7,Tablet
10312,256,1,2025-02-04,2025,2,104.5,88.6,Laptop
10313,643,1,2025-04-09,2025,4,105.5,89.4,Desktop
10314,15,1,2025-04-15,2025,4,92.5,78.4,Smart TV
10315,47,1,2025-03-28,2025,3,87.3,74.0,Smart TV
10316,16,1,2025-02-10,2025,2,108.1,91.6,Desktop
10317,489,1,2025-04-23,2025,4,95.6,81.0,Smart TV
10318,220,1,2025-05-06,2025,5,108.0,91.5,Tablet
10319,569,1,2025-04-10,2025,4,104.9,88.9,Smart TV
10320,954,1,2025-03-06,2025,3,109.7,93.0,Tablet
10321,353,1,2025-05-03,2025,5,99.1,84.0,Laptop
10322,356,1,2025-01-18,2025,1,95.1,80.6,Tablet
10323,571,1,2025-02-11,2025,2,112.8,95.6,Desktop
10324,369,1,2025-01-04,2025,1,106.8,90.5,Tablet
10325,781,1,2025-02-19,2025,2,92.6,78.5,Desktop
10326,489,1,2025-03-09,2025,3,88.1,74.7,Tablet
10327,318,1,2025-04-22,2025,4,114.6,97.1,Tablet
10328,115,1,2025-01-29,2025,1,79.8,67.6,Mobile
10329,180,1,2025-02-13,2025,2,95.8,81.2,Tablet
10330,657,1,2025-02-03,2025,2,95.5,80.9,Smart TV
10331,245,1,2025-02-06,2025,2,99.0,83.9,Desktop
10332,358,1,2025-01-18,2025,1,103.1,87.4,Desktop
10333,294,1,2025-02-06,2025,2,99.2,84.1,Laptop
10334,838,1,2025-01-16,2025,1,105.8,89.7,Laptop
10335,381,1,2025-01-05,2025,1,95.0,80.5,Tablet
10336,218,1,2025-04-08,2025,4,89.4,75.8,Mobile
10337,438,1,2025-03-19,2025,3,111.6,94.6,Mobile
10338,874,1,2025-01-09,2025,1,101.4,85.9,Desktop
10339,404,1,2025-03-24,2025,3,85.4,72.4,Desktop
10340,661,1,2025-02-26,2025,2,110.0,93.2,Laptop
10341,671,1,2025-03-20,2025,3,95.7,81.1,Desktop
10342,287,1,2025-01-21,2025,1,88.6,75.1,Desktop
10343,962,1,2025-01-14,2025,1,105.3,89.2,Smart TV
10344,906,1,2025-04-30,2025,4,104.8,88.8,Laptop
10345,79,1,2025-03-20,2025,3,105.3,89.2,Tablet
10346,868,1,2025-05-04,2025,5,111.0,94.1,Mobile
10347,83,1,2025-03-08,2025,3,74.0,62.7,Mobile
10348,731,1,2025-03-30,2025,3,96.8,82.0,Tablet
10349,302,1,2025-05-01,2025,5,109.0,92.4,Tablet
10350,53,1,2025-04-17,2025,4,92.5,78.4,Desktop
10351,996,1,2025-01-01,2025,1,110.3,93.5,Desktop
10352,340,1,2025-03-19,2025,3,87.4,74.1,Mobile
10353,265,1,2025-01-29,2025,1,105.7,89.6,Desktop
10354,789,1,2025-02-04,2025,2,99.7,84.5,Desktop
10355,211,1,2025-05-05,2025,5,104.4,88.5,Tablet
10356,400,1,2025-03-31,2025,3,113.2,95.9,Desktop
10357,597,1,2025-01-28,2025,1,106.6,90.3,Tablet
10358,84,1,2025-02-20,2025,2,104.3,88.4,Mobile
10359,718,1,2025-04-29,2025,4,101.5,86.0,Tablet
10360,825,1,2025-02-28,2025,2,96.9,82.1,Laptop
10361,537,1,2025-03-28,2025,3,80.7,68.4,Laptop
10362,194,1,2025-01-11,2025,1,108.3,91.8,Tablet
10363,650,1,2025-02-10,2025,2,87.8,74.4,Mobile
10364,927,1,2025-03-30,2025,3,99.0,83.9,Desktop
10365,754,1,2025-01-05,2025,1,104.5,88.6,Mobile
10366,881,1,2025-02-11,2025,2,89.3,75.7,Mobile
10367,138,1,2025-02-23,2025,2,76.7,65.0,Laptop
10368,714,1,2025-04-19,2025,4,100.3,85.0,Mobile
10369,144,1,2025-04-27,2025,4,104.3,88.4,Desktop
10370,771,1,2025-04-29,2025,4,94.0,79.7,Laptop
10371,637,1,2025-02-17,2025,2,101.7,86.2,Tablet
10372,434,1,2025-03-15,2025,3,94.8,80.3,Desktop
10373,892,1,2025-04-18,2025,4,83.8,71.0,Smart TV
10374,426,1,2025-03-08,2025,3,83.5,70.8,Mobile
10375,508,1,2025-03-08,2025,3,91.6,77.6,Smart TV
10376,112,1,2025-04-11,2025,4,101.2,85.8,Smart TV
10377,357,1,2025-03-16,2025,3,112.0,94.9,Mobile
10378,176,1,2025-04-05,2025,4,91.3,77.4,Laptop
10379,336,1,2025-03-16,2025,3,106.6,90.3,Smart TV
10380,181,1,2025-04-14,2025,4,96.5,81.8,Desktop
10381,58,1,2025-05-04,2025,5,107.4,91.0,Laptop
10382,356,1,2025-02-10,2025,2,109.5,92.8,Mobile
10383,940,1,2025-01-14,2025,1,107.7,91.3,Smart TV
10384,831,1,2025-03-31,2025,3,99.6,84.4,Smart TV
10385,341,1,2025-01-14,2025,1,111.6,94.6,Laptop
10386,612,1,2025-01-17,2025,1,101.1,85.7,Tablet
10387,206,1,2025-01-18,2025,1,100.5,85.2,Mobile
10388,158,1,2025-01-27,2025,1,84.1,71.3,Laptop
10389,650,1,2025-04-26,2025,4,113.6,96.3,Smart TV
10390,538,1,2025-04-06,2025,4,82.2,69.7,Tablet
10391,3,1,2025-04-10,2025,4,104.3,88.4,Tablet
10392,398,1,2025-01-30,2025,1,109.3,92.6,Laptop
10393,213,1,2025-01-27,2025,1,93.1,78.9,Tablet
10394,3,1,2025-01-24,2025,1,104.8,88.8,Tablet
10395,994,1,2025-05-03,2025,5,90.0,76.3,Laptop
10396,408,1,2025-02-05,2025,2,82.2,69.7,Tablet
10397,654,1,2025-01-23,2025,1,103.2,87.5,Desktop
10398,680,1,2025-05-01,2025,5,100.5,85.2,Smart TV
10399,339,1,2025-01-20,2025,1,83.8,71.0,Mobile
10400,276,1,2025-03-28,2025,3,104.5,88.6,Smart TV
10401,970,1,2025-02-14,2025,2,110.0,93.2,Mobile
10402,487,1,2025-01-17,2025,1,104.8,88.8,Tablet
10403,946,1,2025-03-06,2025,3,96.3,81.6,Laptop
10404,748,1,2025-04-06,2025,4,108.4,91.9,Laptop
10405,549,1,2025-02-16,2025,2,88.1,74.7,Mobile
10406,649,1,2025-04-24,2025,4,107.4,91.0,Smart TV
10407,342,1,2025-02-06,2025,2,105.0,89.0,Smart TV
10408,899,1,2025-01-22,2025,1,92.2,78.1,Laptop
10409,950,1,2025-04-03,2025,4,112.6,95.4,Smart TV
10410,47,1,2025-04-08,2025,4,97.7,82.8,Mobile
10411,985,1,2025-01-15,2025,1,116.2,98.5,Desktop
10412,18,1,2025-01-01,2025,1,92.6,78.5,Desktop
10413,935,1,2025-03-19,2025,3,86.4,73.2,Laptop
10414,866,1,2025-03-23,2025,3,87.9,74.5,Laptop
10415,53,1,2025-03-06,2025,3,100.4,85.1,Laptop
10416,429,1,2025-03-13,2025,3,108.4,91.9,Smart TV
10417,225,1,2025-02-12,2025,2,96.3,81.6,Laptop
10418,412,1,2025-01-31,2025,1,100.9,85.5,Desktop
10419,569,1,2025-01-09,2025,1,101.4,85.9,Smart TV
10420,570,1,2025-02-03,2025,2,110.8,93.9,Desktop
10421,578,1,2025-04-10,2025,4,98.8,83.7,Desktop
10422,810,1,2025-02-19,2025,2,102.9,87.2,Mobile
10423,45,1,2025-04-22,2025,4,95.6,81.0,Laptop
10424,501,1,2025-04-02,2025,4,113.8,96.4,Smart TV
10425,930,1,2025-03-09,2025,3,73.3,62.1,Desktop
10426,997,1,2025-04-05,2025,4,114.3,96.9,Tablet
10427,645,1,2025-02-19,2025,2,72.1,61.1,Laptop
10428,11,1,2025-02-08,2025,2,92.0,78.0,Laptop
10429,27,1,2025-01-14,2025,1,99.2,84.1,Laptop
10430,16,1,2025-02-12,2025,2,97.9,83.0,Tablet
10431,356,1,2025-04-11,2025,4,94.8,80.3,Desktop
10432,784,1,2025-03-20,2025,3,104.4,88.5,Mobile
10433,662,1,2025-02-20,2025,2,94.8,80.3,Tablet
10434,889,1,2025-03-17,2025,3,100.5,85.2,Smart TV
10435,168,1,2025-01-26,2025,1,88.1,74.7,Smart TV
10436,44,1,2025-02-02,2025,2,91.5,77.5,Mobile
10437,409,1,2025-01-31,2025,1,105.8,89.7,Desktop
10438,108,1,2025-04-22,2025,4,78.9,66.9,Tablet
10439,874,1,2025-03-14,2025,3,99.7,84.5,Mobile
10440,757,1,2025-04-19,2025,4,91.8,77.8,Smart TV
10441,349,1,2025-03-17,2025,3,82.6,70.0,Mobile
10442,866,1,2025-02-08,2025,2,115.2,97.6,Smart TV
10443,854,1,2025-01-07,2025,1,114.7,97.2,Smart TV
10444,561,1,2025-02-20,2025,2,84.7,71.8,Smart TV
10445,222,1,2025-01-21,2025,1,102.2,86.6,Mobile
10446,277,1,2025-01-01,2025,1,106.6,90.3,Smart TV
10447,652,1,2025-02-06,2025,2,112.5,95.3,Laptop
10448,140,1,2025-01-19,2025,1,92.4,78.3,Desktop
10449,160,1,2025-01-22,2025,1,93.5,79.2,Mobile
10450,153,1,2025-01-30,2025,1,105.8,89.7,Mobile
10451,16,1,2025-01-04,2025,1,83.9,71.1,Smart TV
10452,459,1,2025-03-09,2025,3,112.8,95.6,Smart TV
10453,558,1,2025-03-26,2025,3,105.4,89.3,Laptop
10454,679,1,2025-01-31,2025,1,95.1,80.6,Desktop
10455,857,1,2025-03-04,2025,3,102.5,86.9,Smart TV
10456,344,1,2025-01-30,2025,1,107.6,91.2,Desktop
10457,331,1,2025-05-05,2025,5,96.9,82.1,Tablet
10458,421,1,2025-01-24,2025,1,103.1,87.4,Desktop
10459,282,1,2025-02-22,2025,2,107.0,90.7,Tablet
10460,293,1,2025-01-08,2025,1,111.3,94.3,Desktop
10461,772,1,2025-05-04,2025,5,111.3,94.3,Desktop
10462,890,1,2025-02-28,2025,2,99.4,84.2,Laptop
10463,221,1,2025-02-18,2025,2,81.9,69.4,Laptop
10464,4,1,2025-03-12,2025,3,89.2,75.6,Tablet
10465,41,1,2025-03-18,2025,3,80.6,68.3,Smart TV
10466,918,1,2025-04-30,2025,4,91.3,77.4,Mobile
10467,132,1,2025-03-04,2025,3,113.2,95.9,Mobile
10468,739,1,2025-05-05,2025,5,95.2,80.7,Tablet
10469,860,1,2025-04-03,2025,4,87.9,74.5,Mobile
10470,502,1,2025-04-06,2025,4,112.6,95.4,Smart TV
10471,440,1,2025-01-24,2025,1,103.1,87.4,Laptop
10472,329,1,2025-04-14,2025,4,103.5,87.7,Desktop
10473,586,1,2025-03-02,2025,3,106.3,90.1,Tablet
10474,201,1,2025-03-11,2025,3,106.8,90.5,Smart TV
10475,708,1,2025-02-08,2025,2,89.4,75.8,Desktop
10476,160,1,2025-01-09,2025,1,93.1,78.9,Smart TV
10477,609,1,2025-01-21,2025,1,88.0,74.6,Smart TV
10478,969,1,2025-03-09,2025,3,110.0,93.2,Smart TV
10479,535,1,2025-04-03,2025,4,108.2,91.7,Smart TV
10480,513,1,2025-05-01,2025,5,112.3,95.2,Smart TV
10481,740,1,2025-01-21,2025,1,90.5,76.7,Desktop
10482,29,1,2025-02-19,2025,2,86.8,73.6,Mobile
10483,790,1,2025-03-16,2025,3,110.1,93.3,Laptop
10484,942,1,2025-05-07,2025,5,109.0,92.4,Mobile
10485,899,1,2025-04-03,2025,4,105.8,89.7,Laptop
10486,307,1,2025-01-10,2025,1,88.3,74.8,Laptop
10487,947,1,2025-01-21,2025,1,89.0,75.4,Smart TV
10488,258,1,2025-04-14,2025,4,96.5,81.8,Tablet
10489,692,1,2025-01-04,2025,1,101.4,85.9,Desktop
10490,226,1,2025-03-15,2025,3,106.3,90.1,Laptop
10491,36,1,2025-02-05,2025,2,97.9,83.0,Smart TV
10492,711,1,2025-05-04,2025,5,103.8,88.0,Smart TV
10493,202,1,2025-03-24,2025,3,113.5,96.2,Laptop
10494,116,1,2025-02-15,2025,2,112.1,95.0,Laptop
10495,567,1,2025-04-15,2025,4,108.9,92.3,Smart TV
10496,213,1,2025-04-02,2025,4,101.4,85.9,Desktop
10497,660,1,2025-05-01,2025,5,103.0,87.3,Desktop
10498,82,1,2025-04-04,2025,4,111.5,94.5,Desktop
10499,23,1,2025-02-13,2025,2,91.6,77.6,Mobile
10500,594,1,2025-03-23,2025,3,107.3,90.9,Laptop
10501,575,1,2025-03-03,2025,3,96.2,81.5,Laptop
10502,61,1,2025-03-07,2025,3,106.1,89.9,Smart TV
10503,354,1,2025-04-14,2025,4,111.6,94.6,Smart TV
10504,231,1,2025-01-24,2025,1,107.1,90.8,Smart TV
10505,15,1,2025-01-01,2025,1,100.1,84.8,Desktop
10506,432,1,2025-04-22,2025,4,110.9,94.0,Desktop
10507,447,1,2025-03-19,2025,3,108.9,92.3,Desktop
10508,846,1,2025-02-08,2025,2,97.3,82.5,Tablet
10509,292,1,2025-03-01,2025,3,106.6,90.3,Laptop
10510,173,1,2025-04-06,2025,4,104.1,88.2,Laptop
10511,561,1,2025-02-01,2025,2,107.1,90.8,Tablet
10512,891,1,2025-02-16,2025,2,79.4,67.3,Tablet
10513,586,1,2025-01-18,2025,1,105.3,89.2,Smart TV
10514,470,1,2025-04-19,2025,4,112.8,95.6,Mobile
10515,765,1,2025-01-23,2025,1,95.1,80.6,Smart TV
10516,694,1,2025-03-29,2025,3,96.4,81.7,Laptop
10517,914,1,2025-03-22,2025,3,84.4,71.5,Mobile
10518,764,1,2025-03-27,2025,3,81.3,68.9,Laptop
10519,364,1,2025-04-05,2025,4,97.8,82.9,Laptop
10520,74,1,2025-01-19,2025,1,98.3,83.3,Tablet
10521,457,1,2025-02-23,2025,2,111.2,94.2,Desktop
10522,27,1,2025-04-11,2025,4,104.8,88.8,Desktop
10523,848,1,2025-02-03,2025,2,113.3,96.0,Laptop
10524,583,1,2025-02-21,2025,2,94.0,79.7,Mobile
10525,255,1,2025-01-26,2025,1,98.3,83.3,Laptop
10526,175,1,2025-04-18,2025,4,93.5,79.2,Laptop
10527,778,1,2025-01-26,2025,1,114.9,97.4,Smart TV
10528,25,1,2025-02-25,2025,2,94.6,80.2,Smart TV
10529,144,1,2025-05-06,2025,5,97.8,82.9,Mobile
10530,303,1,2025-05-07,2025,5,90.6,76.8,Mobile
10531,713,1,2025-03-27,2025,3,111.5,94.5,Smart TV
10532,490,1,2025-01-10,2025,1,95.6,81.0,Laptop
10533,195,1,2025-04-12,2025,4,85.4,72.4,Desktop
10534,67,1,2025-02-12,2025,2,105.5,89.4,Tablet
10535,547,1,2025-02-01,2025,2,104.9,88.9,Mobile
10536,634,1,2025-04-27,2025,4,111.2,94.2,Laptop
10537,247,1,2025-04-04,2025,4,114.2,96.8,Mobile
10538,766,1,2025-05-07,2025,5,89.0,75.4,Laptop
10539,168,1,2025-04-05,2025,4,110.1,93.3,Tablet
10540,283,1,2025-03-17,2025,3,98.9,83.8,Tablet
10541,563,1,2025-03-01,2025,3,81.3,68.9,Tablet
10542,667,1,2025-03-22,2025,3,105.3,89.2,Laptop
10543,289,1,2025-01-21,2025,1,100.9,85.5,Smart TV
10544,38,1,2025-03-01,2025,3,115.2,97.6,Mobile
10545,472,1,2025-03-09,2025,3,82.7,70.1,Mobile
10546,750,1,2025-01-09,2025,1,106.9,90.6,Mobile
10547,139,1,2025-02-07,2025,2,117.5,99.6,Laptop
10548,537,1,2025-04-09,2025,4,74.8,63.4,Tablet
10549,621,1,2025-03-23,2025,3,93.8,79.5,Smart TV
10550,108,1,2025-01-15,2025,1,107.1,90.8,Tablet
10551,315,1,2025-04-02,2025,4,103.1,87.4,Mobile
10552,27,1,2025-02-05,2025,2,92.2,78.1,Mobile
10553,847,1,2025-01-07,2025,1,105.0,89.0,Mobile
10554,450,1,2025-01-22,2025,1,106.1,89.9,Mobile
10555,750,1,2025-04-18,2025,4,108.7,92.1,Desktop
10556,178,1,2025-01-04,2025,1,93.2,79.0,Desktop
10557,213,1,2025-01-03,2025,1,106.4,90.2,Tablet
10558,297,1,2025-01-08,2025,1,110.9,94.0,Mobile
10559,134,1,2025-01-10,2025,1,81.1,68.7,Mobile
10560,688,1,2025-04-19,2025,4,92.9,78.7,Smart TV
10561,77,1,2025-01-04,2025,1,108.6,92.0,Laptop
10562,805,1,2025-01-02,2025,1,90.5,76.7,Laptop
10563,746,1,2025-03-08,2025,3,101.0,85.6,Desktop
10564,325,1,2025-01-05,2025,1,97.1,82.3,Mobile
10565,790,1,2025-02-25,2025,2,99.0,83.9,Laptop
10566,664,1,2025-01-15,2025,1,92.6,78.5,Laptop
10567,535,1,2025-01-30,2025,1,95.6,81.0,Mobile
10568,341,1,2025-02-21,2025,2,76.9,65.2,Laptop
10569,124,1,2025-02-04,2025,2,106.6,90.3,Tablet
10570,486,1,2025-01-07,2025,1,105.7,89.6,Mobile
10571,351,1,2025-04-10,2025,4,91.1,77.2,Tablet
10572,118,1,2025-01-14,2025,1,114.0,96.6,Mobile
10573,121,1,2025-01-11,2025,1,111.6,94.6,Tablet
10574,179,1,2025-04-21,2025,4,106.8,90.5,Mobile
10575,263,1,2025-01-27,2025,1,107.4,91.0,Desktop
10576,198,1,2025-02-03,2025,2,85.0,72.0,Tablet
10577,108,1,2025-03-24,2025,3,110.0,93.2,Laptop
10578,11,1,2025-03-22,2025,3,92.2,78.1,Tablet
10579,192,1,2025-05-02,2025,5,94.6,80.2,Smart TV
10580,125,1,2025-04-19,2025,4,106.1,89.9,Tablet
10581,205,1,2025-03-05,2025,3,111.3,94.3,Smart TV
10582,150,1,2025-01-01,2025,1,98.8,83.7,Laptop
10583,752,1,2025-01-05,2025,1,102.0,86.4,Laptop
10584,329,1,2025-04-15,2025,4,106.8,90.5,Smart TV
10585,308,1,2025-04-29,2025,4,76.8,65.1,Desktop
10586,448,1,2025-04-03,2025,4,108.3,91.8,Desktop
10587,439,1,2025-03-28,2025,3,103.4,87.6,Laptop
10588,785,1,2025-05-01,2025,5,91.1,77.2,Smart TV
10589,418,1,2025-01-05,2025,1,84.1,71.3,Mobile
10590,945,1,2025-04-30,2025,4,103.0,87.3,Desktop
10591,589,1,2025-01-31,2025,1,108.1,91.6,Desktop
10592,101,1,2025-05-01,2025,5,108.0,91.5,Laptop
10593,792,1,2025-01-08,2025,1,77.5,65.7,Desktop
10594,626,1,2025-03-29,2025,3,100.8,85.4,Smart TV
10595,855,1,2025-04-03,2025,4,110.1,93.3,Tablet
10596,965,1,2025-04-01,2025,4,84.8,71.9,Desktop
10597,139,1,2025-03-26,2025,3,106.2,90.0,Smart TV
10598,529,1,2025-03-08,2025,3,99.0,83.9,Laptop
10599,751,1,2025-01-10,2025,1,95.2,80.7,Desktop
10600,885,1,2025-04-26,2025,4,92.2,78.1,Smart TV
10601,820,1,2025-02-15,2025,2,92.5,78.4,Smart TV
10602,306,1,2025-04-01,2025,4,95.1,80.6,Mobile
10603,153,1,2025-02-21,2025,2,98.4,83.4,Smart TV
10604,491,1,2025-02-01,2025,2,101.6,86.1,Tablet
10605,641,1,2025-03-18,2025,3,110.0,93.2,Tablet
10606,916,1,2025-02-05,2025,2,102.1,86.5,Mobile
10607,39,1,2025-02-12,2025,2,82.0,69.5,Smart TV
10608,580,1,2025-03-23,2025,3,106.9,90.6,Tablet
10609,152,1,2025-04-15,2025,4,92.7,78.6,Mobile
10610,754,1,2025-02-24,2025,2,100.4,85.1,Tablet
10611,633,1,2025-03-08,2025,3,91.2,77.3,Tablet
10612,467,1,2025-02-28,2025,2,100.9,85.5,Mobile
10613,506,1,2025-01-01,2025,1,101.0,85.6,Smart TV
10614,258,1,2025-05-03,2025,5,80.6,68.3,Desktop
10615,812,1,2025-01-29,2025,1,104.4,88.5,Mobile
10616,734,1,2025-03-30,2025,3,110.1,93.3,Smart TV
10617,196,1,2025-04-06,2025,4,107.6,91.2,Laptop
10618,466,1,2025-03-15,2025,3,88.6,75.1,Desktop
10619,185,1,2025-03-27,2025,3,91.9,77.9,Tablet
10620,395,1,2025-01-11,2025,1,109.3,92.6,Tablet
10621,659,1,2025-01-21,2025,1,76.1,64.5,Tablet
10622,847,1,2025-05-05,2025,5,111.9,94.8,Desktop
10623,832,1,2025-05-04,2025,5,94.9,80.4,Mobile
10624,696,1,2025-01-18,2025,1,96.9,82.1,Tablet
10625,60,1,2025-04-23,2025,4,105.6,89.5,Tablet
10626,974,1,2025-03-17,2025,3,98.3,83.3,Mobile
10627,90,1,2025-04-19,2025,4,114.0,96.6,Desktop
10628,278,1,2025-01-01,2025,1,105.5,89.4,Desktop
10629,28,1,2025-04-06,2025,4,102.7,87.0,Tablet
10630,401,1,2025-04-25,2025,4,100.2,84.9,Tablet
10631,22,1,2025-04-10,2025,4,101.5,86.0,Smart TV
10632,910,1,2025-04-13,2025,4,90.0,76.3,Desktop
10633,610,1,2025-03-24,2025,3,114.3,96.9,Mobile
10634,401,1,2025-02-20,2025,2,106.2,90.0,Tablet
10635,439,1,2025-01-02,2025,1,108.3,91.8,Laptop
10636,363,1,2025-01-03,2025,1,101.5,86.0,Mobile
10637,665,1,2025-01-05,2025,1,95.5,80.9,Mobile
10638,696,1,2025-03-19,2025,3,80.6,68.3,Smart TV
10639,45,1,2025-02-23,2025,2,104.2,88.3,Smart TV
10640,370,1,2025-01-07,2025,1,106.0,89.8,Desktop
10641,780,1,2025-03-06,2025,3,109.3,92.6,Laptop
10642,1000,1,2025-05-04,2025,5,96.5,81.8,Tablet
10643,951,1,2025-02-07,2025,2,94.4,80.0,Mobile
10644,600,1,2025-03-15,2025,3,107.4,91.0,Mobile
10645,865,1,2025-01-17,2025,1,92.4,78.3,Tablet
10646,68,1,2025-02-20,2025,2,80.1,67.9,Mobile
10647,716,1,2025-01-24,2025,1,103.4,87.6,Desktop
10648,625,1,2025-05-04,2025,5,79.5,67.4,Tablet
10649,95,1,2025-03-16,2025,3,85.3,72.3,Desktop
10650,113,1,2025-04-05,2025,4,111.3,94.3,Laptop
10651,626,1,2025-04-23,2025,4,101.7,86.2,Tablet
10652,506,1,2025-03-08,2025,3,92.5,78.4,Mobile
10653,243,1,2025-01-18,2025,1,109.5,92.8,Mobile
10654,461,1,2025-02-26,2025,2,93.1,78.9,Mobile
10655,998,1,2025-01-16,2025,1,107.7,91.3,Tablet
10656,450,1,2025-02-12,2025,2,96.5,81.8,Mobile
10657,286,1,2025-01-25,2025,1,109.2,92.5,Laptop
10658,658,1,2025-04-22,2025,4,89.7,76.0,Mobile
10659,341,1,2025-04-15,2025,4,99.0,83.9,Smart TV
10660,915,1,2025-01-23,2025,1,104.1,88.2,Mobile
10661,734,1,2025-03-10,2025,3,91.8,77.8,Desktop
10662,404,1,2025-01-05,2025,1,111.6,94.6,Desktop
10663,61,1,2025-01-28,2025,1,98.3,83.3,Laptop
10664,569,1,2025-02-24,2025,2,98.9,83.8,Laptop
10665,904,1,2025-02-20,2025,2,99.8,84.6,Laptop
10666,874,1,2025-01-27,2025,1,107.9,91.4,Laptop
10667,966,1,2025-01-10,2025,1,110.9,94.0,Smart TV
10668,265,1,2025-03-26,2025,3,106.1,89.9,Tablet
10669,292,1,2025-01-26,2025,1,103.5,87.7,Smart TV
10670,509,1,2025-01-01,2025,1,101.2,85.8,Smart TV
10671,59,1,2025-02-28,2025,2,102.0,86.4,Mobile
10672,213,1,2025-03-05,2025,3,101.8,86.3,Mobile
10673,119,1,2025-01-01,2025,1,91.9,77.9,Smart TV
10674,822,1,2025-04-21,2025,4,74.0,62.7,Smart TV
10675,868,1,2025-01-31,2025,1,92.2,78.1,Mobile
10676,833,1,2025-04-09,2025,4,97.7,82.8,Desktop
10677,702,1,2025-03-20,2025,3,77.4,65.6,Tablet
10678,356,1,2025-03-04,2025,3,106.2,90.0,Desktop
10679,826,1,2025-04-12,2025,4,95.9,81.3,Tablet
10680,409,1,2025-01-11,2025,1,102.4,86.8,Tablet
10681,902,1,2025-02-20,2025,2,92.4,78.3,Laptop
10682,918,1,2025-03-18,2025,3,80.0,67.8,Smart TV
10683,803,1,2025-03-17,2025,3,93.5,79.2,Tablet
10684,735,1,2025-01-10,2025,1,98.6,83.6,Smart TV
10685,129,1,2025-03-30,2025,3,88.1,74.7,Tablet
10686,707,1,2025-04-18,2025,4,110.7,93.8,Smart TV
10687,442,1,2025-01-14,2025,1,76.6,64.9,Laptop
10688,800,1,2025-03-24,2025,3,108.3,91.8,Mobile
10689,174,1,2025-04-03,2025,4,96.9,82.1,Smart TV
10690,536,1,2025-03-25,2025,3,94.0,79.7,Tablet
10691,365,1,2025-04-03,2025,4,95.1,80.6,Smart TV
10692,925,1,2025-01-12,2025,1,106.3,90.1,Desktop
10693,325,1,2025-02-19,2025,2,101.8,86.3,Tablet
10694,925,1,2025-02-02,2025,2,110.4,93.6,Desktop
10695,590,1,2025-04-25,2025,4,90.5,76.7,Smart TV
10696,685,1,2025-03-16,2025,3,99.1,84.0,Laptop
10697,361,1,2025-01-25,2025,1,110.6,93.7,Mobile
10698,546,1,2025-01-06,2025,1,88.5,75.0,Desktop
10699,302,1,2025-03-13,2025,3,98.9,83.8,Mobile
10700,804,1,2025-03-23,2025,3,94.0,79.7,Laptop
10701,230,1,2025-04-04,2025,4,106.6,90.3,Smart TV
10702,686,1,2025-03-28,2025,3,107.9,91.4,Smart TV
10703,387,1,2025-04-09,2025,4,104.7,88.7,Mobile
10704,636,1,2025-05-05,2025,5,109.7,93.0,Desktop
10705,338,1,2025-02-26,2025,2,95.3,80.8,Tablet
10706,618,1,2025-02-09,2025,2,98.9,83.8,Smart TV
10707,108,1,2025-03-09,2025,3,106.6,90.3,Laptop
10708,185,1,2025-04-01,2025,4,102.8,87.1,Mobile
10709,163,1,2025-02-06,2025,2,112.6,95.4,Smart TV
10710,658,1,2025-03-04,2025,3,101.7,86.2,Laptop
10711,161,1,2025-04-19,2025,4,89.8,76.1,Tablet
10712,742,1,2025-05-02,2025,5,105.0,89.0,Laptop
10713,72,1,2025-04-12,2025,4,114.8,97.3,Smart TV
10714,115,1,2025-04-07,2025,4,108.9,92.3,Tablet
10715,413,1,2025-04-05,2025,4,73.6,62.4,Desktop
10716,954,1,2025-03-19,2025,3,97.8,82.9,Mobile
10717,21,1,2025-02-18,2025,2,113.0,95.8,Tablet
10718,895,1,2025-02-10,2025,2,100.8,85.4,Desktop
10719,457,1,2025-03-06,2025,3,105.6,89.5,Laptop
10720,133,1,2025-04-05,2025,4,96.4,81.7,Tablet
10721,370,1,2025-03-12,2025,3,86.0,72.9,Desktop
10722,224,1,2025-03-13,2025,3,109.0,92.4,Laptop
10723,720,1,2025-03-23,2025,3,111.9,94.8,Laptop
10724,740,1,2025-02-07,2025,2,104.2,88.3,Mobile
10725,706,1,2025-01-30,2025,1,110.7,93.8,Desktop
10726,409,1,2025-01-25,2025,1,101.5,86.0,Smart TV
10727,765,1,2025-02-02,2025,2,96.8,82.0,Tablet
10728,618,1,2025-04-07,2025,4,77.2,65.4,Mobile
10729,264,1,2025-02-07,2025,2,103.7,87.9,Tablet
10730,45,1,2025-01-18,2025,1,103.6,87.8,Tablet
10731,813,1,2025-02-12,2025,2,115.8,98.1,Smart TV
10732,704,1,2025-03-13,2025,3,106.3,90.1,Smart TV
10733,887,1,2025-01-10,2025,1,95.6,81.0,Smart TV
10734,23,1,2025-03-03,2025,3,76.2,64.6,Desktop
10735,818,1,2025-05-07,2025,5,84.5,71.6,Mobile
10736,816,1,2025-02-07,2025,2,106.2,90.0,Tablet
10737,529,1,2025-02-24,2025,2,113.0,95.8,Mobile
10738,368,1,2025-01-08,2025,1,101.1,85.7,Smart TV
10739,934,1,2025-05-04,2025,5,91.5,77.5,Laptop
10740,829,1,2025-02-10,2025,2,82.0,69.5,Desktop
10741,541,1,2025-01-20,2025,1,103.6,87.8,Laptop
10742,356,1,2025-02-04,2025,2,107.5,91.1,Desktop
10743,214,1,2025-01-26,2025,1,108.1,91.6,Desktop
10744,534,1,2025-01-14,2025,1,94.0,79.7,Tablet
10745,771,1,2025-04-26,2025,4,106.3,90.1,Smart TV
10746,905,1,2025-02-14,2025,2,77.3,65.5,Laptop
10747,228,1,2025-03-09,2025,3,109.6,92.9,Mobile
10748,841,1,2025-01-26,2025,1,103.4,87.6,Mobile
10749,666,1,2025-04-02,2025,4,108.7,92.1,Tablet
10750,521,1,2025-02-24,2025,2,99.0,83.9,Laptop
10751,343,1,2025-01-01,2025,1,78.7,66.7,Laptop
10752,195,1,2025-05-05,2025,5,107.4,91.0,Tablet
10753,815,1,2025-04-27,2025,4,109.9,93.1,Tablet
10754,731,1,2025-01-08,2025,1,104.9,88.9,Tablet
10755,880,1,2025-02-27,2025,2,90.2,76.4,Tablet
10756,70,1,2025-02-04,2025,2,88.7,75.2,Laptop
10757,484,1,2025-02-05,2025,2,83.1,70.4,Laptop
10758,783,1,2025-04-17,2025,4,83.7,70.9,Tablet
10759,753,1,2025-01-29,2025,1,87.1,73.8,Laptop
10760,448,1,2025-02-23,2025,2,106.3,90.1,Laptop
10761,521,1,2025-04-23,2025,4,107.9,91.4,Smart TV
10762,984,1,2025-03-31,2025,3,92.5,78.4,Smart TV
10763,427,1,2025-02-08,2025,2,102.0,86.4,Mobile
10764,455,1,2025-03-09,2025,3,87.8,74.4,Tablet
10765,698,1,2025-02-16,2025,2,107.3,90.9,Tablet
10766,208,1,2025-01-08,2025,1,107.6,91.2,Mobile
10767,267,1,2025-04-22,2025,4,111.7,94.7,Mobile
10768,82,1,2025-03-05,2025,3,105.4,89.3,Mobile
10769,610,1,2025-02-18,2025,2,94.2,79.8,Mobile
10770,63,1,2025-04-16,2025,4,106.8,90.5,Smart TV
10771,336,1,2025-02-22,2025,2,105.5,89.4,Smart TV
10772,927,1,2025-04-19,2025,4,105.5,89.4,Desktop
10773,671,1,2025-04-28,2025,4,98.4,83.4,Smart TV
10774,457,1,2025-03-08,2025,3,91.9,77.9,Desktop
10775,486,1,2025-03-03,2025,3,99.9,84.7,Laptop
10776,267,1,2025-01-01,2025,1,86.3,73.1,Laptop
10777,962,1,2025-03-02,2025,3,107.6,91.2,Laptop
10778,353,1,2025-01-15,2025,1,110.9,94.0,Tablet
10779,280,1,2025-03-26,2025,3,110.7,93.8,Smart TV
10780,545,1,2025-03-24,2025,3,108.1,91.6,Tablet
10781,839,1,2025-02-15,2025,2,108.6,92.0,Tablet
10782,988,1,2025-02-13,2025,2,88.7,75.2,Smart TV
10783,936,1,2025-03-27,2025,3,96.8,82.0,Laptop
10784,398,1,2025-01-23,2025,1,99.2,84.1,Laptop
10785,350,1,2025-03-28,2025,3,109.2,92.5,Mobile
10786,240,1,2025-04-10,2025,4,94.2,79.8,Desktop
10787,775,1,2025-05-07,2025,5,114.3,96.9,Smart TV
10788,620,1,2025-02-27,2025,2,96.2,81.5,Laptop
10789,338,1,2025-01-31,2025,1,97.5,82.6,Laptop
10790,644,1,2025-05-01,2025,5,88.1,74.7,Mobile
10791,877,1,2025-03-16,2025,3,92.4,78.3,Mobile
10792,340,1,2025-02-02,2025,2,110.8,93.9,Tablet
10793,887,1,2025-02-20,2025,2,96.1,81.4,Smart TV
10794,625,1,2025-03-26,2025,3,114.9,97.4,Mobile
10795,70,1,2025-05-01,2025,5,102.4,86.8,Tablet
10796,395,1,2025-04-09,2025,4,105.8,89.7,Desktop
10797,169,1,2025-04-17,2025,4,99.0,83.9,Laptop
10798,879,1,2025-01-31,2025,1,101.0,85.6,Laptop
10799,927,1,2025-04-03,2025,4,87.0,73.7,Desktop
10800,462,1,2025-01-09,2025,1,109.9,93.1,Laptop
10801,788,1,2025-03-30,2025,3,101.1,85.7,Laptop
10802,668,1,2025-05-05,2025,5,104.8,88.8,Laptop
10803,231,1,2025-01-04,2025,1,86.1,73.0,Desktop
10804,635,1,2025-03-30,2025,3,105.1,89.1,Smart TV
10805,563,1,2025-02-10,2025,2,94.3,79.9,Smart TV
10806,823,1,2025-02-05,2025,2,81.2,68.8,Desktop
10807,919,1,2025-04-09,2025,4,92.3,78.2,Desktop
10808,784,1,2025-01-01,2025,1,93.9,79.6,Tablet
10809,528,1,2025-03-09,2025,3,97.0,82.2,Desktop
10810,729,1,2025-05-03,2025,5,102.3,86.7,Desktop
10811,48,1,2025-03-11,2025,3,106.4,90.2,Tablet
10812,205,1,2025-04-24,2025,4,111.3,94.3,Laptop
10813,961,1,2025-03-26,2025,3,88.4,74.9,Smart TV
10814,315,1,2025-02-26,2025,2,108.7,92.1,Mobile
10815,115,1,2025-02-14,2025,2,99.0,83.9,Tablet
10816,199,1,2025-03-03,2025,3,108.1,91.6,Desktop
10817,88,1,2025-02-13,2025,2,110.9,94.0,Mobile
10818,860,1,2025-04-24,2025,4,97.6,82.7,Mobile
10819,759,1,2025-03-04,2025,3,90.3,76.5,Tablet
10820,866,1,2025-01-11,2025,1,91.2,77.3,Desktop
10821,740,1,2025-03-05,2025,3,89.6,75.9,Laptop
10822,21,1,2025-03-31,2025,3,104.5,88.6,Smart TV
10823,928,1,2025-01-10,2025,1,102.7,87.0,Mobile
10824,408,1,2025-02-24,2025,2,98.1,83.1,Mobile
10825,435,1,2025-01-22,2025,1,94.3,79.9,Tablet
10826,633,1,2025-04-03,2025,4,102.0,86.4,Desktop
10827,659,1,2025-04-04,2025,4,98.5,83.5,Tablet
10828,177,1,2025-04-30,2025,4,107.0,90.7,Desktop
10829,142,1,2025-01-24,2025,1,94.4,80.0,Desktop
10830,998,1,2025-03-22,2025,3,104.3,88.4,Smart TV
10831,264,1,2025-03-05,2025,3,97.7,82.8,Desktop
10832,434,1,2025-02-26,2025,2,79.5,67.4,Tablet
10833,105,1,2025-02-20,2025,2,109.6,92.9,Mobile
10834,654,1,2025-02-04,2025,2,101.2,85.8,Desktop
10835,368,1,2025-02-28,2025,2,103.7,87.9,Laptop
10836,468,1,2025-03-10,2025,3,96.5,81.8,Smart TV
10837,197,1,2025-05-03,2025,5,94.5,80.1,Smart TV
10838,612,1,2025-03-06,2025,3,80.7,68.4,Mobile
10839,804,1,2025-03-21,2025,3,89.2,75.6,Mobile
10840,229,1,2025-04-10,2025,4,98.9,83.8,Laptop
10841,350,1,2025-02-04,2025,2,85.9,72.8,Laptop
10842,490,1,2025-04-17,2025,4,110.4,93.6,Mobile
10843,988,1,2025-01-09,2025,1,95.6,81.0,Laptop
10844,531,1,2025-05-07,2025,5,89.0,75.4,Smart TV
10845,972,1,2025-01-09,2025,1,102.3,86.7,Desktop
10846,342,1,2025-01-11,2025,1,99.0,83.9,Desktop
10847,992,1,2025-01-01,2025,1,99.1,84.0,Mobile
10848,446,1,2025-02-28,2025,2,99.8,84.6,Tablet
10849,999,1,2025-03-27,2025,3,103.6,87.8,Mobile
10850,215,1,2025-01-13,2025,1,108.4,91.9,Tablet
10851,924,1,2025-04-21,2025,4,93.8,79.5,Smart TV
10852,567,1,2025-01-26,2025,1,89.3,75.7,Laptop
10853,166,1,2025-02-14,2025,2,94.8,80.3,Mobile
10854,876,1,2025-01-29,2025,1,113.9,96.5,Smart TV
10855,249,1,2025-03-30,2025,3,112.0,94.9,Smart TV
10856,835,1,2025-04-04,2025,4,83.3,70.6,Mobile
10857,165,1,2025-02-13,2025,2,113.2,95.9,Tablet
10858,462,1,2025-02-11,2025,2,107.9,91.4,Desktop
10859,71,1,2025-02-07,2025,2,102.9,87.2,Desktop
10860,367,1,2025-04-19,2025,4,102.7,87.0,Tablet
10861,483,1,2025-01-06,2025,1,91.2,77.3,Tablet
10862,2,1,2025-02-16,2025,2,98.4,83.4,Smart TV
10863,379,1,2025-03-12,2025,3,89.4,75.8,Mobile
10864,69,1,2025-04-26,2025,4,92.5,78.4,Smart TV
10865,338,1,2025-02-09,2025,2,96.5,81.8,Smart TV
10866,805,1,2025-02-20,2025,2,110.6,93.7,Desktop
10867,523,1,2025-03-07,2025,3,105.7,89.6,Smart TV
10868,448,1,2025-03-06,2025,3,98.6,83.6,Tablet
10869,648,1,2025-04-20,2025,4,109.4,92.7,Laptop
10870,737,1,2025-02-09,2025,2,111.3,94.3,Desktop
10871,898,1,2025-01-15,2025,1,78.1,66.2,Tablet
10872,954,1,2025-05-03,2025,5,89.4,75.8,Smart TV
10873,803,1,2025-02-22,2025,2,110.1,93.3,Smart TV
10874,579,1,2025-01-18,2025,1,104.4,88.5,Tablet
10875,841,1,2025-04-01,2025,4,108.2,91.7,Laptop
10876,144,1,2025-04-22,2025,4,116.1,98.4,Laptop
10877,151,1,2025-03-20,2025,3,103.7,87.9,Smart TV
10878,775,1,2025-01-10,2025,1,83.4,70.7,Smart TV
10879,273,1,2025-02-27,2025,2,92.4,78.3,Smart TV
10880,658,1,2025-04-08,2025,4,108.3,91.8,Laptop
10881,52,1,2025-02-25,2025,2,103.6,87.8,Tablet
10882,555,1,2025-04-26,2025,4,88.1,74.7,Desktop
10883,593,1,2025-04-05,2025,4,90.0,76.3,Tablet
10884,138,1,2025-04-22,2025,4,85.3,72.3,Smart TV
10885,954,1,2025-01-03,2025,1,90.4,76.6,Smart TV
10886,741,1,2025-03-17,2025,3,104.0,88.1,Smart TV
10887,602,1,2025-04-07,2025,4,109.0,92.4,Desktop
10888,902,1,2025-04-17,2025,4,111.9,94.8,Mobile
10889,378,1,2025-04-24,2025,4,72.9,61.8,Laptop
10890,637,1,2025-02-14,2025,2,112.8,95.6,Tablet
10891,437,1,2025-01-11,2025,1,98.6,83.6,Mobile
10892,741,1,2025-03-22,2025,3,114.8,97.3,Desktop
10893,36,1,2025-05-02,2025,5,91.3,77.4,Laptop
10894,745,1,2025-05-04,2025,5,110.0,93.2,Mobile
10895,886,1,2025-05-05,2025,5,95.0,80.5,Laptop
10896,892,1,2025-02-23,2025,2,101.2,85.8,Mobile
10897,824,1,2025-03-31,2025,3,107.9,91.4,Mobile
10898,840,1,2025-04-22,2025,4,111.4,94.4,Smart TV
10899,940,1,2025-01-31,2025,1,98.1,83.1,Laptop
10900,506,1,2025-02-03,2025,2,89.4,75.8,Mobile
10901,754,1,2025-04-23,2025,4,84.6,71.7,Laptop
10902,273,1,2025-03-15,2025,3,95.1,80.6,Desktop
10903,134,1,2025-03-15,2025,3,82.8,70.2,Tablet
10904,610,1,2025-04-05,2025,4,114.2,96.8,Desktop
10905,389,1,2025-04-18,2025,4,116.0,98.3,Desktop
10906,819,1,2025-03-26,2025,3,80.0,67.8,Mobile
10907,241,1,2025-02-18,2025,2,93.7,79.4,Tablet
10908,659,1,2025-02-23,2025,2,94.5,80.1,Desktop
10909,132,1,2025-01-03,2025,1,111.6,94.6,Laptop
10910,588,1,2025-02-08,2025,2,101.8,86.3,Smart TV
10911,806,1,2025-02-20,2025,2,77.5,65.7,Desktop
10912,28,1,2025-04-24,2025,4,110.7,93.8,Mobile
10913,431,1,2025-04-16,2025,4,101.2,85.8,Mobile
10914,775,1,2025-01-11,2025,1,95.5,80.9,Smart TV
10915,760,1,2025-02-23,2025,2,76.5,64.8,Tablet
10916,299,1,2025-01-27,2025,1,103.7,87.9,Laptop
10917,647,1,2025-04-19,2025,4,115.3,97.7,Laptop
10918,917,1,2025-03-19,2025,3,100.4,85.1,Smart TV
10919,61,1,2025-01-01,2025,1,109.9,93.1,Tablet
10920,35,1,2025-05-02,2025,5,85.2,72.2,Smart TV
10921,343,1,2025-01-26,2025,1,108.7,92.1,Mobile
10922,368,1,2025-01-29,2025,1,88.6,75.1,Laptop
10923,989,1,2025-02-25,2025,2,107.3,90.9,Laptop
10924,694,1,2025-05-07,2025,5,116.9,99.1,Desktop
10925,760,1,2025-04-20,2025,4,102.4,86.8,Desktop
10926,18,1,2025-04-21,2025,4,108.6,92.0,Desktop
10927,508,1,2025-01-06,2025,1,92.5,78.4,Laptop
10928,565,1,2025-04-24,2025,4,106.2,90.0,Laptop
10929,365,1,2025-05-06,2025,5,116.0,98.3,Tablet
10930,584,1,2025-04-04,2025,4,90.2,76.4,Laptop
10931,33,1,2025-04-18,2025,4,95.1,80.6,Tablet
10932,775,1,2025-04-12,2025,4,105.4,89.3,Laptop
10933,103,1,2025-01-11,2025,1,111.7,94.7,Desktop
10934,210,1,2025-02-17,2025,2,89.7,76.0,Mobile
10935,642,1,2025-01-01,2025,1,91.2,77.3,Desktop
10936,76,1,2025-03-30,2025,3,97.3,82.5,Tablet
10937,510,1,2025-02-26,2025,2,105.8,89.7,Desktop
10938,889,1,2025-03-28,2025,3,115.3,97.7,Smart TV
10939,75,1,2025-05-06,2025,5,100.9,85.5,Laptop
10940,693,1,2025-03-06,2025,3,109.9,93.1,Tablet
10941,544,1,2025-04-23,2025,4,106.6,90.3,Laptop
10942,712,1,2025-01-25,2025,1,103.7,87.9,Smart TV
10943,605,1,2025-01-02,2025,1,78.5,66.5,Desktop
10944,694,1,2025-03-26,2025,3,101.6,86.1,Smart TV
10945,335,1,2025-04-10,2025,4,111.7,94.7,Desktop
10946,849,1,2025-03-23,2025,3,94.9,80.4,Desktop
10947,810,1,2025-01-26,2025,1,103.7,87.9,Desktop
10948,47,1,2025-01-25,2025,1,99.9,84.7,Smart TV
10949,464,1,2025-03-02,2025,3,89.9,76.2,Mobile
10950,158,1,2025-01-07,2025,1,96.4,81.7,Desktop
10951,810,1,2025-03-13,2025,3,97.8,82.9,Laptop
10952,532,1,2025-02-15,2025,2,89.9,76.2,Mobile
10953,468,1,2025-02-02,2025,2,101.2,85.8,Desktop
10954,80,1,2025-04-13,2025,4,89.1,75.5,Mobile
10955,741,1,2025-03-17,2025,3,95.7,81.1,Mobile
10956,947,1,2025-02-05,2025,2,75.9,64.3,Mobile
10957,762,1,2025-01-10,2025,1,102.2,86.6,Smart TV
10958,728,1,2025-04-19,2025,4,106.3,90.1,Mobile
10959,507,1,2025-04-23,2025,4,78.5,66.5,Mobile
10960,992,1,2025-02-05,2025,2,101.1,85.7,Laptop
10961,312,1,2025-04-04,2025,4,105.0,89.0,Smart TV
10962,699,1,2025-01-25,2025,1,105.3,89.2,Desktop
10963,948,1,2025-01-14,2025,1,74.7,63.3,Desktop
10964,292,1,2025-03-28,2025,3,94.9,80.4,Laptop
10965,335,1,2025-04-24,2025,4,91.9,77.9,Desktop
10966,395,1,2025-01-19,2025,1,94.8,80.3,Laptop
10967,442,1,2025-01-11,2025,1,92.7,78.6,Mobile
10968,960,1,2025-01-20,2025,1,105.1,89.1,Desktop
10969,556,1,2025-02-27,2025,2,81.3,68.9,Mobile
10970,627,1,2025-01-25,2025,1,105.1,89.1,Mobile
10971,342,1,2025-01-19,2025,1,103.2,87.5,Mobile
10972,509,1,2025-04-14,2025,4,98.5,83.5,Mobile
10973,99,1,2025-04-24,2025,4,109.9,93.1,Desktop
10974,993,1,2025-01-30,2025,1,87.6,74.2,Mobile
10975,614,1,2025-02-21,2025,2,107.4,91.0,Smart TV
10976,954,1,2025-03-28,2025,3,97.8,82.9,Mobile
10977,135,1,2025-01-16,2025,1,97.1,82.3,Tablet
10978,732,1,2025-03-14,2025,3,93.8,79.5,Mobile
10979,939,1,2025-03-31,2025,3,109.7,93.0,Mobile
10980,2,1,2025-01-10,2025,1,81.5,69.1,Smart TV
10981,225,1,2025-05-06,2025,5,106.0,89.8,Mobile
10982,430,1,2025-02-28,2025,2,102.9,87.2,Tablet
10983,346,1,2025-05-06,2025,5,96.4,81.7,Tablet
10984,667,1,2025-03-01,2025,3,111.5,94.5,Smart TV
10985,227,1,2025-03-12,2025,3,106.8,90.5,Smart TV
10986,398,1,2025-03-06,2025,3,94.2,79.8,Laptop
10987,247,1,2025-02-09,2025,2,93.2,79.0,Smart TV
10988,180,1,2025-04-13,2025,4,100.8,85.4,Tablet
10989,271,1,2025-03-26,2025,3,103.6,87.8,Mobile
10990,322,1,2025-05-06,2025,5,89.7,76.0,Desktop
10991,798,1,2025-03-24,2025,3,75.8,64.2,Desktop
10992,377,1,2025-01-01,2025,1,104.0,88.1,Laptop
10993,166,1,2025-03-09,2025,3,104.5,88.6,Tablet
10994,557,1,2025-01-30,2025,1,97.3,82.5,Laptop
10995,976,1,2025-02-27,2025,2,100.4,85.1,Mobile
10996,27,1,2025-03-31,2025,3,100.7,85.3,Smart TV
10997,479,1,2025-02-06,2025,2,113.4,96.1,Mobile
10998,977,1,2025-01-07,2025,1,109.4,92.7,Laptop
10999,597,1,2025-01-11,2025,1,111.9,94.8,Laptop
11000,759,1,2025-02-28,2025,2,111.5,94.5,Desktop
11001,522,1,2025-04-06,2025,4,109.5,92.8,Mobile
11002,383,1,2025-02-13,2025,2,95.2,80.7,Desktop
11003,320,1,2025-03-17,2025,3,96.1,81.4,Laptop
11004,172,1,2025-03-21,2025,3,98.3,83.3,Smart TV
11005,642,1,2025-02-10,2025,2,86.6,73.4,Mobile
11006,496,1,2025-01-26,2025,1,85.9,72.8,Laptop
11007,145,1,2025-02-03,2025,2,108.0,91.5,Tablet
11008,949,1,2025-03-24,2025,3,105.4,89.3,Desktop
11009,548,1,2025-01-08,2025,1,105.1,89.1,Mobile
11010,913,1,2025-01-20,2025,1,104.0,88.1,Tablet
11011,177,1,2025-02-19,2025,2,94.5,80.1,Mobile
11012,670,1,2025-03-24,2025,3,91.7,77.7,Laptop
11013,150,1,2025-01-05,2025,1,94.4,80.0,Laptop
11014,862,1,2025-03-04,2025,3,101.1,85.7,Mobile
11015,251,1,2025-01-14,2025,1,93.6,79.3,Tablet
11016,141,1,2025-04-03,2025,4,96.5,81.8,Mobile
11017,224,1,2025-01-08,2025,1,110.8,93.9,Laptop
11018,871,1,2025-01-09,2025,1,90.6,76.8,Mobile
11019,119,1,2025-01-15,2025,1,90.2,76.4,Laptop
11020,435,1,2025-02-08,2025,2,109.4,92.7,Smart TV
11021,86,1,2025-02-06,2025,2,91.8,77.8,Tablet
11022,515,1,2025-03-28,2025,3,110.6,93.7,Mobile
11023,988,1,2025-04-19,2025,4,96.5,81.8,Desktop
11024,142,1,2025-04-05,2025,4,86.3,73.1,Tablet
11025,989,1,2025-03-02,2025,3,77.3,65.5,Smart TV
11026,438,1,2025-01-07,2025,1,107.1,90.8,Desktop
11027,478,1,2025-02-21,2025,2,104.1,88.2,Tablet
11028,628,1,2025-03-16,2025,3,107.0,90.7,Desktop
11029,960,1,2025-02-27,2025,2,106.0,89.8,Laptop
11030,413,1,2025-03-27,2025,3,103.2,87.5,Laptop
11031,80,1,2025-01-09,2025,1,90.3,76.5,Mobile
11032,875,1,2025-02-27,2025,2,105.8,89.7,Laptop
11033,633,1,2025-03-21,2025,3,96.9,82.1,Smart TV
11034,718,1,2025-02-27,2025,2,106.3,90.1,Smart TV
11035,223,1,2025-03-14,2025,3,97.8,82.9,Mobile
11036,969,1,2025-01-06,2025,1,98.9,83.8,Mobile
11037,631,1,2025-04-21,2025,4,93.2,79.0,Laptop
11038,49,1,2025-03-26,2025,3,113.3,96.0,Laptop
11039,651,1,2025-01-24,2025,1,85.9,72.8,Mobile
11040,68,1,2025-01-19,2025,1,110.8,93.9,Tablet
11041,835,1,2025-04-14,2025,4,114.6,97.1,Laptop
11042,146,1,2025-01-17,2025,1,113.6,96.3,Laptop
11043,955,1,2025-03-14,2025,3,106.8,90.5,Smart TV
11044,665,1,2025-04-02,2025,4,111.6,94.6,Smart TV
11045,783,1,2025-03-12,2025,3,83.2,70.5,Laptop
11046,238,1,2025-01-28,2025,1,85.0,72.0,Mobile
11047,442,1,2025-05-07,2025,5,97.7,82.8,Desktop
11048,901,1,2025-03-27,2025,3,99.8,84.6,Laptop
11049,934,1,2025-04-23,2025,4,97.9,83.0,Tablet
11050,41,1,2025-03-04,2025,3,85.1,72.1,Desktop
11051,540,1,2025-04-14,2025,4,106.6,90.3,Laptop
11052,920,1,2025-01-09,2025,1,108.3,91.8,Mobile
11053,379,1,2025-03-05,2025,3,102.0,86.4,Tablet
11054,132,1,2025-01-31,2025,1,103.0,87.3,Smart TV
11055,507,1,2025-01-16,2025,1,94.8,80.3,Laptop
11056,959,1,2025-04-29,2025,4,101.1,85.7,Mobile
11057,187,1,2025-02-21,2025,2,93.9,79.6,Smart TV
11058,413,1,2025-04-22,2025,4,88.6,75.1,Laptop
11059,348,1,2025-04-13,2025,4,100.9,85.5,Laptop
11060,729,1,2025-02-18,2025,2,107.1,90.8,Smart TV
11061,457,1,2025-01-09,2025,1,108.9,92.3,Tablet
11062,663,1,2025-03-12,2025,3,100.5,85.2,Mobile
11063,532,1,2025-03-27,2025,3,77.2,65.4,Tablet
11064,643,1,2025-01-09,2025,1,81.8,69.3,Tablet
11065,542,1,2025-02-03,2025,2,104.3,88.4,Laptop
11066,51,1,2025-01-08,2025,1,87.4,74.1,Tablet
11067,846,1,2025-02-03,2025,2,108.0,91.5,Desktop
11068,262,1,2025-01-22,2025,1,93.0,78.8,Smart TV
11069,453,1,2025-03-19,2025,3,109.2,92.5,Tablet
11070,400,1,2025-02-24,2025,2,113.6,96.3,Laptop
11071,317,1,2025-03-10,2025,3,107.5,91.1,Tablet
11072,120,1,2025-01-16,2025,1,101.8,86.3,Mobile
11073,417,1,2025-01-09,2025,1,101.4,85.9,Tablet
11074,735,1,2025-02-26,2025,2,104.7,88.7,Laptop
11075,844,1,2025-02-27,2025,2,99.6,84.4,Desktop
11076,428,1,2025-02-26,2025,2,114.5,97.0,Laptop
11077,384,1,2025-03-31,2025,3,85.8,72.7,Smart TV
11078,709,1,2025-05-07,2025,5,91.6,77.6,Mobile
11079,656,1,2025-03-08,2025,3,109.3,92.6,Desktop
11080,108,1,2025-02-10,2025,2,98.1,83.1,Laptop
11081,876,1,2025-02-06,2025,2,85.4,72.4,Smart TV
11082,811,1,2025-02-12,2025,2,93.0,78.8,Laptop
11083,352,1,2025-03-26,2025,3,98.8,83.7,Tablet
11084,653,1,2025-04-14,2025,4,78.1,66.2,Tablet
11085,616,1,2025-04-11,2025,4,106.6,90.3,Tablet
11086,915,1,2025-02-26,2025,2,104.7,88.7,Laptop
11087,647,1,2025-03-23,2025,3,96.6,81.9,Smart TV
11088,28,1,2025-05-07,2025,5,76.7,65.0,Tablet
11089,201,1,2025-01-14,2025,1,108.0,91.5,Laptop
11090,107,1,2025-01-20,2025,1,99.7,84.5,Laptop
11091,602,1,2025-01-23,2025,1,84.7,71.8,Smart TV
11092,589,1,2025-03-22,2025,3,102.2,86.6,Tablet
11093,459,1,2025-03-30,2025,3,85.9,72.8,Mobile
11094,376,1,2025-02-16,2025,2,95.5,80.9,Smart TV
11095,335,1,2025-04-19,2025,4,109.5,92.8,Tablet
11096,481,1,2025-02-06,2025,2,104.4,88.5,Laptop
11097,442,1,2025-02-11,2025,2,87.4,74.1,Tablet
11098,316,1,2025-04-27,2025,4,87.4,74.1,Laptop
11099,222,1,2025-02-26,2025,2,94.2,79.8,Desktop
11100,763,1,2025-01-18,2025,1,108.1,91.6,Mobile
11101,190,1,2025-01-17,2025,1,80.4,68.1,Mobile
11102,4,1,2025-02-23,2025,2,93.7,79.4,Desktop
11103,416,1,2025-01-06,2025,1,99.4,84.2,Tablet
11104,349,1,2025-01-21,2025,1,106.4,90.2,Mobile
11105,742,1,2025-02-05,2025,2,101.0,85.6,Tablet
11106,49,1,2025-03-21,2025,3,97.8,82.9,Smart TV
11107,450,1,2025-01-22,2025,1,96.6,81.9,Mobile
11108,588,1,2025-01-31,2025,1,116.0,98.3,Mobile
11109,753,1,2025-03-15,2025,3,95.5,80.9,Desktop
11110,200,1,2025-04-12,2025,4,88.7,75.2,Laptop
11111,751,1,2025-01-01,2025,1,98.3,83.3,Laptop
11112,43,1,2025-02-20,2025,2,111.2,94.2,Tablet
11113,933,1,2025-03-22,2025,3,85.1,72.1,Laptop
11114,938,1,2025-03-11,2025,3,101.2,85.8,Laptop
11115,686,1,2025-02-14,2025,2,85.8,72.7,Tablet
11116,257,1,2025-03-16,2025,3,111.5,94.5,Mobile
11117,106,1,2025-04-26,2025,4,107.1,90.8,Mobile
11118,814,1,2025-04-24,2025,4,105.5,89.4,Mobile
11119,551,1,2025-03-14,2025,3,96.6,81.9,Tablet
11120,765,1,2025-01-05,2025,1,93.8,79.5,Tablet
11121,148,1,2025-02-01,2025,2,113.0,95.8,Mobile
11122,857,1,2025-02-16,2025,2,85.4,72.4,Tablet
11123,323,1,2025-01-16,2025,1,103.6,87.8,Tablet
11124,605,1,2025-04-12,2025,4,88.6,75.1,Desktop
11125,418,1,2025-01-04,2025,1,95.3,80.8,Tablet
11126,363,1,2025-01-30,2025,1,82.8,70.2,Laptop
11127,696,1,2025-04-12,2025,4,90.3,76.5,Smart TV
11128,184,1,2025-01-05,2025,1,100.5,85.2,Mobile
11129,924,1,2025-02-06,2025,2,90.5,76.7,Mobile
11130,955,1,2025-02-28,2025,2,99.4,84.2,Smart TV
11131,147,1,2025-03-13,2025,3,99.6,84.4,Desktop
11132,954,1,2025-05-02,2025,5,103.5,87.7,Laptop
11133,935,1,2025-03-06,2025,3,102.5,86.9,Tablet
11134,499,1,2025-04-30,2025,4,93.7,79.4,Desktop
11135,746,1,2025-02-20,2025,2,78.5,66.5,Tablet
11136,793,1,2025-02-20,2025,2,115.4,97.8,Tablet
11137,684,1,2025-04-21,2025,4,101.5,86.0,Smart TV
11138,928,1,2025-03-06,2025,3,107.7,91.3,Desktop
11139,59,1,2025-01-16,2025,1,84.4,71.5,Smart TV
11140,34,1,2025-03-25,2025,3,95.8,81.2,Desktop
11141,155,1,2025-05-01,2025,5,90.0,76.3,Smart TV
11142,373,1,2025-04-29,2025,4,114.1,96.7,Smart TV
11143,216,1,2025-03-01,2025,3,100.4,85.1,Mobile
11144,277,1,2025-02-06,2025,2,108.4,91.9,Mobile
11145,408,1,2025-03-25,2025,3,91.6,77.6,Smart TV
11146,271,1,2025-02-05,2025,2,102.1,86.5,Desktop
11147,409,1,2025-03-12,2025,3,91.9,77.9,Mobile
11148,286,1,2025-04-19,2025,4,84.7,71.8,Smart TV
11149,429,1,2025-01-14,2025,1,97.3,82.5,Laptop
11150,333,1,2025-03-22,2025,3,94.4,80.0,Tablet
11151,600,1,2025-02-01,2025,2,89.6,75.9,Desktop
11152,585,1,2025-03-02,2025,3,80.7,68.4,Mobile
11153,910,1,2025-04-24,2025,4,93.8,79.5,Tablet
11154,80,1,2025-04-05,2025,4,97.0,82.2,Mobile
11155,320,1,2025-03-02,2025,3,105.4,89.3,Mobile
11156,52,1,2025-01-20,2025,1,114.1,96.7,Tablet
11157,678,1,2025-04-08,2025,4,104.8,88.8,Laptop
11158,270,1,2025-02-07,2025,2,83.0,70.3,Mobile
11159,776,1,2025-04-12,2025,4,92.5,78.4,Tablet
11160,477,1,2025-04-21,2025,4,78.5,66.5,Desktop
11161,677,1,2025-02-23,2025,2,99.4,84.2,Mobile
11162,339,1,2025-01-02,2025,1,89.9,76.2,Tablet
11163,798,1,2025-04-16,2025,4,109.4,92.7,Smart TV
11164,973,1,2025-02-27,2025,2,109.0,92.4,Laptop
11165,407,1,2025-03-27,2025,3,92.6,78.5,Laptop
11166,828,1,2025-02-20,2025,2,74.9,63.5,Desktop
11167,779,1,2025-04-25,2025,4,111.0,94.1,Mobile
11168,88,1,2025-03-16,2025,3,103.4,87.6,Tablet
11169,328,1,2025-04-07,2025,4,97.2,82.4,Smart TV
11170,181,1,2025-04-21,2025,4,89.0,75.4,Tablet
11171,497,1,2025-03-19,2025,3,82.1,69.6,Mobile
11172,79,1,2025-04-15,2025,4,100.4,85.1,Laptop
11173,117,1,2025-01-24,2025,1,95.7,81.1,Smart TV
11174,698,1,2025-02-28,2025,2,88.6,75.1,Desktop
11175,80,1,2025-02-21,2025,2,103.4,87.6,Smart TV
11176,782,1,2025-01-19,2025,1,86.0,72.9,Desktop
11177,146,1,2025-04-29,2025,4,95.7,81.1,Desktop
11178,264,1,2025-01-10,2025,1,102.2,86.6,Laptop
11179,810,1,2025-04-21,2025,4,99.9,84.7,Tablet
11180,89,1,2025-03-04,2025,3,97.7,82.8,Tablet
11181,166,1,2025-01-21,2025,1,105.4,89.3,Laptop
11182,861,1,2025-03-08,2025,3,111.3,94.3,Desktop
11183,884,1,2025-04-23,2025,4,91.3,77.4,Tablet
11184,15,1,2025-03-05,2025,3,103.1,87.4,Smart TV
11185,241,1,2025-03-26,2025,3,93.2,79.0,Desktop
11186,206,1,2025-04-04,2025,4,108.9,92.3,Smart TV
11187,484,1,2025-03-07,2025,3,90.5,76.7,Mobile
11188,361,1,2025-04-17,2025,4,104.4,88.5,Smart TV
11189,873,1,2025-02-19,2025,2,97.9,83.0,Tablet
11190,392,1,2025-03-24,2025,3,101.1,85.7,Desktop
11191,968,1,2025-01-03,2025,1,100.1,84.8,Laptop
11192,428,1,2025-02-12,2025,2,91.5,77.5,Mobile
11193,51,1,2025-01-24,2025,1,108.8,92.2,Tablet
11194,374,1,2025-01-02,2025,1,104.0,88.1,Tablet
11195,675,1,2025-04-15,2025,4,76.1,64.5,Tablet
11196,895,1,2025-01-01,2025,1,104.0,88.1,Desktop
11197,37,1,2025-01-31,2025,1,111.2,94.2,Tablet
11198,821,1,2025-01-12,2025,1,92.5,78.4,Mobile
11199,222,1,2025-04-13,2025,4,99.8,84.6,Tablet
11200,844,1,2025-01-23,2025,1,100.7,85.3,Desktop
11201,234,1,2025-03-16,2025,3,88.5,75.0,Smart TV
11202,702,1,2025-02-22,2025,2,115.9,98.2,Desktop
11203,638,1,2025-02-05,2025,2,110.6,93.7,Laptop
11204,267,1,2025-01-21,2025,1,100.7,85.3,Tablet
11205,760,1,2025-04-23,2025,4,85.8,72.7,Smart TV
11206,747,1,2025-04-04,2025,4,107.6,91.2,Tablet
11207,749,1,2025-03-15,2025,3,110.4,93.6,Desktop
11208,220,1,2025-01-19,2025,1,107.4,91.0,Mobile
11209,696,1,2025-03-02,2025,3,88.4,74.9,Desktop
11210,88,1,2025-04-11,2025,4,116.1,98.4,Laptop
11211,627,1,2025-03-06,2025,3,84.5,71.6,Tablet
11212,943,1,2025-01-10,2025,1,105.3,89.2,Mobile
11213,604,1,2025-04-13,2025,4,100.9,85.5,Mobile
11214,615,1,2025-03-10,2025,3,102.4,86.8,Mobile
11215,270,1,2025-01-03,2025,1,104.2,88.3,Smart TV
11216,404,1,2025-04-03,2025,4,88.6,75.1,Smart TV
11217,276,1,2025-04-10,2025,4,94.0,79.7,Smart TV
11218,191,1,2025-03-03,2025,3,96.1,81.4,Laptop
11219,140,1,2025-02-19,2025,2,100.3,85.0,Smart TV
11220,707,1,2025-04-01,2025,4,106.4,90.2,Tablet
11221,184,1,2025-01-24,2025,1,111.2,94.2,Mobile
11222,820,1,2025-02-10,2025,2,116.8,99.0,Smart TV
11223,150,1,2025-02-10,2025,2,80.2,68.0,Mobile
11224,402,1,2025-03-21,2025,3,110.2,93.4,Smart TV
11225,796,1,2025-04-22,2025,4,89.0,75.4,Tablet
11226,260,1,2025-02-16,2025,2,83.9,71.1,Tablet
11227,347,1,2025-04-15,2025,4,106.2,90.0,Mobile
11228,433,1,2025-01-01,2025,1,102.1,86.5,Smart TV
11229,794,1,2025-05-03,2025,5,93.8,79.5,Desktop
11230,803,1,2025-02-11,2025,2,110.7,93.8,Smart TV
11231,205,1,2025-03-16,2025,3,98.3,83.3,Mobile
11232,973,1,2025-04-05,2025,4,113.3,96.0,Tablet
11233,332,1,2025-04-19,2025,4,87.1,73.8,Desktop
11234,416,1,2025-02-20,2025,2,107.3,90.9,Tablet
11235,68,1,2025-05-05,2025,5,105.6,89.5,Desktop
11236,88,1,2025-01-28,2025,1,111.7,94.7,Smart TV
11237,675,1,2025-01-01,2025,1,99.2,84.1,Smart TV
11238,755,1,2025-03-15,2025,3,85.3,72.3,Mobile
11239,551,1,2025-02-03,2025,2,114.6,97.1,Laptop
11240,949,1,2025-02-16,2025,2,110.1,93.3,Tablet
11241,960,1,2025-01-28,2025,1,98.5,83.5,Desktop
11242,349,1,2025-04-26,2025,4,108.3,91.8,Tablet
11243,470,1,2025-04-23,2025,4,107.0,90.7,Tablet
11244,665,1,2025-04-22,2025,4,96.2,81.5,Desktop
11245,634,1,2025-05-01,2025,5,107.4,91.0,Mobile
11246,965,1,2025-05-03,2025,5,103.4,87.6,Tablet
11247,600,1,2025-02-26,2025,2,97.7,82.8,Smart TV
11248,142,1,2025-01-26,2025,1,96.8,82.0,Laptop
11249,586,1,2025-04-01,2025,4,102.8,87.1,Laptop
11250,703,1,2025-01-14,2025,1,109.7,93.0,Smart TV
11251,462,1,2025-03-27,2025,3,73.6,62.4,Laptop
11252,202,1,2025-04-24,2025,4,105.6,89.5,Smart TV
11253,304,1,2025-03-19,2025,3,84.4,71.5,Tablet
11254,160,1,2025-02-25,2025,2,89.6,75.9,Tablet
11255,480,1,2025-03-02,2025,3,107.7,91.3,Laptop
11256,152,1,2025-01-24,2025,1,86.8,73.6,Smart TV
11257,697,1,2025-02-08,2025,2,86.1,73.0,Mobile
11258,830,1,2025-04-02,2025,4,108.4,91.9,Tablet
11259,197,1,2025-05-05,2025,5,101.0,85.6,Desktop
11260,29,1,2025-04-28,2025,4,91.2,77.3,Tablet
11261,209,1,2025-01-14,2025,1,99.2,84.1,Mobile
11262,33,1,2025-03-26,2025,3,88.5,75.0,Laptop
11263,554,1,2025-01-31,2025,1,106.8,90.5,Laptop
11264,16,1,2025-03-06,2025,3,107.0,90.7,Smart TV
11265,173,1,2025-03-02,2025,3,84.3,71.4,Laptop
11266,322,1,2025-01-27,2025,1,107.0,90.7,Laptop
11267,90,1,2025-05-04,2025,5,90.5,76.7,Tablet
11268,750,1,2025-01-26,2025,1,115.4,97.8,Laptop
11269,231,1,2025-01-09,2025,1,106.1,89.9,Mobile
11270,620,1,2025-03-28,2025,3,114.0,96.6,Mobile
11271,916,1,2025-02-18,2025,2,91.1,77.2,Smart TV
11272,778,1,2025-02-14,2025,2,92.4,78.3,Mobile
11273,719,1,2025-02-15,2025,2,110.4,93.6,Smart TV
11274,249,1,2025-04-30,2025,4,104.5,88.6,Desktop
11275,968,1,2025-04-26,2025,4,88.0,74.6,Laptop
11276,111,1,2025-03-04,2025,3,108.6,92.0,Desktop
11277,586,1,2025-05-04,2025,5,86.6,73.4,Smart TV
11278,34,1,2025-02-20,2025,2,112.1,95.0,Smart TV
11279,584,1,2025-05-02,2025,5,104.7,88.7,Laptop
11280,350,1,2025-04-09,2025,4,102.2,86.6,Mobile
11281,178,1,2025-04-29,2025,4,101.0,85.6,Laptop
11282,355,1,2025-02-28,2025,2,85.3,72.3,Desktop
11283,428,1,2025-03-15,2025,3,113.5,96.2,Mobile
11284,775,1,2025-03-14,2025,3,105.1,89.1,Desktop
11285,996,1,2025-01-11,2025,1,98.4,83.4,Smart TV
11286,379,1,2025-05-01,2025,5,93.7,79.4,Desktop
11287,201,1,2025-01-14,2025,1,112.0,94.9,Laptop
11288,255,1,2025-04-04,2025,4,98.1,83.1,Mobile
11289,206,1,2025-01-28,2025,1,112.1,95.0,Tablet
11290,114,1,2025-04-11,2025,4,90.7,76.9,Tablet
11291,709,1,2025-02-07,2025,2,109.7,93.0,Mobile
11292,442,1,2025-01-13,2025,1,98.4,83.4,Mobile
11293,327,1,2025-02-04,2025,2,91.6,77.6,Tablet
11294,699,1,2025-01-03,2025,1,100.2,84.9,Smart TV
11295,392,1,2025-03-02,2025,3,82.6,70.0,Tablet
11296,718,1,2025-02-03,2025,2,100.2,84.9,Tablet
11297,621,1,2025-04-07,2025,4,111.9,94.8,Laptop
11298,987,1,2025-01-31,2025,1,108.7,92.1,Smart TV
11299,111,1,2025-02-28,2025,2,108.3,91.8,Desktop
11300,310,1,2025-04-20,2025,4,71.6,60.7,Tablet
11301,637,1,2025-04-09,2025,4,99.1,84.0,Desktop
11302,437,1,2025-02-27,2025,2,115.5,97.9,Mobile
11303,280,1,2025-01-12,2025,1,102.2,86.6,Smart TV
11304,628,1,2025-01-26,2025,1,81.5,69.1,Mobile
11305,661,1,2025-02-18,2025,2,110.9,94.0,Desktop
11306,948,1,2025-04-24,2025,4,104.4,88.5,Laptop
11307,762,1,2025-03-30,2025,3,112.7,95.5,Tablet
11308,707,1,2025-02-03,2025,2,100.4,85.1,Laptop
11309,15,1,2025-04-24,2025,4,108.1,91.6,Mobile
11310,623,1,2025-04-16,2025,4,86.8,73.6,Laptop
11311,353,1,2025-02-01,2025,2,110.6,93.7,Tablet
11312,998,1,2025-02-12,2025,2,94.9,80.4,Mobile
11313,267,1,2025-02-20,2025,2,109.5,92.8,Tablet
11314,115,1,2025-02-07,2025,2,106.3,90.1,Desktop
11315,866,1,2025-04-04,2025,4,111.4,94.4,Laptop
11316,51,1,2025-01-30,2025,1,103.6,87.8,Tablet
11317,129,1,2025-04-19,2025,4,96.8,82.0,Laptop
11318,289,1,2025-02-14,2025,2,98.8,83.7,Desktop
11319,648,1,2025-01-08,2025,1,103.0,87.3,Mobile
11320,265,1,2025-01-17,2025,1,95.9,81.3,Mobile
11321,632,1,2025-02-15,2025,2,97.2,82.4,Tablet
11322,694,1,2025-04-04,2025,4,80.8,68.5,Desktop
11323,339,1,2025-03-24,2025,3,94.8,80.3,Desktop
11324,774,1,2025-03-08,2025,3,89.0,75.4,Mobile
11325,964,1,2025-01-27,2025,1,87.1,73.8,Desktop
11326,438,1,2025-03-04,2025,3,101.0,85.6,Laptop
11327,208,1,2025-04-30,2025,4,96.1,81.4,Laptop
11328,633,1,2025-03-16,2025,3,84.7,71.8,Desktop
11329,475,1,2025-04-23,2025,4,108.0,91.5,Tablet
11330,254,1,2025-03-07,2025,3,96.2,81.5,Tablet
11331,721,1,2025-04-13,2025,4,105.0,89.0,Smart TV
11332,146,1,2025-02-12,2025,2,106.4,90.2,Laptop
11333,233,1,2025-03-04,2025,3,106.0,89.8,Smart TV
11334,432,1,2025-02-21,2025,2,88.5,75.0,Tablet
11335,100,1,2025-01-10,2025,1,99.5,84.3,Mobile
11336,989,1,2025-04-14,2025,4,98.8,83.7,Smart TV
11337,989,1,2025-03-23,2025,3,95.5,80.9,Laptop
11338,356,1,2025-05-06,2025,5,89.4,75.8,Laptop
11339,948,1,2025-02-17,2025,2,108.7,92.1,Tablet
11340,682,1,2025-03-14,2025,3,101.2,85.8,Laptop
11341,515,1,2025-04-10,2025,4,105.0,89.0,Desktop
11342,270,1,2025-03-10,2025,3,97.9,83.0,Mobile
11343,622,1,2025-03-15,2025,3,106.9,90.6,Smart TV
11344,534,1,2025-02-12,2025,2,94.9,80.4,Laptop
11345,125,1,2025-02-27,2025,2,103.0,87.3,Desktop
11346,307,1,2025-04-27,2025,4,90.6,76.8,Laptop
11347,919,1,2025-03-14,2025,3,106.2,90.0,Laptop
11348,163,1,2025-04-27,2025,4,82.0,69.5,Laptop
11349,318,1,2025-04-03,2025,4,110.4,93.6,Mobile
11350,594,1,2025-02-21,2025,2,99.5,84.3,Tablet
11351,151,1,2025-02-09,2025,2,111.6,94.6,Desktop
11352,977,1,2025-05-02,2025,5,96.2,81.5,Laptop
11353,34,1,2025-02-09,2025,2,77.2,65.4,Laptop
11354,163,1,2025-04-06,2025,4,105.4,89.3,Tablet
11355,652,1,2025-03-30,2025,3,99.6,84.4,Mobile
11356,206,1,2025-02-17,2025,2,91.9,77.9,Tablet
11357,442,1,2025-02-18,2025,2,112.6,95.4,Smart TV
11358,52,1,2025-05-04,2025,5,99.2,84.1,Tablet
11359,585,1,2025-04-14,2025,4,103.7,87.9,Laptop
11360,79,1,2025-03-27,2025,3,104.7,88.7,Desktop
11361,29,1,2025-02-20,2025,2,106.2,90.0,Laptop
11362,785,1,2025-04-15,2025,4,114.1,96.7,Mobile
11363,637,1,2025-04-19,2025,4,93.2,79.0,Tablet
11364,174,1,2025-04-16,2025,4,108.6,92.0,Smart TV
11365,288,1,2025-05-02,2025,5,108.7,92.1,Mobile
11366,372,1,2025-04-03,2025,4,79.4,67.3,Mobile
11367,730,1,2025-04-05,2025,4,81.3,68.9,Mobile
11368,526,1,2025-01-20,2025,1,102.5,86.9,Smart TV
11369,54,1,2025-03-17,2025,3,86.8,73.6,Laptop
11370,91,1,2025-04-07,2025,4,106.1,89.9,Desktop
11371,30,1,2025-01-01,2025,1,88.7,75.2,Laptop
11372,46,1,2025-01-09,2025,1,108.2,91.7,Mobile
11373,312,1,2025-02-26,2025,2,92.2,78.1,Tablet
11374,181,1,2025-03-20,2025,3,102.8,87.1,Laptop
11375,380,1,2025-02-11,2025,2,85.8,72.7,Tablet
11376,517,1,2025-01-25,2025,1,106.0,89.8,Mobile
11377,259,1,2025-03-20,2025,3,113.8,96.4,Tablet
11378,354,1,2025-03-03,2025,3,106.2,90.0,Laptop
11379,321,1,2025-02-18,2025,2,112.3,95.2,Laptop
11380,291,1,2025-01-18,2025,1,109.2,92.5,Smart TV
11381,201,1,2025-01-27,2025,1,109.2,92.5,Smart TV
11382,796,1,2025-04-26,2025,4,109.9,93.1,Desktop
11383,558,1,2025-04-25,2025,4,94.2,79.8,Tablet
11384,351,1,2025-01-09,2025,1,102.7,87.0,Mobile
11385,213,1,2025-04-02,2025,4,93.6,79.3,Smart TV
11386,811,1,2025-01-07,2025,1,102.4,86.8,Laptop
11387,92,1,2025-01-27,2025,1,79.4,67.3,Tablet
11388,814,1,2025-01-07,2025,1,97.7,82.8,Laptop
11389,678,1,2025-04-20,2025,4,107.1,90.8,Desktop
11390,43,1,2025-01-26,2025,1,96.3,81.6,Desktop
11391,249,1,2025-04-22,2025,4,116.6,98.8,Mobile
11392,989,1,2025-03-04,2025,3,105.7,89.6,Smart TV
11393,209,1,2025-02-06,2025,2,106.6,90.3,Smart TV
11394,958,1,2025-04-07,2025,4,106.3,90.1,Mobile
11395,981,1,2025-04-08,2025,4,106.2,90.0,Tablet
11396,114,1,2025-03-12,2025,3,106.7,90.4,Smart TV
11397,852,1,2025-05-05,2025,5,84.1,71.3,Desktop
11398,164,1,2025-01-12,2025,1,108.6,92.0,Mobile
11399,906,1,2025-02-25,2025,2,105.3,89.2,Desktop
11400,169,1,2025-05-04,2025,5,90.6,76.8,Desktop
11401,951,1,2025-02-18,2025,2,99.5,84.3,Desktop
11402,117,1,2025-03-28,2025,3,83.1,70.4,Mobile
11403,558,1,2025-04-13,2025,4,113.2,95.9,Mobile
11404,158,1,2025-04-29,2025,4,110.4,93.6,Desktop
11405,571,1,2025-01-31,2025,1,110.9,94.0,Desktop
11406,697,1,2025-03-03,2025,3,111.6,94.6,Smart TV
11407,817,1,2025-04-18,2025,4,105.4,89.3,Laptop
11408,461,1,2025-03-19,2025,3,110.8,93.9,Smart TV
11409,802,1,2025-02-15,2025,2,98.3,83.3,Laptop
11410,676,1,2025-01-09,2025,1,111.4,94.4,Desktop
11411,672,1,2025-03-29,2025,3,89.2,75.6,Laptop
11412,932,1,2025-04-10,2025,4,99.1,84.0,Smart TV
11413,536,1,2025-02-20,2025,2,91.9,77.9,Desktop
11414,719,1,2025-02-20,2025,2,87.8,74.4,Mobile
11415,680,1,2025-01-21,2025,1,91.1,77.2,Laptop
11416,992,1,2025-03-21,2025,3,86.8,73.6,Smart TV
11417,73,1,2025-03-02,2025,3,104.4,88.5,Desktop
11418,78,1,2025-02-03,2025,2,94.8,80.3,Desktop
11419,46,1,2025-03-18,2025,3,104.7,88.7,Smart TV
11420,638,1,2025-03-28,2025,3,96.3,81.6,Tablet
11421,142,1,2025-03-08,2025,3,111.2,94.2,Desktop
11422,248,1,2025-03-20,2025,3,95.5,80.9,Desktop
11423,974,1,2025-03-23,2025,3,108.1,91.6,Mobile
11424,26,1,2025-02-19,2025,2,109.9,93.1,Tablet
11425,232,1,2025-01-29,2025,1,90.3,76.5,Desktop
11426,189,1,2025-02-26,2025,2,97.0,82.2,Laptop
11427,840,1,2025-01-28,2025,1,113.2,95.9,Laptop
11428,554,1,2025-03-27,2025,3,80.5,68.2,Smart TV
11429,709,1,2025-02-08,2025,2,102.9,87.2,Tablet
11430,534,1,2025-03-20,2025,3,102.8,87.1,Smart TV
11431,242,1,2025-05-04,2025,5,102.3,86.7,Desktop
11432,354,1,2025-04-03,2025,4,95.1,80.6,Smart TV
11433,28,1,2025-01-10,2025,1,72.5,61.4,Mobile
11434,650,1,2025-03-31,2025,3,113.3,96.0,Laptop
11435,695,1,2025-02-09,2025,2,94.0,79.7,Laptop
11436,564,1,2025-04-19,2025,4,94.3,79.9,Desktop
11437,145,1,2025-01-01,2025,1,99.0,83.9,Mobile
11438,376,1,2025-01-14,2025,1,108.6,92.0,Desktop
11439,877,1,2025-05-05,2025,5,99.6,84.4,Smart TV
11440,695,1,2025-01-18,2025,1,88.3,74.8,Tablet
11441,468,1,2025-02-12,2025,2,104.0,88.1,Mobile
11442,138,1,2025-02-14,2025,2,108.0,91.5,Desktop
11443,961,1,2025-03-09,2025,3,91.6,77.6,Mobile
11444,27,1,2025-05-04,2025,5,115.4,97.8,Smart TV
11445,7,1,2025-03-30,2025,3,92.9,78.7,Mobile
11446,236,1,2025-03-23,2025,3,100.3,85.0,Desktop
11447,781,1,2025-01-09,2025,1,80.7,68.4,Smart TV
11448,931,1,2025-04-07,2025,4,110.7,93.8,Tablet
11449,177,1,2025-03-18,2025,3,95.5,80.9,Tablet
11450,335,1,2025-02-15,2025,2,110.8,93.9,Mobile
11451,160,1,2025-02-25,2025,2,90.4,76.6,Mobile
11452,660,1,2025-01-08,2025,1,100.4,85.1,Desktop
11453,437,1,2025-04-09,2025,4,112.3,95.2,Smart TV
11454,213,1,2025-03-31,2025,3,77.2,65.4,Smart TV
11455,163,1,2025-02-14,2025,2,84.4,71.5,Tablet
11456,440,1,2025-02-25,2025,2,109.4,92.7,Desktop
11457,626,1,2025-01-23,2025,1,85.3,72.3,Smart TV
11458,501,1,2025-02-06,2025,2,98.1,83.1,Mobile
11459,874,1,2025-01-27,2025,1,90.4,76.6,Laptop
11460,591,1,2025-04-24,2025,4,106.6,90.3,Desktop
11461,182,1,2025-03-23,2025,3,104.1,88.2,Laptop
11462,986,1,2025-02-20,2025,2,112.7,95.5,Tablet
11463,164,1,2025-01-09,2025,1,102.9,87.2,Smart TV
11464,613,1,2025-04-30,2025,4,106.8,90.5,Desktop
11465,34,1,2025-03-16,2025,3,111.2,94.2,Desktop
11466,312,1,2025-04-22,2025,4,93.8,79.5,Laptop
11467,511,1,2025-02-16,2025,2,112.0,94.9,Tablet
11468,438,1,2025-04-19,2025,4,89.4,75.8,Tablet
11469,780,1,2025-03-13,2025,3,111.5,94.5,Smart TV
11470,358,1,2025-05-04,2025,5,98.1,83.1,Laptop
11471,789,1,2025-03-07,2025,3,95.9,81.3,Tablet
11472,932,1,2025-02-09,2025,2,116.6,98.8,Tablet
11473,428,1,2025-03-16,2025,3,96.1,81.4,Laptop
11474,694,1,2025-03-05,2025,3,100.2,84.9,Mobile
11475,330,1,2025-01-16,2025,1,102.4,86.8,Laptop
11476,964,1,2025-04-17,2025,4,80.5,68.2,Tablet
11477,614,1,2025-04-04,2025,4,108.0,91.5,Tablet
11478,946,1,2025-02-05,2025,2,110.2,93.4,Mobile
11479,102,1,2025-02-17,2025,2,103.1,87.4,Mobile
11480,321,1,2025-03-20,2025,3,86.5,73.3,Laptop
11481,423,1,2025-03-06,2025,3,99.4,84.2,Laptop
11482,894,1,2025-01-22,2025,1,98.3,83.3,Tablet
11483,981,1,2025-03-20,2025,3,100.7,85.3,Laptop
11484,48,1,2025-04-19,2025,4,106.9,90.6,Mobile
11485,805,1,2025-04-10,2025,4,93.9,79.6,Tablet
11486,418,1,2025-04-18,2025,4,74.2,62.9,Tablet
11487,226,1,2025-03-06,2025,3,106.2,90.0,Smart TV
11488,517,1,2025-02-17,2025,2,78.4,66.4,Laptop
11489,105,1,2025-02-23,2025,2,86.7,73.5,Tablet
11490,339,1,2025-01-01,2025,1,110.1,93.3,Smart TV
11491,29,1,2025-03-23,2025,3,103.8,88.0,Smart TV
11492,343,1,2025-01-23,2025,1,84.8,71.9,Smart TV
11493,575,1,2025-01-02,2025,1,88.4,74.9,Laptop
11494,272,1,2025-03-31,2025,3,109.0,92.4,Smart TV
11495,920,1,2025-03-05,2025,3,96.8,82.0,Laptop
11496,980,1,2025-04-03,2025,4,83.9,71.1,Laptop
11497,524,1,2025-03-01,2025,3,92.5,78.4,Tablet
11498,646,1,2025-01-12,2025,1,94.5,80.1,Mobile
11499,135,1,2025-03-28,2025,3,103.5,87.7,Laptop
11500,283,1,2025-02-17,2025,2,107.5,91.1,Desktop
11501,613,1,2025-01-31,2025,1,106.9,90.6,Desktop
11502,321,1,2025-01-29,2025,1,111.3,94.3,Smart TV
11503,340,1,2025-03-06,2025,3,110.2,93.4,Laptop
11504,585,1,2025-03-19,2025,3,104.2,88.3,Desktop
11505,699,1,2025-03-20,2025,3,109.6,92.9,Mobile
11506,444,1,2025-03-17,2025,3,95.7,81.1,Laptop
11507,945,1,2025-04-08,2025,4,104.7,88.7,Desktop
11508,730,1,2025-02-13,2025,2,86.7,73.5,Desktop
11509,733,1,2025-03-02,2025,3,104.9,88.9,Laptop
11510,82,1,2025-01-17,2025,1,116.0,98.3,Desktop
11511,710,1,2025-01-06,2025,1,81.7,69.2,Mobile
11512,509,1,2025-03-27,2025,3,94.0,79.7,Desktop
11513,469,1,2025-02-01,2025,2,107.7,91.3,Mobile
11514,82,1,2025-02-06,2025,2,111.2,94.2,Tablet
11515,245,1,2025-01-27,2025,1,98.3,83.3,Mobile
11516,579,1,2025-03-11,2025,3,103.7,87.9,Mobile
11517,952,1,2025-04-22,2025,4,80.6,68.3,Mobile
11518,289,1,2025-03-28,2025,3,116.6,98.8,Laptop
11519,620,1,2025-04-07,2025,4,97.1,82.3,Mobile
11520,634,1,2025-03-25,2025,3,99.2,84.1,Laptop
11521,64,1,2025-01-04,2025,1,109.7,93.0,Laptop
11522,632,1,2025-03-04,2025,3,96.4,81.7,Desktop
11523,213,1,2025-02-03,2025,2,111.7,94.7,Laptop
11524,367,1,2025-03-18,2025,3,107.0,90.7,Smart TV
11525,92,1,2025-01-03,2025,1,106.6,90.3,Smart TV
11526,18,1,2025-03-28,2025,3,100.9,85.5,Laptop
11527,834,1,2025-01-12,2025,1,110.6,93.7,Smart TV
11528,559,1,2025-03-22,2025,3,112.2,95.1,Tablet
11529,329,1,2025-02-04,2025,2,102.7,87.0,Tablet
11530,561,1,2025-02-26,2025,2,88.4,74.9,Laptop
11531,36,1,2025-04-01,2025,4,96.6,81.9,Mobile
11532,343,1,2025-04-24,2025,4,85.4,72.4,Mobile
11533,588,1,2025-01-27,2025,1,99.4,84.2,Tablet
11534,778,1,2025-03-01,2025,3,115.2,97.6,Tablet
11535,849,1,2025-04-11,2025,4,102.9,87.2,Tablet
11536,674,1,2025-04-26,2025,4,78.1,66.2,Tablet
11537,95,1,2025-04-27,2025,4,105.4,89.3,Desktop
11538,283,1,2025-01-15,2025,1,90.2,76.4,Laptop
11539,836,1,2025-01-13,2025,1,88.3,74.8,Desktop
11540,269,1,2025-04-11,2025,4,110.2,93.4,Smart TV
11541,389,1,2025-04-19,2025,4,103.5,87.7,Laptop
11542,603,1,2025-04-17,2025,4,96.3,81.6,Smart TV
11543,497,1,2025-03-01,2025,3,107.0,90.7,Tablet
11544,598,1,2025-03-21,2025,3,109.7,93.0,Smart TV
11545,426,1,2025-03-18,2025,3,109.5,92.8,Mobile
11546,841,1,2025-02-17,2025,2,97.1,82.3,Laptop
11547,613,1,2025-01-04,2025,1,98.6,83.6,Mobile
11548,872,1,2025-03-09,2025,3,104.7,88.7,Tablet
11549,435,1,2025-01-16,2025,1,76.7,65.0,Smart TV
11550,729,1,2025-01-29,2025,1,95.9,81.3,Mobile
11551,674,1,2025-01-18,2025,1,77.8,65.9,Desktop
11552,782,1,2025-04-22,2025,4,92.3,78.2,Desktop
11553,726,1,2025-04-10,2025,4,97.0,82.2,Mobile
11554,343,1,2025-05-02,2025,5,108.1,91.6,Smart TV
11555,721,1,2025-02-03,2025,2,103.5,87.7,Smart TV
11556,576,1,2025-02-14,2025,2,112.3,95.2,Tablet
11557,206,1,2025-01-27,2025,1,99.9,84.7,Desktop
11558,888,1,2025-03-07,2025,3,106.0,89.8,Laptop
11559,607,1,2025-03-30,2025,3,83.1,70.4,Desktop
11560,754,1,2025-03-02,2025,3,111.0,94.1,Desktop
11561,510,1,2025-04-22,2025,4,73.0,61.9,Desktop
11562,529,1,2025-01-12,2025,1,104.3,88.4,Mobile
11563,123,1,2025-04-03,2025,4,91.1,77.2,Tablet
11564,625,1,2025-02-11,2025,2,110.6,93.7,Smart TV
11565,214,1,2025-01-26,2025,1,83.8,71.0,Smart TV
11566,171,1,2025-02-05,2025,2,82.8,70.2,Tablet
11567,13,1,2025-03-27,2025,3,99.6,84.4,Mobile
11568,149,1,2025-03-04,2025,3,100.8,85.4,Desktop
11569,427,1,2025-01-31,2025,1,91.7,77.7,Desktop
11570,497,1,2025-04-08,2025,4,108.9,92.3,Mobile
11571,862,1,2025-03-07,2025,3,106.8,90.5,Smart TV
11572,692,1,2025-05-02,2025,5,88.3,74.8,Mobile
11573,851,1,2025-03-06,2025,3,112.8,95.6,Smart TV
11574,901,1,2025-01-07,2025,1,94.2,79.8,Desktop
11575,301,1,2025-03-26,2025,3,108.9,92.3,Smart TV
11576,883,1,2025-02-10,2025,2,85.0,72.0,Tablet
11577,528,1,2025-04-10,2025,4,110.6,93.7,Desktop
11578,101,1,2025-02-23,2025,2,110.7,93.8,Desktop
11579,362,1,2025-03-02,2025,3,84.8,71.9,Mobile
11580,821,1,2025-02-07,2025,2,114.5,97.0,Laptop
11581,638,1,2025-03-17,2025,3,76.3,64.7,Smart TV
11582,524,1,2025-02-07,2025,2,87.9,74.5,Laptop
11583,784,1,2025-01-13,2025,1,100.7,85.3,Mobile
11584,553,1,2025-04-13,2025,4,108.1,91.6,Smart TV
11585,873,1,2025-03-22,2025,3,108.2,91.7,Smart TV
11586,507,1,2025-03-05,2025,3,105.5,89.4,Smart TV
11587,264,1,2025-01-05,2025,1,90.7,76.9,Mobile
11588,860,1,2025-02-13,2025,2,107.1,90.8,Tablet
11589,588,1,2025-01-22,2025,1,95.1,80.6,Mobile
11590,510,1,2025-01-29,2025,1,90.7,76.9,Laptop
11591,534,1,2025-01-15,2025,1,91.2,77.3,Desktop
11592,168,1,2025-04-08,2025,4,87.8,74.4,Mobile
11593,644,1,2025-04-23,2025,4,95.2,80.7,Smart TV
11594,628,1,2025-05-03,2025,5,112.3,95.2,Tablet
11595,632,1,2025-02-23,2025,2,102.2,86.6,Laptop
11596,414,1,2025-01-23,2025,1,82.8,70.2,Tablet
11597,976,1,2025-02-27,2025,2,74.7,63.3,Mobile
11598,428,1,2025-01-22,2025,1,79.7,67.5,Smart TV
11599,968,1,2025-01-14,2025,1,109.2,92.5,Laptop
11600,11,1,2025-02-28,2025,2,109.5,92.8,Tablet
11601,444,1,2025-02-06,2025,2,106.6,90.3,Laptop
11602,684,1,2025-04-15,2025,4,90.3,76.5,Smart TV
11603,849,1,2025-03-15,2025,3,85.9,72.8,Smart TV
11604,910,1,2025-04-03,2025,4,95.1,80.6,Mobile
11605,108,1,2025-01-31,2025,1,92.7,78.6,Desktop
11606,387,1,2025-03-11,2025,3,112.0,94.9,Desktop
11607,335,1,2025-01-04,2025,1,103.2,87.5,Desktop
11608,85,1,2025-04-18,2025,4,109.2,92.5,Laptop
11609,521,1,2025-05-01,2025,5,103.1,87.4,Desktop
11610,263,1,2025-02-15,2025,2,92.7,78.6,Desktop
11611,285,1,2025-04-05,2025,4,103.4,87.6,Smart TV
11612,361,1,2025-02-07,2025,2,99.6,84.4,Smart TV
11613,675,1,2025-04-26,2025,4,107.7,91.3,Laptop
11614,502,1,2025-02-02,2025,2,108.2,91.7,Laptop
11615,129,1,2025-03-28,2025,3,84.6,71.7,Laptop
11616,422,1,2025-01-30,2025,1,102.7,87.0,Desktop
11617,2,1,2025-05-01,2025,5,92.4,78.3,Tablet
11618,334,1,2025-01-13,2025,1,110.4,93.6,Laptop
11619,265,1,2025-02-09,2025,2,98.2,83.2,Laptop
11620,497,1,2025-02-09,2025,2,101.1,85.7,Laptop
11621,757,1,2025-02-10,2025,2,87.7,74.3,Smart TV
11622,721,1,2025-04-24,2025,4,101.0,85.6,Desktop
11623,547,1,2025-03-27,2025,3,108.4,91.9,Laptop
11624,389,1,2025-02-10,2025,2,110.2,93.4,Desktop
11625,626,1,2025-01-30,2025,1,111.2,94.2,Laptop
11626,244,1,2025-05-06,2025,5,83.0,70.3,Desktop
11627,301,1,2025-01-20,2025,1,82.5,69.9,Desktop
11628,101,1,2025-01-29,2025,1,108.0,91.5,Desktop
11629,633,1,2025-05-02,2025,5,100.7,85.3,Laptop
11630,540,1,2025-01-29,2025,1,104.0,88.1,Tablet
11631,497,1,2025-03-03,2025,3,111.2,94.2,Smart TV
11632,767,1,2025-04-10,2025,4,116.7,98.9,Mobile
11633,371,1,2025-02-02,2025,2,109.5,92.8,Smart TV
11634,264,1,2025-01-15,2025,1,87.9,74.5,Laptop
11635,994,1,2025-04-08,2025,4,115.8,98.1,Mobile
11636,734,1,2025-01-27,2025,1,109.9,93.1,Smart TV
11637,282,1,2025-04-07,2025,4,84.0,71.2,Laptop
11638,487,1,2025-01-18,2025,1,88.7,75.2,Tablet
11639,936,1,2025-01-19,2025,1,79.7,67.5,Laptop
11640,936,1,2025-01-09,2025,1,103.5,87.7,Laptop
11641,222,1,2025-04-16,2025,4,99.9,84.7,Mobile
11642,877,1,2025-02-24,2025,2,91.3,77.4,Smart TV
11643,611,1,2025-04-28,2025,4,112.2,95.1,Desktop
11644,680,1,2025-03-22,2025,3,102.3,86.7,Tablet
11645,961,1,2025-02-28,2025,2,90.2,76.4,Laptop
11646,164,1,2025-01-13,2025,1,116.1,98.4,Desktop
11647,350,1,2025-04-28,2025,4,101.5,86.0,Tablet
11648,375,1,2025-02-15,2025,2,105.7,89.6,Desktop
11649,914,1,2025-04-11,2025,4,108.2,91.7,Tablet
11650,967,1,2025-01-29,2025,1,87.7,74.3,Mobile
11651,541,1,2025-03-19,2025,3,93.2,79.0,Laptop
11652,901,1,2025-01-13,2025,1,106.8,90.5,Desktop
11653,536,1,2025-02-14,2025,2,107.7,91.3,Desktop
11654,723,1,2025-03-30,2025,3,102.9,87.2,Mobile
11655,541,1,2025-01-16,2025,1,111.7,94.7,Desktop
11656,636,1,2025-02-04,2025,2,88.7,75.2,Mobile
11657,509,1,2025-04-15,2025,4,110.9,94.0,Desktop
11658,241,1,2025-02-06,2025,2,86.3,73.1,Mobile
11659,422,1,2025-02-02,2025,2,89.2,75.6,Desktop
11660,764,1,2025-03-25,2025,3,111.2,94.2,Laptop
11661,348,1,2025-01-25,2025,1,108.8,92.2,Smart TV
11662,193,1,2025-02-06,2025,2,102.5,86.9,Tablet
11663,730,1,2025-01-13,2025,1,107.9,91.4,Tablet
11664,131,1,2025-03-22,2025,3,75.5,64.0,Mobile
11665,849,1,2025-04-29,2025,4,110.4,93.6,Smart TV
11666,190,1,2025-02-07,2025,2,87.1,73.8,Smart TV
11667,848,1,2025-03-22,2025,3,114.5,97.0,Mobile
11668,887,1,2025-01-04,2025,1,103.8,88.0,Mobile
11669,698,1,2025-04-05,2025,4,114.1,96.7,Tablet
11670,231,1,2025-01-15,2025,1,96.6,81.9,Smart TV
11671,137,1,2025-02-07,2025,2,104.8,88.8,Mobile
11672,674,1,2025-03-08,2025,3,105.0,89.0,Tablet
11673,784,1,2025-05-03,2025,5,88.3,74.8,Laptop
11674,492,1,2025-03-06,2025,3,91.5,77.5,Desktop
11675,755,1,2025-01-04,2025,1,112.1,95.0,Mobile
11676,918,1,2025-01-18,2025,1,83.0,70.3,Smart TV
11677,375,1,2025-03-05,2025,3,104.1,88.2,Desktop
11678,966,1,2025-03-17,2025,3,98.5,83.5,Desktop
11679,80,1,2025-01-07,2025,1,87.0,73.7,Mobile
11680,583,1,2025-05-07,2025,5,100.8,85.4,Smart TV
11681,483,1,2025-04-08,2025,4,87.8,74.4,Laptop
11682,298,1,2025-03-25,2025,3,104.2,88.3,Smart TV
11683,39,1,2025-02-26,2025,2,97.0,82.2,Desktop
11684,644,1,2025-04-15,2025,4,82.5,69.9,Smart TV
11685,836,1,2025-04-26,2025,4,101.8,86.3,Mobile
11686,93,1,2025-04-30,2025,4,108.0,91.5,Tablet
11687,505,1,2025-03-06,2025,3,102.9,87.2,Mobile
11688,437,1,2025-02-21,2025,2,96.1,81.4,Mobile
11689,954,1,2025-01-14,2025,1,110.7,93.8,Mobile
11690,54,1,2025-02-17,2025,2,93.0,78.8,Mobile
11691,770,1,2025-01-19,2025,1,99.6,84.4,Tablet
11692,61,1,2025-01-15,2025,1,105.3,89.2,Smart TV
11693,228,1,2025-01-13,2025,1,97.1,82.3,Laptop
11694,864,1,2025-03-02,2025,3,96.4,81.7,Mobile
11695,35,1,2025-01-03,2025,1,90.4,76.6,Tablet
11696,769,1,2025-03-10,2025,3,95.7,81.1,Laptop
11697,245,1,2025-03-16,2025,3,108.1,91.6,Tablet
11698,659,1,2025-01-31,2025,1,102.1,86.5,Tablet
11699,995,1,2025-03-23,2025,3,108.9,92.3,Mobile
11700,763,1,2025-03-30,2025,3,102.1,86.5,Laptop
11701,515,1,2025-01-10,2025,1,110.2,93.4,Smart TV
11702,882,1,2025-01-07,2025,1,112.2,95.1,Mobile
11703,179,1,2025-03-17,2025,3,108.7,92.1,Desktop
11704,163,1,2025-01-25,2025,1,97.7,82.8,Tablet
11705,996,1,2025-01-18,2025,1,95.1,80.6,Mobile
11706,96,1,2025-01-18,2025,1,103.4,87.6,Desktop
11707,957,1,2025-01-05,2025,1,107.3,90.9,Smart TV
11708,978,1,2025-04-07,2025,4,106.7,90.4,Mobile
11709,158,1,2025-02-18,2025,2,87.3,74.0,Tablet
11710,26,1,2025-02-16,2025,2,78.9,66.9,Tablet
11711,690,1,2025-02-07,2025,2,102.3,86.7,Smart TV
11712,693,1,2025-02-14,2025,2,87.7,74.3,Smart TV
11713,590,1,2025-01-21,2025,1,94.9,80.4,Tablet
11714,345,1,2025-05-03,2025,5,108.9,92.3,Laptop
11715,507,1,2025-02-18,2025,2,90.7,76.9,Mobile
11716,443,1,2025-03-19,2025,3,83.7,70.9,Laptop
11717,363,1,2025-04-26,2025,4,103.4,87.6,Mobile
11718,212,1,2025-02-19,2025,2,95.3,80.8,Laptop
11719,766,1,2025-04-29,2025,4,109.9,93.1,Laptop
11720,163,1,2025-04-17,2025,4,112.5,95.3,Tablet
11721,164,1,2025-05-07,2025,5,114.8,97.3,Tablet
11722,435,1,2025-02-27,2025,2,110.3,93.5,Smart TV
11723,172,1,2025-02-22,2025,2,111.7,94.7,Tablet
11724,400,1,2025-01-10,2025,1,100.4,85.1,Tablet
11725,603,1,2025-01-02,2025,1,93.0,78.8,Laptop
11726,770,1,2025-02-12,2025,2,112.8,95.6,Smart TV
11727,302,1,2025-04-03,2025,4,107.5,91.1,Mobile
11728,369,1,2025-03-18,2025,3,108.1,91.6,Laptop
11729,994,1,2025-05-07,2025,5,87.0,73.7,Laptop
11730,619,1,2025-02-27,2025,2,101.6,86.1,Tablet
11731,279,1,2025-01-30,2025,1,100.1,84.8,Desktop
11732,863,1,2025-05-01,2025,5,113.8,96.4,Tablet
11733,41,1,2025-03-30,2025,3,104.8,88.8,Laptop
11734,871,1,2025-04-07,2025,4,108.7,92.1,Desktop
11735,498,1,2025-04-27,2025,4,113.0,95.8,Mobile
11736,112,1,2025-02-24,2025,2,79.9,67.7,Laptop
11737,390,1,2025-04-19,2025,4,95.6,81.0,Desktop
11738,618,1,2025-02-17,2025,2,89.0,75.4,Mobile
11739,99,1,2025-04-09,2025,4,107.1,90.8,Laptop
11740,287,1,2025-04-14,2025,4,88.9,75.3,Mobile
11741,96,1,2025-02-14,2025,2,77.2,65.4,Laptop
11742,219,1,2025-04-18,2025,4,104.5,88.6,Desktop
11743,1000,1,2025-04-11,2025,4,81.2,68.8,Desktop
11744,426,1,2025-04-18,2025,4,102.1,86.5,Desktop
11745,824,1,2025-03-07,2025,3,91.6,77.6,Desktop
11746,736,1,2025-04-06,2025,4,96.4,81.7,Laptop
11747,515,1,2025-03-24,2025,3,113.2,95.9,Smart TV
11748,438,1,2025-02-03,2025,2,94.8,80.3,Desktop
11749,460,1,2025-02-17,2025,2,107.7,91.3,Tablet
11750,589,1,2025-03-14,2025,3,107.9,91.4,Tablet
11751,267,1,2025-01-18,2025,1,95.7,81.1,Laptop
11752,945,1,2025-01-21,2025,1,104.3,88.4,Mobile
11753,749,1,2025-04-09,2025,4,109.7,93.0,Smart TV
11754,394,1,2025-03-09,2025,3,88.0,74.6,Tablet
11755,335,1,2025-02-21,2025,2,101.1,85.7,Desktop
11756,507,1,2025-04-24,2025,4,105.4,89.3,Laptop
11757,64,1,2025-04-14,2025,4,106.0,89.8,Tablet
11758,536,1,2025-04-21,2025,4,104.5,88.6,Tablet
11759,930,1,2025-04-13,2025,4,100.1,84.8,Smart TV
11760,782,1,2025-02-10,2025,2,91.2,77.3,Desktop
11761,110,1,2025-02-12,2025,2,101.5,86.0,Desktop
11762,880,1,2025-02-21,2025,2,114.0,96.6,Desktop
11763,691,1,2025-04-10,2025,4,112.2,95.1,Desktop
11764,268,1,2025-02-17,2025,2,84.7,71.8,Desktop
11765,925,1,2025-01-29,2025,1,105.6,89.5,Smart TV
11766,823,1,2025-02-06,2025,2,97.9,83.0,Mobile
11767,662,1,2025-04-02,2025,4,104.7,88.7,Desktop
11768,608,1,2025-01-20,2025,1,99.6,84.4,Smart TV
11769,222,1,2025-02-26,2025,2,111.3,94.3,Mobile
11770,899,1,2025-01-02,2025,1,106.7,90.4,Desktop
11771,985,1,2025-04-12,2025,4,96.4,81.7,Desktop
11772,657,1,2025-02-19,2025,2,89.2,75.6,Mobile
11773,821,1,2025-04-09,2025,4,102.4,86.8,Tablet
11774,360,1,2025-02-27,2025,2,80.7,68.4,Smart TV
11775,835,1,2025-01-24,2025,1,79.4,67.3,Smart TV
11776,386,1,2025-01-10,2025,1,90.6,76.8,Mobile
11777,67,1,2025-02-06,2025,2,94.4,80.0,Tablet
11778,281,1,2025-04-12,2025,4,114.1,96.7,Desktop
11779,981,1,2025-03-03,2025,3,87.6,74.2,Desktop
11780,852,1,2025-05-05,2025,5,105.0,89.0,Mobile
11781,674,1,2025-01-08,2025,1,90.2,76.4,Tablet
11782,336,1,2025-03-09,2025,3,113.4,96.1,Tablet
11783,582,1,2025-04-10,2025,4,106.7,90.4,Smart TV
11784,727,1,2025-04-04,2025,4,107.9,91.4,Desktop
11785,914,1,2025-03-17,2025,3,92.6,78.5,Mobile
11786,984,1,2025-01-12,2025,1,99.4,84.2,Smart TV
11787,906,1,2025-01-05,2025,1,107.4,91.0,Tablet
11788,29,1,2025-03-21,2025,3,99.5,84.3,Desktop
11789,271,1,2025-02-22,2025,2,109.4,92.7,Desktop
11790,59,1,2025-03-12,2025,3,99.6,84.4,Smart TV
11791,488,1,2025-01-28,2025,1,114.5,97.0,Mobile
11792,999,1,2025-02-23,2025,2,108.6,92.0,Smart TV
11793,459,1,2025-02-14,2025,2,103.7,87.9,Tablet
11794,317,1,2025-02-22,2025,2,112.2,95.1,Mobile
11795,45,1,2025-01-03,2025,1,114.3,96.9,Desktop
11796,934,1,2025-03-25,2025,3,108.9,92.3,Tablet
11797,300,1,2025-01-07,2025,1,72.5,61.4,Tablet
11798,57,1,2025-01-09,2025,1,101.0,85.6,Smart TV
11799,380,1,2025-03-22,2025,3,105.5,89.4,Tablet
11800,391,1,2025-04-06,2025,4,110.3,93.5,Desktop
11801,9,1,2025-02-18,2025,2,83.8,71.0,Desktop
11802,933,1,2025-02-13,2025,2,108.2,91.7,Tablet
11803,42,1,2025-01-01,2025,1,100.7,85.3,Mobile
11804,103,1,2025-01-01,2025,1,112.0,94.9,Smart TV
11805,136,1,2025-04-03,2025,4,85.2,72.2,Tablet
11806,574,1,2025-04-17,2025,4,90.5,76.7,Desktop
11807,43,1,2025-02-10,2025,2,83.9,71.1,Mobile
11808,125,1,2025-04-29,2025,4,114.1,96.7,Mobile
11809,780,1,2025-04-28,2025,4,111.2,94.2,Mobile
11810,752,1,2025-02-18,2025,2,102.5,86.9,Laptop
11811,744,1,2025-03-17,2025,3,85.0,72.0,Tablet
11812,938,1,2025-03-01,2025,3,98.6,83.6,Desktop
11813,923,1,2025-03-03,2025,3,109.6,92.9,Mobile
11814,859,1,2025-05-06,2025,5,84.8,71.9,Desktop
11815,313,1,2025-01-11,2025,1,82.8,70.2,Tablet
11816,235,1,2025-04-18,2025,4,88.7,75.2,Smart TV
11817,762,1,2025-01-20,2025,1,96.2,81.5,Desktop
11818,391,1,2025-02-02,2025,2,108.0,91.5,Desktop
11819,960,1,2025-02-12,2025,2,100.9,85.5,Tablet
11820,125,1,2025-02-25,2025,2,99.0,83.9,Mobile
11821,65,1,2025-04-25,2025,4,110.6,93.7,Mobile
11822,889,1,2025-04-11,2025,4,87.4,74.1,Laptop
11823,260,1,2025-04-20,2025,4,93.9,79.6,Desktop
11824,400,1,2025-02-10,2025,2,95.0,80.5,Smart TV
11825,724,1,2025-02-05,2025,2,112.2,95.1,Smart TV
11826,923,1,2025-04-02,2025,4,83.0,70.3,Desktop
11827,680,1,2025-05-04,2025,5,108.4,91.9,Laptop
11828,854,1,2025-04-13,2025,4,92.5,78.4,Desktop
11829,52,1,2025-02-12,2025,2,106.0,89.8,Laptop
11830,633,1,2025-04-18,2025,4,114.3,96.9,Mobile
11831,902,1,2025-01-22,2025,1,93.7,79.4,Laptop
11832,667,1,2025-04-09,2025,4,86.5,73.3,Smart TV
11833,251,1,2025-05-04,2025,5,96.6,81.9,Smart TV
11834,119,1,2025-03-26,2025,3,99.5,84.3,Laptop
11835,295,1,2025-03-06,2025,3,98.9,83.8,Mobile
11836,865,1,2025-03-29,2025,3,113.9,96.5,Smart TV
11837,3,1,2025-01-20,2025,1,76.2,64.6,Mobile
11838,707,1,2025-01-27,2025,1,104.0,88.1,Smart TV
11839,15,1,2025-01-31,2025,1,84.5,71.6,Desktop
11840,426,1,2025-02-27,2025,2,98.3,83.3,Tablet
11841,287,1,2025-02-09,2025,2,101.2,85.8,Smart TV
11842,183,1,2025-03-07,2025,3,107.3,90.9,Desktop
11843,12,1,2025-03-05,2025,3,111.7,94.7,Desktop
11844,64,1,2025-01-06,2025,1,112.1,95.0,Laptop
11845,627,1,2025-02-25,2025,2,91.1,77.2,Desktop
11846,937,1,2025-02-19,2025,2,98.1,83.1,Tablet
11847,776,1,2025-04-18,2025,4,98.8,83.7,Desktop
11848,388,1,2025-01-05,2025,1,104.4,88.5,Desktop
11849,870,1,2025-02-25,2025,2,113.0,95.8,Laptop
11850,865,1,2025-03-20,2025,3,103.5,87.7,Mobile
11851,264,1,2025-04-12,2025,4,106.4,90.2,Mobile
11852,425,1,2025-02-08,2025,2,109.0,92.4,Desktop
11853,336,1,2025-04-21,2025,4,92.2,78.1,Laptop
11854,654,1,2025-03-06,2025,3,109.7,93.0,Laptop
11855,932,1,2025-02-22,2025,2,95.6,81.0,Tablet
11856,735,1,2025-05-02,2025,5,85.3,72.3,Tablet
11857,114,1,2025-02-14,2025,2,89.6,75.9,Smart TV
11858,477,1,2025-03-06,2025,3,107.3,90.9,Smart TV
11859,651,1,2025-04-18,2025,4,88.4,74.9,Tablet
11860,789,1,2025-01-28,2025,1,87.0,73.7,Smart TV
11861,826,1,2025-03-01,2025,3,107.7,91.3,Tablet
11862,984,1,2025-02-11,2025,2,92.2,78.1,Desktop
11863,647,1,2025-02-07,2025,2,85.9,72.8,Laptop
11864,787,1,2025-03-18,2025,3,107.9,91.4,Laptop
11865,439,1,2025-03-30,2025,3,94.2,79.8,Laptop
11866,664,1,2025-01-08,2025,1,89.2,75.6,Mobile
11867,738,1,2025-01-04,2025,1,87.4,74.1,Mobile
11868,871,1,2025-02-08,2025,2,91.2,77.3,Tablet
11869,335,1,2025-04-07,2025,4,109.9,93.1,Desktop
11870,301,1,2025-02-15,2025,2,111.3,94.3,Smart TV
11871,568,1,2025-05-07,2025,5,102.2,86.6,Smart TV
11872,140,1,2025-05-06,2025,5,91.8,77.8,Laptop
11873,741,1,2025-02-01,2025,2,90.5,76.7,Tablet
11874,428,1,2025-03-07,2025,3,108.8,92.2,Smart TV
11875,793,1,2025-04-08,2025,4,101.4,85.9,Tablet
11876,836,1,2025-02-16,2025,2,107.9,91.4,Laptop
11877,311,1,2025-03-19,2025,3,111.4,94.4,Smart TV
11878,681,1,2025-01-01,2025,1,114.6,97.1,Smart TV
11879,862,1,2025-03-31,2025,3,104.0,88.1,Mobile
11880,116,1,2025-01-26,2025,1,91.2,77.3,Tablet
11881,655,1,2025-02-20,2025,2,82.2,69.7,Desktop
11882,80,1,2025-04-26,2025,4,96.3,81.6,Tablet
11883,494,1,2025-05-05,2025,5,74.6,63.2,Laptop
11884,898,1,2025-01-12,2025,1,85.1,72.1,Mobile
11885,365,1,2025-04-06,2025,4,107.9,91.4,Mobile
11886,652,1,2025-02-18,2025,2,109.5,92.8,Smart TV
11887,71,1,2025-02-15,2025,2,91.6,77.6,Laptop
11888,165,1,2025-03-12,2025,3,82.2,69.7,Laptop
11889,559,1,2025-03-01,2025,3,110.6,93.7,Tablet
11890,346,1,2025-01-05,2025,1,102.9,87.2,Mobile
11891,386,1,2025-01-26,2025,1,111.3,94.3,Tablet
11892,902,1,2025-03-23,2025,3,96.3,81.6,Laptop
11893,909,1,2025-02-26,2025,2,109.0,92.4,Desktop
11894,772,1,2025-04-11,2025,4,107.6,91.2,Mobile
11895,893,1,2025-04-13,2025,4,96.5,81.8,Mobile
11896,672,1,2025-05-01,2025,5,103.6,87.8,Mobile
11897,64,1,2025-01-04,2025,1,104.7,88.7,Laptop
11898,302,1,2025-01-29,2025,1,76.0,64.4,Smart TV
11899,471,1,2025-03-04,2025,3,90.9,77.0,Mobile
11900,694,1,2025-02-18,2025,2,95.2,80.7,Desktop
11901,297,1,2025-01-19,2025,1,99.0,83.9,Tablet
11902,644,1,2025-01-25,2025,1,102.2,86.6,Desktop
11903,178,1,2025-02-18,2025,2,110.2,93.4,Smart TV
11904,893,1,2025-02-20,2025,2,108.8,92.2,Tablet
11905,755,1,2025-01-29,2025,1,106.0,89.8,Mobile
11906,90,1,2025-02-09,2025,2,91.8,77.8,Mobile
11907,470,1,2025-02-13,2025,2,91.0,77.1,Desktop
11908,516,1,2025-04-21,2025,4,109.9,93.1,Tablet
11909,81,1,2025-02-05,2025,2,84.7,71.8,Smart TV
11910,443,1,2025-04-03,2025,4,111.2,94.2,Smart TV
11911,607,1,2025-01-29,2025,1,78.2,66.3,Tablet
11912,687,1,2025-04-13,2025,4,92.2,78.1,Tablet
11913,910,1,2025-01-15,2025,1,93.2,79.0,Smart TV
11914,519,1,2025-04-04,2025,4,89.8,76.1,Desktop
11915,894,1,2025-04-06,2025,4,81.4,69.0,Tablet
11916,308,1,2025-04-01,2025,4,106.7,90.4,Desktop
11917,744,1,2025-03-18,2025,3,109.4,92.7,Laptop
11918,894,1,2025-01-07,2025,1,95.9,81.3,Laptop
11919,673,1,2025-03-02,2025,3,92.3,78.2,Desktop
11920,810,1,2025-03-16,2025,3,93.7,79.4,Laptop
11921,137,1,2025-04-12,2025,4,100.9,85.5,Desktop
11922,496,1,2025-04-13,2025,4,109.2,92.5,Laptop
11923,342,1,2025-04-15,2025,4,103.7,87.9,Desktop
11924,570,1,2025-05-01,2025,5,103.2,87.5,Smart TV
11925,192,1,2025-04-29,2025,4,108.6,92.0,Laptop
11926,354,1,2025-03-30,2025,3,93.7,79.4,Laptop
11927,156,1,2025-01-16,2025,1,76.9,65.2,Mobile
11928,308,1,2025-03-23,2025,3,103.2,87.5,Tablet
11929,122,1,2025-01-15,2025,1,107.6,91.2,Tablet
11930,457,1,2025-03-09,2025,3,94.8,80.3,Laptop
11931,381,1,2025-01-27,2025,1,102.5,86.9,Mobile
11932,739,1,2025-02-14,2025,2,98.8,83.7,Desktop
11933,560,1,2025-02-18,2025,2,97.0,82.2,Smart TV
11934,1000,1,2025-04-06,2025,4,98.5,83.5,Smart TV
11935,870,1,2025-04-11,2025,4,90.4,76.6,Desktop
11936,347,1,2025-04-13,2025,4,91.6,77.6,Mobile
11937,34,1,2025-04-06,2025,4,105.4,89.3,Smart TV
11938,671,1,2025-02-14,2025,2,107.0,90.7,Smart TV
11939,610,1,2025-02-12,2025,2,110.1,93.3,Smart TV
11940,888,1,2025-03-23,2025,3,96.4,81.7,Smart TV
11941,466,1,2025-04-18,2025,4,109.2,92.5,Smart TV
11942,109,1,2025-01-23,2025,1,109.0,92.4,Smart TV
11943,319,1,2025-02-16,2025,2,101.6,86.1,Tablet
11944,827,1,2025-01-05,2025,1,85.5,72.5,Mobile
11945,756,1,2025-04-15,2025,4,85.2,72.2,Tablet
11946,360,1,2025-01-16,2025,1,100.4,85.1,Smart TV
11947,374,1,2025-03-13,2025,3,89.4,75.8,Smart TV
11948,914,1,2025-02-07,2025,2,109.4,92.7,Smart TV
11949,128,1,2025-02-13,2025,2,83.2,70.5,Tablet
11950,594,1,2025-02-09,2025,2,94.4,80.0,Desktop
11951,508,1,2025-04-24,2025,4,102.1,86.5,Mobile
11952,469,1,2025-04-30,2025,4,81.9,69.4,Laptop
11953,974,1,2025-03-29,2025,3,110.8,93.9,Smart TV
11954,357,1,2025-04-25,2025,4,106.1,89.9,Desktop
11955,698,1,2025-03-16,2025,3,83.1,70.4,Mobile
11956,936,1,2025-02-14,2025,2,108.2,91.7,Laptop
11957,552,1,2025-04-25,2025,4,107.9,91.4,Smart TV
11958,339,1,2025-02-25,2025,2,87.7,74.3,Tablet
11959,219,1,2025-03-20,2025,3,98.3,83.3,Laptop
11960,204,1,2025-03-28,2025,3,108.1,91.6,Mobile
11961,441,1,2025-01-11,2025,1,107.7,91.3,Mobile
11962,660,1,2025-03-18,2025,3,104.0,88.1,Desktop
11963,431,1,2025-03-26,2025,3,101.6,86.1,Tablet
11964,572,1,2025-02-07,2025,2,87.3,74.0,Tablet
11965,493,1,2025-02-12,2025,2,84.4,71.5,Smart TV
11966,407,1,2025-03-26,2025,3,98.8,83.7,Smart TV
11967,49,1,2025-03-30,2025,3,103.2,87.5,Laptop
11968,37,1,2025-04-16,2025,4,97.0,82.2,Desktop
11969,608,1,2025-01-14,2025,1,105.7,89.6,Smart TV
11970,751,1,2025-03-11,2025,3,94.4,80.0,Tablet
11971,531,1,2025-02-12,2025,2,102.5,86.9,Laptop
11972,299,1,2025-01-11,2025,1,98.2,83.2,Desktop
11973,243,1,2025-01-27,2025,1,84.1,71.3,Mobile
11974,90,1,2025-02-10,2025,2,96.9,82.1,Desktop
11975,326,1,2025-02-09,2025,2,114.0,96.6,Smart TV
11976,397,1,2025-04-06,2025,4,109.6,92.9,Mobile
11977,531,1,2025-01-06,2025,1,97.2,82.4,Mobile
11978,733,1,2025-02-01,2025,2,107.4,91.0,Tablet
11979,256,1,2025-01-22,2025,1,91.1,77.2,Laptop
11980,758,1,2025-01-16,2025,1,102.1,86.5,Smart TV
11981,149,1,2025-03-18,2025,3,105.0,89.0,Tablet
11982,839,1,2025-02-15,2025,2,97.5,82.6,Smart TV
11983,712,1,2025-04-25,2025,4,81.3,68.9,Tablet
11984,753,1,2025-04-14,2025,4,91.5,77.5,Desktop
11985,528,1,2025-05-03,2025,5,98.8,83.7,Laptop
11986,524,1,2025-02-07,2025,2,105.6,89.5,Laptop
11987,316,1,2025-04-29,2025,4,110.3,93.5,Mobile
11988,5,1,2025-03-01,2025,3,104.7,88.7,Laptop
11989,835,1,2025-03-28,2025,3,107.7,91.3,Tablet
11990,756,1,2025-03-04,2025,3,99.7,84.5,Laptop
11991,125,1,2025-03-24,2025,3,110.9,94.0,Tablet
11992,842,1,2025-04-18,2025,4,107.3,90.9,Laptop
11993,889,1,2025-01-13,2025,1,100.7,85.3,Mobile
11994,412,1,2025-02-01,2025,2,89.7,76.0,Smart TV
11995,907,1,2025-02-16,2025,2,90.6,76.8,Smart TV
11996,723,1,2025-02-25,2025,2,89.6,75.9,Laptop
11997,468,1,2025-04-05,2025,4,95.9,81.3,Desktop
11998,834,1,2025-02-18,2025,2,97.6,82.7,Mobile
11999,465,1,2025-01-08,2025,1,89.1,75.5,Laptop
12000,24,1,2025-02-28,2025,2,106.6,90.3,Tablet
